center_id,ts_bucket,agents_scheduled,agents_logged_in,shrinkage_pct,sla_target_sec
SC-101,2026-06-30 00:00:00,24.28,18.01,25.8,60.0
SC-101,2026-06-30 00:30:00,25.17,18.8,25.3,60.0
SC-101,2026-06-30 01:00:00,28.62,19.61,31.48,60.0
SC-101,2026-06-30 01:30:00,26.3,20.68,21.38,60.0
SC-101,2026-06-30 02:00:00,23.38,17.94,23.25,60.0
SC-101,2026-06-30 02:30:00,26.76,19.25,28.04,60.0
SC-101,2026-06-30 03:00:00,27.06,18.71,30.85,60.0
SC-101,2026-06-30 03:30:00,26.85,19.78,26.33,60.0
SC-101,2026-06-30 04:00:00,27.5,20.78,24.45,60.0
SC-101,2026-06-30 04:30:00,30.4,21.44,29.46,60.0
SC-101,2026-06-30 05:00:00,25.25,19.36,23.34,60.0
SC-101,2026-06-30 05:30:00,35.03,25.63,26.85,60.0
SC-101,2026-06-30 06:00:00,38.94,28.12,27.79,60.0
SC-101,2026-06-30 06:30:00,43.87,30.43,30.63,60.0
SC-101,2026-06-30 07:00:00,58.87,40.72,30.82,60.0
SC-101,2026-06-30 07:30:00,61.55,49.47,19.64,60.0
SC-101,2026-06-30 08:00:00,91.74,58.49,36.24,60.0
SC-101,2026-06-30 08:30:00,94.17,72.13,23.41,60.0
SC-101,2026-06-30 09:00:00,117.93,82.9,29.7,60.0
SC-101,2026-06-30 09:30:00,116.46,87.47,24.89,60.0
SC-101,2026-06-30 10:00:00,150.24,102.43,31.82,60.0
SC-101,2026-06-30 10:30:00,140.94,102.94,26.96,60.0
SC-101,2026-06-30 11:00:00,176.28,117.18,33.53,60.0
SC-101,2026-06-30 11:30:00,164.54,115.6,29.74,60.0
SC-101,2026-06-30 12:00:00,136.82,103.62,24.26,60.0
SC-101,2026-06-30 12:30:00,146.12,103.09,29.45,60.0
SC-101,2026-06-30 13:00:00,151.55,102.81,32.16,60.0
SC-101,2026-06-30 13:30:00,107.06,79.77,25.49,60.0
SC-101,2026-06-30 14:00:00,128.05,86.05,32.8,60.0
SC-101,2026-06-30 14:30:00,127.5,95.12,25.4,60.0
SC-101,2026-06-30 15:00:00,122.05,84.89,30.44,60.0
SC-101,2026-06-30 15:30:00,103.24,73.86,28.46,60.0
SC-101,2026-06-30 16:00:00,90.11,67.4,25.21,60.0
SC-101,2026-06-30 16:30:00,96.92,70.5,27.25,60.0
SC-101,2026-06-30 17:00:00,83.4,61.63,26.1,60.0
SC-101,2026-06-30 17:30:00,82.65,54.06,34.59,60.0
SC-101,2026-06-30 18:00:00,63.35,48.17,23.96,60.0
SC-101,2026-06-30 18:30:00,57.26,39.04,31.82,60.0
SC-101,2026-06-30 19:00:00,50.27,33.16,34.04,60.0
SC-101,2026-06-30 19:30:00,40.19,30.11,25.08,60.0
SC-101,2026-06-30 20:00:00,43.45,31.07,28.5,60.0
SC-101,2026-06-30 20:30:00,35.67,24.33,31.8,60.0
SC-101,2026-06-30 21:00:00,36.66,25.72,29.85,60.0
SC-101,2026-06-30 21:30:00,25.96,20.06,22.71,60.0
SC-101,2026-06-30 22:00:00,25.89,18.7,27.76,60.0
SC-101,2026-06-30 22:30:00,30.36,22.74,25.08,60.0
SC-101,2026-06-30 23:00:00,26.21,19.54,25.44,60.0
SC-101,2026-06-30 23:30:00,27.95,19.4,30.56,60.0
SC-101,2026-07-01 00:00:00,25.78,18.36,28.77,60.0
SC-101,2026-07-01 00:30:00,23.03,18.0,21.85,60.0
SC-101,2026-07-01 01:00:00,23.21,17.65,23.96,60.0
SC-101,2026-07-01 01:30:00,23.94,16.91,29.35,60.0
SC-101,2026-07-01 02:00:00,26.56,18.58,30.05,60.0
SC-101,2026-07-01 02:30:00,23.87,17.73,25.74,60.0
SC-101,2026-07-01 03:00:00,23.7,17.23,27.3,60.0
SC-101,2026-07-01 03:30:00,22.85,17.31,24.21,60.0
SC-101,2026-07-01 04:00:00,29.75,19.7,33.78,60.0
SC-101,2026-07-01 04:30:00,27.46,19.41,29.3,60.0
SC-101,2026-07-01 05:00:00,25.33,18.62,26.49,60.0
SC-101,2026-07-01 05:30:00,29.06,21.42,26.3,60.0
SC-101,2026-07-01 06:00:00,36.41,26.02,28.54,60.0
SC-101,2026-07-01 06:30:00,36.13,25.92,28.25,60.0
SC-101,2026-07-01 07:00:00,43.57,31.76,27.11,60.0
SC-101,2026-07-01 07:30:00,67.73,49.15,27.43,60.0
SC-101,2026-07-01 08:00:00,72.11,50.74,29.63,60.0
SC-101,2026-07-01 08:30:00,94.45,62.83,33.47,60.0
SC-101,2026-07-01 09:00:00,93.52,65.6,29.85,60.0
SC-101,2026-07-01 09:30:00,124.34,93.43,24.87,60.0
SC-101,2026-07-01 10:00:00,123.73,93.37,24.54,60.0
SC-101,2026-07-01 10:30:00,143.06,102.78,28.15,60.0
SC-101,2026-07-01 11:00:00,164.9,118.11,28.38,60.0
SC-101,2026-07-01 11:30:00,151.01,109.86,27.25,60.0
SC-101,2026-07-01 12:00:00,149.57,108.64,27.37,60.0
SC-101,2026-07-01 12:30:00,124.13,89.96,27.52,60.0
SC-101,2026-07-01 13:00:00,123.33,86.38,29.96,60.0
SC-101,2026-07-01 13:30:00,117.13,88.75,24.23,60.0
SC-101,2026-07-01 14:00:00,104.86,77.36,26.23,60.0
SC-101,2026-07-01 14:30:00,104.98,76.21,27.4,60.0
SC-101,2026-07-01 15:00:00,120.25,76.26,36.59,60.0
SC-101,2026-07-01 15:30:00,104.27,70.33,32.55,60.0
SC-101,2026-07-01 16:00:00,94.07,62.39,33.68,60.0
SC-101,2026-07-01 16:30:00,81.75,58.69,28.21,60.0
SC-101,2026-07-01 17:00:00,73.37,50.75,30.84,60.0
SC-101,2026-07-01 17:30:00,70.64,47.3,33.04,60.0
SC-101,2026-07-01 18:00:00,55.36,42.63,22.99,60.0
SC-101,2026-07-01 18:30:00,58.0,42.09,27.42,60.0
SC-101,2026-07-01 19:00:00,47.18,33.3,29.42,60.0
SC-101,2026-07-01 19:30:00,42.23,30.18,28.53,60.0
SC-101,2026-07-01 20:00:00,38.34,25.23,34.19,60.0
SC-101,2026-07-01 20:30:00,38.7,23.97,38.07,60.0
SC-101,2026-07-01 21:00:00,27.37,20.72,24.28,60.0
SC-101,2026-07-01 21:30:00,28.27,20.6,27.13,60.0
SC-101,2026-07-01 22:00:00,28.43,19.23,32.36,60.0
SC-101,2026-07-01 22:30:00,24.66,18.23,26.1,60.0
SC-101,2026-07-01 23:00:00,23.19,17.57,24.25,60.0
SC-101,2026-07-01 23:30:00,23.32,18.12,22.28,60.0
SC-101,2026-07-02 00:00:00,25.09,18.13,27.74,60.0
SC-101,2026-07-02 00:30:00,26.84,17.73,33.95,60.0
SC-101,2026-07-02 01:00:00,22.11,16.95,23.32,60.0
SC-101,2026-07-02 01:30:00,24.67,17.01,31.06,60.0
SC-101,2026-07-02 02:00:00,25.7,17.38,32.39,60.0
SC-101,2026-07-02 02:30:00,24.87,16.87,32.16,60.0
SC-101,2026-07-02 03:00:00,23.03,17.12,25.64,60.0
SC-101,2026-07-02 03:30:00,24.74,17.74,28.28,60.0
SC-101,2026-07-02 04:00:00,22.28,16.21,27.24,60.0
SC-101,2026-07-02 04:30:00,26.11,19.11,26.83,60.0
SC-101,2026-07-02 05:00:00,25.9,18.63,28.08,60.0
SC-101,2026-07-02 05:30:00,29.84,21.09,29.34,60.0
SC-101,2026-07-02 06:00:00,38.21,26.78,29.92,60.0
SC-101,2026-07-02 06:30:00,40.22,29.53,26.58,60.0
SC-101,2026-07-02 07:00:00,47.9,34.79,27.37,60.0
SC-101,2026-07-02 07:30:00,62.64,46.28,26.12,60.0
SC-101,2026-07-02 08:00:00,78.31,56.26,28.15,60.0
SC-101,2026-07-02 08:30:00,81.77,57.71,29.42,60.0
SC-101,2026-07-02 09:00:00,88.34,68.9,22.0,60.0
SC-101,2026-07-02 09:30:00,110.98,77.73,29.95,60.0
SC-101,2026-07-02 10:00:00,142.06,95.54,32.75,60.0
SC-101,2026-07-02 10:30:00,151.0,107.51,28.8,60.0
SC-101,2026-07-02 11:00:00,145.67,96.38,33.83,60.0
SC-101,2026-07-02 11:30:00,144.09,95.79,33.52,60.0
SC-101,2026-07-02 12:00:00,124.77,95.34,23.59,60.0
SC-101,2026-07-02 12:30:00,129.91,95.82,26.24,60.0
SC-101,2026-07-02 13:00:00,122.69,85.76,30.1,60.0
SC-101,2026-07-02 13:30:00,117.4,86.92,25.96,60.0
SC-101,2026-07-02 14:00:00,98.39,72.34,26.47,60.0
SC-101,2026-07-02 14:30:00,89.7,67.39,24.87,60.0
SC-101,2026-07-02 15:00:00,87.72,66.45,24.25,60.0
SC-101,2026-07-02 15:30:00,93.88,70.6,24.79,60.0
SC-101,2026-07-02 16:00:00,102.98,68.41,33.57,60.0
SC-101,2026-07-02 16:30:00,71.64,52.66,26.49,60.0
SC-101,2026-07-02 17:00:00,66.88,49.63,25.79,60.0
SC-101,2026-07-02 17:30:00,71.4,50.13,29.8,60.0
SC-101,2026-07-02 18:00:00,56.08,44.44,20.75,60.0
SC-101,2026-07-02 18:30:00,52.83,37.22,29.54,60.0
SC-101,2026-07-02 19:00:00,40.25,30.38,24.53,60.0
SC-101,2026-07-02 19:30:00,41.58,29.52,29.02,60.0
SC-101,2026-07-02 20:00:00,37.5,28.24,24.69,60.0
SC-101,2026-07-02 20:30:00,32.99,22.22,32.66,60.0
SC-101,2026-07-02 21:00:00,31.21,22.19,28.9,60.0
SC-101,2026-07-02 21:30:00,28.43,19.52,31.34,60.0
SC-101,2026-07-02 22:00:00,28.27,19.44,31.24,60.0
SC-101,2026-07-02 22:30:00,26.15,17.03,34.85,60.0
SC-101,2026-07-02 23:00:00,23.12,16.78,27.4,60.0
SC-101,2026-07-02 23:30:00,23.63,16.79,28.93,60.0
SC-101,2026-07-03 00:00:00,12.38,9.59,22.54,60.0
SC-101,2026-07-03 00:30:00,12.49,9.65,22.72,60.0
SC-101,2026-07-03 01:00:00,12.91,9.54,26.11,60.0
SC-101,2026-07-03 01:30:00,13.14,9.4,28.48,60.0
SC-101,2026-07-03 02:00:00,11.73,8.95,23.69,60.0
SC-101,2026-07-03 02:30:00,12.37,8.84,28.56,60.0
SC-101,2026-07-03 03:00:00,13.55,9.45,30.21,60.0
SC-101,2026-07-03 03:30:00,12.86,9.17,28.7,60.0
SC-101,2026-07-03 04:00:00,14.44,9.47,34.38,60.0
SC-101,2026-07-03 04:30:00,12.67,9.43,25.54,60.0
SC-101,2026-07-03 05:00:00,14.12,9.72,31.16,60.0
SC-101,2026-07-03 05:30:00,16.88,11.05,34.55,60.0
SC-101,2026-07-03 06:00:00,18.02,12.23,32.15,60.0
SC-101,2026-07-03 06:30:00,17.52,13.41,23.41,60.0
SC-101,2026-07-03 07:00:00,23.83,17.5,26.57,60.0
SC-101,2026-07-03 07:30:00,26.62,19.38,27.2,60.0
SC-101,2026-07-03 08:00:00,31.54,24.6,22.02,60.0
SC-101,2026-07-03 08:30:00,46.68,33.38,28.51,60.0
SC-101,2026-07-03 09:00:00,49.65,36.92,25.63,60.0
SC-101,2026-07-03 09:30:00,60.9,44.68,26.63,60.0
SC-101,2026-07-03 10:00:00,70.49,47.28,32.92,60.0
SC-101,2026-07-03 10:30:00,71.28,49.95,29.93,60.0
SC-101,2026-07-03 11:00:00,62.93,47.49,24.53,60.0
SC-101,2026-07-03 11:30:00,68.73,49.45,28.05,60.0
SC-101,2026-07-03 12:00:00,67.75,51.07,24.62,60.0
SC-101,2026-07-03 12:30:00,56.6,39.91,29.5,60.0
SC-101,2026-07-03 13:00:00,58.75,44.65,24.0,60.0
SC-101,2026-07-03 13:30:00,67.43,43.81,35.03,60.0
SC-101,2026-07-03 14:00:00,46.82,36.48,22.08,60.0
SC-101,2026-07-03 14:30:00,51.98,36.81,29.19,60.0
SC-101,2026-07-03 15:00:00,44.98,32.12,28.6,60.0
SC-101,2026-07-03 15:30:00,48.67,33.51,31.16,60.0
SC-101,2026-07-03 16:00:00,44.96,32.21,28.36,60.0
SC-101,2026-07-03 16:30:00,37.62,27.65,26.5,60.0
SC-101,2026-07-03 17:00:00,38.77,25.98,32.99,60.0
SC-101,2026-07-03 17:30:00,29.78,22.05,25.96,60.0
SC-101,2026-07-03 18:00:00,30.88,21.33,30.91,60.0
SC-101,2026-07-03 18:30:00,27.84,19.52,29.87,60.0
SC-101,2026-07-03 19:00:00,23.38,16.59,29.02,60.0
SC-101,2026-07-03 19:30:00,25.43,16.67,34.44,60.0
SC-101,2026-07-03 20:00:00,18.01,13.66,24.13,60.0
SC-101,2026-07-03 20:30:00,17.67,12.17,31.15,60.0
SC-101,2026-07-03 21:00:00,14.75,11.07,24.95,60.0
SC-101,2026-07-03 21:30:00,13.82,9.77,29.26,60.0
SC-101,2026-07-03 22:00:00,12.99,9.18,29.34,60.0
SC-101,2026-07-03 22:30:00,13.92,9.48,31.88,60.0
SC-101,2026-07-03 23:00:00,11.94,8.89,25.51,60.0
SC-101,2026-07-03 23:30:00,13.3,8.89,33.17,60.0
SC-101,2026-07-04 00:00:00,8.75,6.8,22.27,60.0
SC-101,2026-07-04 00:30:00,8.8,6.68,24.05,60.0
SC-101,2026-07-04 01:00:00,9.33,6.9,26.02,60.0
SC-101,2026-07-04 01:30:00,10.48,7.09,32.4,60.0
SC-101,2026-07-04 02:00:00,8.45,6.55,22.59,60.0
SC-101,2026-07-04 02:30:00,9.4,6.76,28.11,60.0
SC-101,2026-07-04 03:00:00,9.79,7.16,26.89,60.0
SC-101,2026-07-04 03:30:00,9.93,7.31,26.33,60.0
SC-101,2026-07-04 04:00:00,9.2,6.69,27.28,60.0
SC-101,2026-07-04 04:30:00,9.02,6.79,24.73,60.0
SC-101,2026-07-04 05:00:00,11.11,7.85,29.35,60.0
SC-101,2026-07-04 05:30:00,11.19,8.38,25.06,60.0
SC-101,2026-07-04 06:00:00,14.61,10.09,30.93,60.0
SC-101,2026-07-04 06:30:00,14.5,10.65,26.58,60.0
SC-101,2026-07-04 07:00:00,15.08,11.23,25.56,60.0
SC-101,2026-07-04 07:30:00,22.82,15.38,32.6,60.0
SC-101,2026-07-04 08:00:00,25.77,19.21,25.45,60.0
SC-101,2026-07-04 08:30:00,28.42,21.77,23.41,60.0
SC-101,2026-07-04 09:00:00,37.24,24.93,33.07,60.0
SC-101,2026-07-04 09:30:00,47.57,33.9,28.73,60.0
SC-101,2026-07-04 10:00:00,44.12,30.29,31.34,60.0
SC-101,2026-07-04 10:30:00,47.17,34.64,26.56,60.0
SC-101,2026-07-04 11:00:00,48.47,34.04,29.77,60.0
SC-101,2026-07-04 11:30:00,51.65,37.3,27.77,60.0
SC-101,2026-07-04 12:00:00,40.59,28.78,29.1,60.0
SC-101,2026-07-04 12:30:00,48.65,33.24,31.66,60.0
SC-101,2026-07-04 13:00:00,47.83,34.12,28.68,60.0
SC-101,2026-07-04 13:30:00,37.46,28.86,22.95,60.0
SC-101,2026-07-04 14:00:00,39.49,29.43,25.47,60.0
SC-101,2026-07-04 14:30:00,38.83,29.87,23.08,60.0
SC-101,2026-07-04 15:00:00,37.52,27.55,26.56,60.0
SC-101,2026-07-04 15:30:00,36.83,24.51,33.45,60.0
SC-101,2026-07-04 16:00:00,32.75,23.41,28.5,60.0
SC-101,2026-07-04 16:30:00,25.55,19.77,22.62,60.0
SC-101,2026-07-04 17:00:00,25.28,19.36,23.43,60.0
SC-101,2026-07-04 17:30:00,26.2,18.21,30.48,60.0
SC-101,2026-07-04 18:00:00,21.28,15.71,26.17,60.0
SC-101,2026-07-04 18:30:00,19.61,13.87,29.25,60.0
SC-101,2026-07-04 19:00:00,19.23,14.0,27.21,60.0
SC-101,2026-07-04 19:30:00,13.27,10.15,23.47,60.0
SC-101,2026-07-04 20:00:00,15.31,10.19,33.46,60.0
SC-101,2026-07-04 20:30:00,11.45,8.42,26.48,60.0
SC-101,2026-07-04 21:00:00,11.03,7.82,29.07,60.0
SC-101,2026-07-04 21:30:00,11.07,8.05,27.3,60.0
SC-101,2026-07-04 22:00:00,9.8,7.23,26.28,60.0
SC-101,2026-07-04 22:30:00,11.55,7.55,34.64,60.0
SC-101,2026-07-04 23:00:00,9.7,6.65,31.45,60.0
SC-101,2026-07-04 23:30:00,11.45,7.26,36.61,60.0
SC-101,2026-07-05 00:00:00,27.7,18.76,32.25,60.0
SC-101,2026-07-05 00:30:00,25.76,18.36,28.7,60.0
SC-101,2026-07-05 01:00:00,30.7,21.75,29.15,60.0
SC-101,2026-07-05 01:30:00,26.57,19.0,28.5,60.0
SC-101,2026-07-05 02:00:00,26.79,19.62,26.74,60.0
SC-101,2026-07-05 02:30:00,30.07,21.43,28.72,60.0
SC-101,2026-07-05 03:00:00,28.34,19.96,29.56,60.0
SC-101,2026-07-05 03:30:00,26.0,19.24,26.0,60.0
SC-101,2026-07-05 04:00:00,27.91,19.95,28.52,60.0
SC-101,2026-07-05 04:30:00,30.69,20.96,31.7,60.0
SC-101,2026-07-05 05:00:00,31.01,22.44,27.63,60.0
SC-101,2026-07-05 05:30:00,37.75,27.21,27.92,60.0
SC-101,2026-07-05 06:00:00,36.14,28.07,22.34,60.0
SC-101,2026-07-05 06:30:00,50.98,34.82,31.7,60.0
SC-101,2026-07-05 07:00:00,61.77,43.26,29.96,60.0
SC-101,2026-07-05 07:30:00,70.92,48.77,31.23,60.0
SC-101,2026-07-05 08:00:00,74.37,58.14,21.82,60.0
SC-101,2026-07-05 08:30:00,110.74,77.84,29.7,60.0
SC-101,2026-07-05 09:00:00,127.63,94.47,25.98,60.0
SC-101,2026-07-05 09:30:00,150.98,103.53,31.43,60.0
SC-101,2026-07-05 10:00:00,136.76,98.89,27.69,60.0
SC-101,2026-07-05 10:30:00,161.68,117.99,27.02,60.0
SC-101,2026-07-05 11:00:00,180.81,127.31,29.59,60.0
SC-101,2026-07-05 11:30:00,156.17,115.64,25.95,60.0
SC-101,2026-07-05 12:00:00,160.47,111.31,30.63,60.0
SC-101,2026-07-05 12:30:00,146.01,109.47,25.03,60.0
SC-101,2026-07-05 13:00:00,158.02,111.51,29.43,60.0
SC-101,2026-07-05 13:30:00,128.12,93.59,26.95,60.0
SC-101,2026-07-05 14:00:00,146.66,100.51,31.46,60.0
SC-101,2026-07-05 14:30:00,109.8,74.01,32.59,60.0
SC-101,2026-07-05 15:00:00,122.6,82.88,32.4,60.0
SC-101,2026-07-05 15:30:00,103.3,68.14,34.03,60.0
SC-101,2026-07-05 16:00:00,114.79,73.76,35.74,60.0
SC-101,2026-07-05 16:30:00,92.39,65.99,28.57,60.0
SC-101,2026-07-05 17:00:00,102.22,70.96,30.58,60.0
SC-101,2026-07-05 17:30:00,82.71,59.18,28.45,60.0
SC-101,2026-07-05 18:00:00,63.24,47.69,24.59,60.0
SC-101,2026-07-05 18:30:00,65.23,45.44,30.34,60.0
SC-101,2026-07-05 19:00:00,54.48,39.51,27.48,60.0
SC-101,2026-07-05 19:30:00,45.83,33.09,27.8,60.0
SC-101,2026-07-05 20:00:00,40.53,29.48,27.26,60.0
SC-101,2026-07-05 20:30:00,34.83,25.98,25.41,60.0
SC-101,2026-07-05 21:00:00,28.38,21.12,25.57,60.0
SC-101,2026-07-05 21:30:00,31.54,22.5,28.66,60.0
SC-101,2026-07-05 22:00:00,32.84,22.67,30.97,60.0
SC-101,2026-07-05 22:30:00,31.71,22.09,30.32,60.0
SC-101,2026-07-05 23:00:00,26.33,19.64,25.42,60.0
SC-101,2026-07-05 23:30:00,28.93,20.08,30.6,60.0
SC-101,2026-07-06 00:00:00,23.99,17.87,25.51,60.0
SC-101,2026-07-06 00:30:00,20.51,15.35,25.17,60.0
SC-101,2026-07-06 01:00:00,25.54,20.02,21.58,60.0
SC-101,2026-07-06 01:30:00,23.4,16.23,30.65,60.0
SC-101,2026-07-06 02:00:00,23.03,16.23,29.5,60.0
SC-101,2026-07-06 02:30:00,23.76,16.39,31.01,60.0
SC-101,2026-07-06 03:00:00,24.63,16.85,31.6,60.0
SC-101,2026-07-06 03:30:00,21.84,16.92,22.55,60.0
SC-101,2026-07-06 04:00:00,24.82,18.29,26.31,60.0
SC-101,2026-07-06 04:30:00,26.08,18.75,28.1,60.0
SC-101,2026-07-06 05:00:00,27.08,18.98,29.93,60.0
SC-101,2026-07-06 05:30:00,27.73,20.9,24.61,60.0
SC-101,2026-07-06 06:00:00,30.36,22.57,25.68,60.0
SC-101,2026-07-06 06:30:00,34.25,26.39,22.97,60.0
SC-101,2026-07-06 07:00:00,49.22,36.2,26.47,60.0
SC-101,2026-07-06 07:30:00,62.84,43.45,30.85,60.0
SC-101,2026-07-06 08:00:00,69.3,48.39,30.18,60.0
SC-101,2026-07-06 08:30:00,81.95,57.19,30.22,60.0
SC-101,2026-07-06 09:00:00,95.93,70.69,26.31,60.0
SC-101,2026-07-06 09:30:00,113.36,76.34,32.66,60.0
SC-101,2026-07-06 10:00:00,114.36,85.72,25.05,60.0
SC-101,2026-07-06 10:30:00,120.95,90.18,25.44,60.0
SC-101,2026-07-06 11:00:00,148.44,101.3,31.76,60.0
SC-101,2026-07-06 11:30:00,126.3,94.79,24.95,60.0
SC-101,2026-07-06 12:00:00,137.86,87.34,36.64,60.0
SC-101,2026-07-06 12:30:00,131.67,96.35,26.83,60.0
SC-101,2026-07-06 13:00:00,130.32,87.42,32.92,60.0
SC-101,2026-07-06 13:30:00,127.51,92.0,27.85,60.0
SC-101,2026-07-06 14:00:00,126.08,81.82,35.11,60.0
SC-101,2026-07-06 14:30:00,98.86,71.56,27.61,60.0
SC-101,2026-07-06 15:00:00,93.08,68.08,26.85,60.0
SC-101,2026-07-06 15:30:00,99.81,67.1,32.76,60.0
SC-101,2026-07-06 16:00:00,96.63,66.58,31.1,60.0
SC-101,2026-07-06 16:30:00,82.93,55.67,32.87,60.0
SC-101,2026-07-06 17:00:00,75.28,52.27,30.57,60.0
SC-101,2026-07-06 17:30:00,69.34,48.74,29.7,60.0
SC-101,2026-07-06 18:00:00,66.43,49.36,25.7,60.0
SC-101,2026-07-06 18:30:00,48.5,34.62,28.63,60.0
SC-101,2026-07-06 19:00:00,52.64,37.37,29.01,60.0
SC-101,2026-07-06 19:30:00,41.0,29.41,28.27,60.0
SC-101,2026-07-06 20:00:00,39.55,27.86,29.56,60.0
SC-101,2026-07-06 20:30:00,30.03,23.44,21.97,60.0
SC-101,2026-07-06 21:00:00,37.22,22.53,39.48,60.0
SC-101,2026-07-06 21:30:00,30.1,20.37,32.33,60.0
SC-101,2026-07-06 22:00:00,24.36,17.34,28.82,60.0
SC-101,2026-07-06 22:30:00,25.09,18.75,25.29,60.0
SC-101,2026-07-06 23:00:00,24.57,17.96,26.88,60.0
SC-101,2026-07-06 23:30:00,24.1,17.16,28.83,60.0
SC-101,2026-07-07 00:00:00,24.52,17.41,29.0,60.0
SC-101,2026-07-07 00:30:00,23.76,16.56,30.28,60.0
SC-101,2026-07-07 01:00:00,23.12,16.3,29.49,60.0
SC-101,2026-07-07 01:30:00,20.17,15.77,21.83,60.0
SC-101,2026-07-07 02:00:00,26.13,18.02,31.05,60.0
SC-101,2026-07-07 02:30:00,24.09,16.21,32.71,60.0
SC-101,2026-07-07 03:00:00,26.69,16.84,36.93,60.0
SC-101,2026-07-07 03:30:00,24.37,17.41,28.56,60.0
SC-101,2026-07-07 04:00:00,23.35,16.19,30.68,60.0
SC-101,2026-07-07 04:30:00,24.38,17.54,28.07,60.0
SC-101,2026-07-07 05:00:00,24.72,18.2,26.36,60.0
SC-101,2026-07-07 05:30:00,27.31,20.47,25.03,60.0
SC-101,2026-07-07 06:00:00,36.87,25.81,30.0,60.0
SC-101,2026-07-07 06:30:00,36.42,25.5,30.0,60.0
SC-101,2026-07-07 07:00:00,43.71,32.79,24.98,60.0
SC-101,2026-07-07 07:30:00,58.38,43.33,25.78,60.0
SC-101,2026-07-07 08:00:00,77.49,56.55,27.03,60.0
SC-101,2026-07-07 08:30:00,92.74,58.89,36.5,60.0
SC-101,2026-07-07 09:00:00,91.81,65.3,28.88,60.0
SC-101,2026-07-07 09:30:00,103.24,77.65,24.78,60.0
SC-101,2026-07-07 10:00:00,129.71,92.84,28.42,60.0
SC-101,2026-07-07 10:30:00,138.67,90.55,34.7,60.0
SC-101,2026-07-07 11:00:00,143.24,103.15,27.98,60.0
SC-101,2026-07-07 11:30:00,123.9,89.96,27.39,60.0
SC-101,2026-07-07 12:00:00,128.41,91.99,28.36,60.0
SC-101,2026-07-07 12:30:00,123.91,95.15,23.21,60.0
SC-101,2026-07-07 13:00:00,122.49,84.69,30.86,60.0
SC-101,2026-07-07 13:30:00,97.2,73.9,23.96,60.0
SC-101,2026-07-07 14:00:00,96.21,67.61,29.73,60.0
SC-101,2026-07-07 14:30:00,95.91,71.9,25.03,60.0
SC-101,2026-07-07 15:00:00,86.96,62.56,28.06,60.0
SC-101,2026-07-07 15:30:00,100.3,64.74,35.46,60.0
SC-101,2026-07-07 16:00:00,86.29,59.9,30.58,60.0
SC-101,2026-07-07 16:30:00,83.02,54.9,33.87,60.0
SC-101,2026-07-07 17:00:00,83.49,54.27,35.0,60.0
SC-101,2026-07-07 17:30:00,65.3,46.47,28.83,60.0
SC-101,2026-07-07 18:00:00,64.59,42.0,34.97,60.0
SC-101,2026-07-07 18:30:00,44.4,31.64,28.75,60.0
SC-101,2026-07-07 19:00:00,45.88,31.96,30.34,60.0
SC-101,2026-07-07 19:30:00,40.04,29.57,26.15,60.0
SC-101,2026-07-07 20:00:00,38.18,25.27,33.8,60.0
SC-101,2026-07-07 20:30:00,29.96,20.47,31.69,60.0
SC-101,2026-07-07 21:00:00,29.89,23.26,22.18,60.0
SC-101,2026-07-07 21:30:00,25.38,18.93,25.43,60.0
SC-101,2026-07-07 22:00:00,25.53,18.14,28.93,60.0
SC-101,2026-07-07 22:30:00,24.7,17.69,28.38,60.0
SC-101,2026-07-07 23:00:00,22.13,16.87,23.76,60.0
SC-101,2026-07-07 23:30:00,21.46,15.63,27.17,60.0
SC-101,2026-07-08 00:00:00,26.07,17.45,33.06,60.0
SC-101,2026-07-08 00:30:00,23.48,17.67,24.72,60.0
SC-101,2026-07-08 01:00:00,24.58,18.63,24.19,60.0
SC-101,2026-07-08 01:30:00,24.45,17.01,30.42,60.0
SC-101,2026-07-08 02:00:00,24.6,18.57,24.52,60.0
SC-101,2026-07-08 02:30:00,22.84,17.14,24.96,60.0
SC-101,2026-07-08 03:00:00,23.93,16.88,29.44,60.0
SC-101,2026-07-08 03:30:00,27.05,18.67,30.99,60.0
SC-101,2026-07-08 04:00:00,24.78,18.44,25.6,60.0
SC-101,2026-07-08 04:30:00,26.25,18.67,28.89,60.0
SC-101,2026-07-08 05:00:00,26.06,19.91,23.6,60.0
SC-101,2026-07-08 05:30:00,32.5,22.53,30.67,60.0
SC-101,2026-07-08 06:00:00,31.88,23.38,26.66,60.0
SC-101,2026-07-08 06:30:00,46.52,33.59,27.8,60.0
SC-101,2026-07-08 07:00:00,49.99,36.44,27.1,60.0
SC-101,2026-07-08 07:30:00,67.94,44.26,34.85,60.0
SC-101,2026-07-08 08:00:00,70.84,53.55,24.41,60.0
SC-101,2026-07-08 08:30:00,88.01,64.56,26.65,60.0
SC-101,2026-07-08 09:00:00,104.21,80.23,23.01,60.0
SC-101,2026-07-08 09:30:00,119.85,83.98,29.93,60.0
SC-101,2026-07-08 10:00:00,137.87,101.47,26.4,60.0
SC-101,2026-07-08 10:30:00,149.42,106.67,28.61,60.0
SC-101,2026-07-08 11:00:00,155.64,106.66,31.47,60.0
SC-101,2026-07-08 11:30:00,142.21,99.11,30.31,60.0
SC-101,2026-07-08 12:00:00,141.67,100.2,29.27,60.0
SC-101,2026-07-08 12:30:00,140.88,95.64,32.11,60.0
SC-101,2026-07-08 13:00:00,127.45,91.15,28.48,60.0
SC-101,2026-07-08 13:30:00,134.78,93.08,30.94,60.0
SC-101,2026-07-08 14:00:00,114.19,78.67,31.1,60.0
SC-101,2026-07-08 14:30:00,106.08,74.9,29.39,60.0
SC-101,2026-07-08 15:00:00,93.95,63.06,32.88,60.0
SC-101,2026-07-08 15:30:00,99.76,64.85,34.99,60.0
SC-101,2026-07-08 16:00:00,101.21,64.84,35.93,60.0
SC-101,2026-07-08 16:30:00,86.26,61.02,29.26,60.0
SC-101,2026-07-08 17:00:00,74.35,53.46,28.1,60.0
SC-101,2026-07-08 17:30:00,65.09,47.65,26.79,60.0
SC-101,2026-07-08 18:00:00,62.48,45.11,27.8,60.0
SC-101,2026-07-08 18:30:00,46.98,34.93,25.64,60.0
SC-101,2026-07-08 19:00:00,46.71,33.5,28.27,60.0
SC-101,2026-07-08 19:30:00,43.65,31.66,27.47,60.0
SC-101,2026-07-08 20:00:00,34.21,24.09,29.57,60.0
SC-101,2026-07-08 20:30:00,33.45,24.37,27.14,60.0
SC-101,2026-07-08 21:00:00,31.48,22.15,29.63,60.0
SC-101,2026-07-08 21:30:00,29.16,19.56,32.92,60.0
SC-101,2026-07-08 22:00:00,25.47,19.11,24.98,60.0
SC-101,2026-07-08 22:30:00,22.38,16.45,26.5,60.0
SC-101,2026-07-08 23:00:00,24.25,18.19,25.0,60.0
SC-101,2026-07-08 23:30:00,25.73,18.19,29.3,60.0
SC-101,2026-07-09 00:00:00,21.5,14.87,30.82,60.0
SC-101,2026-07-09 00:30:00,23.79,17.64,25.87,60.0
SC-101,2026-07-09 01:00:00,21.04,16.32,22.43,60.0
SC-101,2026-07-09 01:30:00,21.53,14.98,30.42,60.0
SC-101,2026-07-09 02:00:00,22.11,15.97,27.75,60.0
SC-101,2026-07-09 02:30:00,24.29,16.8,30.84,60.0
SC-101,2026-07-09 03:00:00,23.64,15.49,34.47,60.0
SC-101,2026-07-09 03:30:00,22.43,16.1,28.23,60.0
SC-101,2026-07-09 04:00:00,27.09,19.66,27.41,60.0
SC-101,2026-07-09 04:30:00,24.06,17.26,28.28,60.0
SC-101,2026-07-09 05:00:00,26.98,19.04,29.42,60.0
SC-101,2026-07-09 05:30:00,25.18,19.64,22.02,60.0
SC-101,2026-07-09 06:00:00,29.67,20.68,30.29,60.0
SC-101,2026-07-09 06:30:00,40.95,29.67,27.55,60.0
SC-101,2026-07-09 07:00:00,44.44,31.62,28.84,60.0
SC-101,2026-07-09 07:30:00,64.37,43.46,32.48,60.0
SC-101,2026-07-09 08:00:00,70.39,50.21,28.67,60.0
SC-101,2026-07-09 08:30:00,84.66,61.63,27.21,60.0
SC-101,2026-07-09 09:00:00,99.8,68.89,30.98,60.0
SC-101,2026-07-09 09:30:00,95.87,72.31,24.58,60.0
SC-101,2026-07-09 10:00:00,128.23,85.75,33.13,60.0
SC-101,2026-07-09 10:30:00,132.13,90.0,31.88,60.0
SC-101,2026-07-09 11:00:00,118.18,87.88,25.63,60.0
SC-101,2026-07-09 11:30:00,141.13,104.94,25.64,60.0
SC-101,2026-07-09 12:00:00,126.02,97.02,23.01,60.0
SC-101,2026-07-09 12:30:00,134.02,92.39,31.06,60.0
SC-101,2026-07-09 13:00:00,129.04,93.37,27.64,60.0
SC-101,2026-07-09 13:30:00,97.55,70.07,28.17,60.0
SC-101,2026-07-09 14:00:00,102.17,78.36,23.31,60.0
SC-101,2026-07-09 14:30:00,105.5,75.05,28.86,60.0
SC-101,2026-07-09 15:00:00,91.28,66.08,27.61,60.0
SC-101,2026-07-09 15:30:00,86.88,64.95,25.24,60.0
SC-101,2026-07-09 16:00:00,87.23,60.36,30.8,60.0
SC-101,2026-07-09 16:30:00,78.47,54.48,30.57,60.0
SC-101,2026-07-09 17:00:00,66.2,49.4,25.38,60.0
SC-101,2026-07-09 17:30:00,55.69,43.31,22.23,60.0
SC-101,2026-07-09 18:00:00,63.58,41.53,34.68,60.0
SC-101,2026-07-09 18:30:00,52.04,36.9,29.08,60.0
SC-101,2026-07-09 19:00:00,41.48,30.74,25.9,60.0
SC-101,2026-07-09 19:30:00,34.83,24.74,28.98,60.0
SC-101,2026-07-09 20:00:00,36.42,25.33,30.46,60.0
SC-101,2026-07-09 20:30:00,31.97,23.68,25.95,60.0
SC-101,2026-07-09 21:00:00,27.59,20.81,24.57,60.0
SC-101,2026-07-09 21:30:00,28.21,18.16,35.63,60.0
SC-101,2026-07-09 22:00:00,26.95,18.31,32.04,60.0
SC-101,2026-07-09 22:30:00,20.72,16.33,21.18,60.0
SC-101,2026-07-09 23:00:00,24.75,17.14,30.75,60.0
SC-101,2026-07-09 23:30:00,25.63,17.46,31.88,60.0
SC-101,2026-07-10 00:00:00,11.41,8.49,25.57,60.0
SC-101,2026-07-10 00:30:00,11.72,8.94,23.73,60.0
SC-101,2026-07-10 01:00:00,13.08,9.66,26.13,60.0
SC-101,2026-07-10 01:30:00,9.47,7.55,20.29,60.0
SC-101,2026-07-10 02:00:00,12.92,8.74,32.34,60.0
SC-101,2026-07-10 02:30:00,12.4,9.12,26.46,60.0
SC-101,2026-07-10 03:00:00,11.4,8.11,28.88,60.0
SC-101,2026-07-10 03:30:00,11.9,8.31,30.2,60.0
SC-101,2026-07-10 04:00:00,11.76,8.71,25.97,60.0
SC-101,2026-07-10 04:30:00,14.21,10.32,27.39,60.0
SC-101,2026-07-10 05:00:00,14.13,9.56,32.34,60.0
SC-101,2026-07-10 05:30:00,15.29,11.29,26.15,60.0
SC-101,2026-07-10 06:00:00,17.3,11.54,33.29,60.0
SC-101,2026-07-10 06:30:00,19.72,13.86,29.71,60.0
SC-101,2026-07-10 07:00:00,22.54,17.34,23.06,60.0
SC-101,2026-07-10 07:30:00,33.19,21.41,35.5,60.0
SC-101,2026-07-10 08:00:00,31.39,22.87,27.14,60.0
SC-101,2026-07-10 08:30:00,37.74,27.72,26.55,60.0
SC-101,2026-07-10 09:00:00,46.27,35.14,24.05,60.0
SC-101,2026-07-10 09:30:00,57.68,41.35,28.31,60.0
SC-101,2026-07-10 10:00:00,64.53,46.5,27.93,60.0
SC-101,2026-07-10 10:30:00,66.06,46.93,28.96,60.0
SC-101,2026-07-10 11:00:00,58.27,42.76,26.61,60.0
SC-101,2026-07-10 11:30:00,58.52,46.1,21.22,60.0
SC-101,2026-07-10 12:00:00,69.73,45.4,34.9,60.0
SC-101,2026-07-10 12:30:00,60.6,43.42,28.36,60.0
SC-101,2026-07-10 13:00:00,58.97,39.8,32.5,60.0
SC-101,2026-07-10 13:30:00,47.07,38.0,19.27,60.0
SC-101,2026-07-10 14:00:00,52.29,37.89,27.54,60.0
SC-101,2026-07-10 14:30:00,49.62,35.34,28.78,60.0
SC-101,2026-07-10 15:00:00,41.71,32.72,21.55,60.0
SC-101,2026-07-10 15:30:00,40.19,29.37,26.91,60.0
SC-101,2026-07-10 16:00:00,46.05,31.25,32.15,60.0
SC-101,2026-07-10 16:30:00,39.91,26.79,32.87,60.0
SC-101,2026-07-10 17:00:00,35.77,26.21,26.71,60.0
SC-101,2026-07-10 17:30:00,35.39,26.64,24.73,60.0
SC-101,2026-07-10 18:00:00,33.38,21.67,35.07,60.0
SC-101,2026-07-10 18:30:00,24.33,17.83,26.7,60.0
SC-101,2026-07-10 19:00:00,22.58,16.53,26.79,60.0
SC-101,2026-07-10 19:30:00,19.0,14.28,24.86,60.0
SC-101,2026-07-10 20:00:00,16.54,12.48,24.51,60.0
SC-101,2026-07-10 20:30:00,15.55,11.48,26.15,60.0
SC-101,2026-07-10 21:00:00,16.33,11.17,31.62,60.0
SC-101,2026-07-10 21:30:00,13.58,9.16,32.59,60.0
SC-101,2026-07-10 22:00:00,12.69,8.8,30.69,60.0
SC-101,2026-07-10 22:30:00,14.02,9.53,32.03,60.0
SC-101,2026-07-10 23:00:00,14.16,9.69,31.56,60.0
SC-101,2026-07-10 23:30:00,11.1,8.19,26.2,60.0
SC-101,2026-07-11 00:00:00,9.22,6.51,29.37,60.0
SC-101,2026-07-11 00:30:00,8.98,6.54,27.16,60.0
SC-101,2026-07-11 01:00:00,8.41,6.32,24.87,60.0
SC-101,2026-07-11 01:30:00,10.04,7.09,29.42,60.0
SC-101,2026-07-11 02:00:00,9.03,6.53,27.66,60.0
SC-101,2026-07-11 02:30:00,9.43,6.56,30.44,60.0
SC-101,2026-07-11 03:00:00,9.47,6.69,29.36,60.0
SC-101,2026-07-11 03:30:00,10.52,6.87,34.73,60.0
SC-101,2026-07-11 04:00:00,10.0,7.11,28.84,60.0
SC-101,2026-07-11 04:30:00,8.25,6.09,26.18,60.0
SC-101,2026-07-11 05:00:00,10.71,7.05,34.15,60.0
SC-101,2026-07-11 05:30:00,10.49,7.97,24.01,60.0
SC-101,2026-07-11 06:00:00,11.87,9.03,23.91,60.0
SC-101,2026-07-11 06:30:00,16.27,11.71,28.01,60.0
SC-101,2026-07-11 07:00:00,16.79,12.9,23.14,60.0
SC-101,2026-07-11 07:30:00,21.01,15.36,26.89,60.0
SC-101,2026-07-11 08:00:00,27.07,18.59,31.32,60.0
SC-101,2026-07-11 08:30:00,32.97,23.29,29.35,60.0
SC-101,2026-07-11 09:00:00,36.4,25.67,29.49,60.0
SC-101,2026-07-11 09:30:00,39.13,29.45,24.75,60.0
SC-101,2026-07-11 10:00:00,43.69,30.65,29.85,60.0
SC-101,2026-07-11 10:30:00,42.36,33.18,21.65,60.0
SC-101,2026-07-11 11:00:00,47.31,32.74,30.79,60.0
SC-101,2026-07-11 11:30:00,49.68,33.27,33.02,60.0
SC-101,2026-07-11 12:00:00,49.18,37.11,24.54,60.0
SC-101,2026-07-11 12:30:00,43.43,31.64,27.14,60.0
SC-101,2026-07-11 13:00:00,45.88,30.92,32.61,60.0
SC-101,2026-07-11 13:30:00,38.46,29.03,24.52,60.0
SC-101,2026-07-11 14:00:00,39.62,28.45,28.2,60.0
SC-101,2026-07-11 14:30:00,34.97,26.24,24.97,60.0
SC-101,2026-07-11 15:00:00,35.57,24.55,30.98,60.0
SC-101,2026-07-11 15:30:00,29.79,23.6,20.77,60.0
SC-101,2026-07-11 16:00:00,30.73,22.94,25.35,60.0
SC-101,2026-07-11 16:30:00,29.42,20.52,30.26,60.0
SC-101,2026-07-11 17:00:00,25.87,19.31,25.38,60.0
SC-101,2026-07-11 17:30:00,23.83,17.44,26.85,60.0
SC-101,2026-07-11 18:00:00,22.57,15.81,29.98,60.0
SC-101,2026-07-11 18:30:00,18.61,13.99,24.84,60.0
SC-101,2026-07-11 19:00:00,17.29,11.95,30.91,60.0
SC-101,2026-07-11 19:30:00,15.16,10.95,27.79,60.0
SC-101,2026-07-11 20:00:00,13.29,9.47,28.7,60.0
SC-101,2026-07-11 20:30:00,12.42,8.85,28.75,60.0
SC-101,2026-07-11 21:00:00,11.91,8.62,27.63,60.0
SC-101,2026-07-11 21:30:00,11.68,8.03,31.22,60.0
SC-101,2026-07-11 22:00:00,9.96,6.55,34.27,60.0
SC-101,2026-07-11 22:30:00,9.92,7.03,29.1,60.0
SC-101,2026-07-11 23:00:00,8.96,6.36,28.98,60.0
SC-101,2026-07-11 23:30:00,9.69,7.51,22.45,60.0
SC-101,2026-07-12 00:00:00,24.79,18.01,27.33,60.0
SC-101,2026-07-12 00:30:00,26.73,18.51,30.77,60.0
SC-101,2026-07-12 01:00:00,24.04,17.64,26.61,60.0
SC-101,2026-07-12 01:30:00,27.29,19.49,28.6,60.0
SC-101,2026-07-12 02:00:00,27.09,19.42,28.33,60.0
SC-101,2026-07-12 02:30:00,25.81,17.98,30.32,60.0
SC-101,2026-07-12 03:00:00,24.5,18.46,24.68,60.0
SC-101,2026-07-12 03:30:00,23.24,18.02,22.49,60.0
SC-101,2026-07-12 04:00:00,23.83,17.88,24.96,60.0
SC-101,2026-07-12 04:30:00,29.68,20.83,29.81,60.0
SC-101,2026-07-12 05:00:00,26.74,18.37,31.31,60.0
SC-101,2026-07-12 05:30:00,35.07,23.7,32.42,60.0
SC-101,2026-07-12 06:00:00,35.71,26.67,25.32,60.0
SC-101,2026-07-12 06:30:00,40.47,29.7,26.63,60.0
SC-101,2026-07-12 07:00:00,49.75,36.26,27.11,60.0
SC-101,2026-07-12 07:30:00,58.28,40.41,30.67,60.0
SC-101,2026-07-12 08:00:00,76.81,54.4,29.17,60.0
SC-101,2026-07-12 08:30:00,92.86,66.26,28.64,60.0
SC-101,2026-07-12 09:00:00,108.95,81.14,25.52,60.0
SC-101,2026-07-12 09:30:00,128.91,90.52,29.78,60.0
SC-101,2026-07-12 10:00:00,120.39,98.3,18.35,60.0
SC-101,2026-07-12 10:30:00,142.97,102.33,28.42,60.0
SC-101,2026-07-12 11:00:00,152.79,116.59,23.69,60.0
SC-101,2026-07-12 11:30:00,144.64,108.92,24.69,60.0
SC-101,2026-07-12 12:00:00,156.62,112.82,27.96,60.0
SC-101,2026-07-12 12:30:00,131.94,98.1,25.64,60.0
SC-101,2026-07-12 13:00:00,137.11,93.14,32.07,60.0
SC-101,2026-07-12 13:30:00,125.08,88.98,28.87,60.0
SC-101,2026-07-12 14:00:00,112.41,81.4,27.59,60.0
SC-101,2026-07-12 14:30:00,114.9,76.67,33.28,60.0
SC-101,2026-07-12 15:00:00,103.72,73.5,29.14,60.0
SC-101,2026-07-12 15:30:00,105.85,75.6,28.58,60.0
SC-101,2026-07-12 16:00:00,88.24,67.17,23.88,60.0
SC-101,2026-07-12 16:30:00,91.18,63.98,29.82,60.0
SC-101,2026-07-12 17:00:00,77.39,54.81,29.18,60.0
SC-101,2026-07-12 17:30:00,84.08,56.54,32.76,60.0
SC-101,2026-07-12 18:00:00,61.1,40.97,32.94,60.0
SC-101,2026-07-12 18:30:00,50.59,35.26,30.29,60.0
SC-101,2026-07-12 19:00:00,53.84,38.05,29.33,60.0
SC-101,2026-07-12 19:30:00,43.63,31.35,28.15,60.0
SC-101,2026-07-12 20:00:00,33.62,25.16,25.16,60.0
SC-101,2026-07-12 20:30:00,35.17,25.66,27.05,60.0
SC-101,2026-07-12 21:00:00,30.5,23.02,24.55,60.0
SC-101,2026-07-12 21:30:00,34.27,23.07,32.67,60.0
SC-101,2026-07-12 22:00:00,29.81,20.33,31.8,60.0
SC-101,2026-07-12 22:30:00,25.78,19.74,23.41,60.0
SC-101,2026-07-12 23:00:00,26.8,19.1,28.75,60.0
SC-101,2026-07-12 23:30:00,26.06,18.93,27.35,60.0
SC-101,2026-07-13 00:00:00,23.94,18.21,23.91,60.0
SC-101,2026-07-13 00:30:00,27.04,18.43,31.84,60.0
SC-101,2026-07-13 01:00:00,29.05,18.94,34.81,60.0
SC-101,2026-07-13 01:30:00,21.85,17.53,19.78,60.0
SC-101,2026-07-13 02:00:00,25.85,18.44,28.67,60.0
SC-101,2026-07-13 02:30:00,28.05,19.3,31.2,60.0
SC-101,2026-07-13 03:00:00,22.56,17.58,22.1,60.0
SC-101,2026-07-13 03:30:00,27.5,20.06,27.07,60.0
SC-101,2026-07-13 04:00:00,26.48,18.0,32.01,60.0
SC-101,2026-07-13 04:30:00,23.91,17.83,25.41,60.0
SC-101,2026-07-13 05:00:00,28.86,21.21,26.51,60.0
SC-101,2026-07-13 05:30:00,33.19,22.77,31.41,60.0
SC-101,2026-07-13 06:00:00,37.32,27.38,26.62,60.0
SC-101,2026-07-13 06:30:00,47.33,33.69,28.83,60.0
SC-101,2026-07-13 07:00:00,53.78,40.56,24.58,60.0
SC-101,2026-07-13 07:30:00,69.69,46.01,33.98,60.0
SC-101,2026-07-13 08:00:00,84.16,63.62,24.4,60.0
SC-101,2026-07-13 08:30:00,99.79,69.2,30.66,60.0
SC-101,2026-07-13 09:00:00,107.71,82.36,23.54,60.0
SC-101,2026-07-13 09:30:00,138.13,97.31,29.55,60.0
SC-101,2026-07-13 10:00:00,144.79,95.68,33.92,60.0
SC-101,2026-07-13 10:30:00,137.47,104.61,23.9,60.0
SC-101,2026-07-13 11:00:00,169.33,118.38,30.09,60.0
SC-101,2026-07-13 11:30:00,142.77,105.31,26.24,60.0
SC-101,2026-07-13 12:00:00,168.85,114.51,32.18,60.0
SC-101,2026-07-13 12:30:00,139.0,100.21,27.91,60.0
SC-101,2026-07-13 13:00:00,130.63,90.98,30.35,60.0
SC-101,2026-07-13 13:30:00,127.14,88.31,30.54,60.0
SC-101,2026-07-13 14:00:00,115.93,84.01,27.53,60.0
SC-101,2026-07-13 14:30:00,128.18,87.46,31.77,60.0
SC-101,2026-07-13 15:00:00,109.96,77.71,29.33,60.0
SC-101,2026-07-13 15:30:00,92.18,65.15,29.32,60.0
SC-101,2026-07-13 16:00:00,104.46,75.5,27.72,60.0
SC-101,2026-07-13 16:30:00,84.11,58.16,30.86,60.0
SC-101,2026-07-13 17:00:00,80.76,56.59,29.92,60.0
SC-101,2026-07-13 17:30:00,64.54,47.12,27.0,60.0
SC-101,2026-07-13 18:00:00,60.43,46.0,23.88,60.0
SC-101,2026-07-13 18:30:00,55.18,41.73,24.37,60.0
SC-101,2026-07-13 19:00:00,51.9,34.51,33.51,60.0
SC-101,2026-07-13 19:30:00,46.67,31.22,33.1,60.0
SC-101,2026-07-13 20:00:00,43.26,29.47,31.88,60.0
SC-101,2026-07-13 20:30:00,32.46,22.98,29.21,60.0
SC-101,2026-07-13 21:00:00,28.41,20.86,26.56,60.0
SC-101,2026-07-13 21:30:00,33.82,23.67,29.99,60.0
SC-101,2026-07-13 22:00:00,22.95,19.13,16.63,60.0
SC-101,2026-07-13 22:30:00,26.67,19.82,25.69,60.0
SC-101,2026-07-13 23:00:00,27.54,18.2,33.91,60.0
SC-101,2026-07-13 23:30:00,26.91,18.6,30.88,60.0
SC-101,2026-07-14 00:00:00,27.88,19.4,30.41,60.0
SC-101,2026-07-14 00:30:00,25.49,18.4,27.82,60.0
SC-101,2026-07-14 01:00:00,24.19,17.6,27.23,60.0
SC-101,2026-07-14 01:30:00,26.37,18.72,29.02,60.0
SC-101,2026-07-14 02:00:00,22.72,16.78,26.14,60.0
SC-101,2026-07-14 02:30:00,22.34,16.17,27.64,60.0
SC-101,2026-07-14 03:00:00,23.9,17.59,26.38,60.0
SC-101,2026-07-14 03:30:00,26.21,19.17,26.87,60.0
SC-101,2026-07-14 04:00:00,25.05,17.43,30.41,60.0
SC-101,2026-07-14 04:30:00,28.7,19.53,31.95,60.0
SC-101,2026-07-14 05:00:00,29.27,19.87,32.12,60.0
SC-101,2026-07-14 05:30:00,29.64,22.41,24.39,60.0
SC-101,2026-07-14 06:00:00,34.36,25.56,25.63,60.0
SC-101,2026-07-14 06:30:00,44.24,30.63,30.78,60.0
SC-101,2026-07-14 07:00:00,54.2,38.68,28.63,60.0
SC-101,2026-07-14 07:30:00,56.48,44.27,21.62,60.0
SC-101,2026-07-14 08:00:00,90.29,61.67,31.69,60.0
SC-101,2026-07-14 08:30:00,97.35,69.46,28.65,60.0
SC-101,2026-07-14 09:00:00,109.75,83.07,24.31,60.0
SC-101,2026-07-14 09:30:00,119.92,82.8,30.96,60.0
SC-101,2026-07-14 10:00:00,133.63,93.39,30.11,60.0
SC-101,2026-07-14 10:30:00,132.57,101.74,23.25,60.0
SC-101,2026-07-14 11:00:00,138.36,100.9,27.07,60.0
SC-101,2026-07-14 11:30:00,143.3,102.57,28.42,60.0
SC-101,2026-07-14 12:00:00,152.17,106.5,30.01,60.0
SC-101,2026-07-14 12:30:00,143.74,98.66,31.36,60.0
SC-101,2026-07-14 13:00:00,113.3,84.11,25.77,60.0
SC-101,2026-07-14 13:30:00,101.01,76.46,24.31,60.0
SC-101,2026-07-14 14:00:00,121.32,85.81,29.27,60.0
SC-101,2026-07-14 14:30:00,107.29,73.24,31.74,60.0
SC-101,2026-07-14 15:00:00,102.79,73.59,28.41,60.0
SC-101,2026-07-14 15:30:00,102.24,71.3,30.26,60.0
SC-101,2026-07-14 16:00:00,98.37,72.05,26.76,60.0
SC-101,2026-07-14 16:30:00,85.42,62.81,26.46,60.0
SC-101,2026-07-14 17:00:00,73.79,56.56,23.36,60.0
SC-101,2026-07-14 17:30:00,65.1,47.93,26.38,60.0
SC-101,2026-07-14 18:00:00,60.46,45.03,25.53,60.0
SC-101,2026-07-14 18:30:00,51.16,40.14,21.53,60.0
SC-101,2026-07-14 19:00:00,54.19,37.79,30.26,60.0
SC-101,2026-07-14 19:30:00,47.17,31.51,33.19,60.0
SC-101,2026-07-14 20:00:00,38.24,28.81,24.66,60.0
SC-101,2026-07-14 20:30:00,36.35,26.41,27.32,60.0
SC-101,2026-07-14 21:00:00,31.05,20.79,33.07,60.0
SC-101,2026-07-14 21:30:00,26.61,19.32,27.4,60.0
SC-101,2026-07-14 22:00:00,27.21,20.34,25.25,60.0
SC-101,2026-07-14 22:30:00,28.1,19.8,29.54,60.0
SC-101,2026-07-14 23:00:00,26.5,19.71,25.62,60.0
SC-101,2026-07-14 23:30:00,24.58,19.17,22.0,60.0
SC-101,2026-07-15 00:00:00,20.35,15.95,21.61,60.0
SC-101,2026-07-15 00:30:00,22.48,16.48,26.69,60.0
SC-101,2026-07-15 01:00:00,26.94,17.2,36.15,60.0
SC-101,2026-07-15 01:30:00,22.25,16.56,25.57,60.0
SC-101,2026-07-15 02:00:00,22.26,16.34,26.59,60.0
SC-101,2026-07-15 02:30:00,22.03,16.2,26.45,60.0
SC-101,2026-07-15 03:00:00,22.17,15.64,29.47,60.0
SC-101,2026-07-15 03:30:00,22.83,15.83,30.67,60.0
SC-101,2026-07-15 04:00:00,26.64,17.99,32.49,60.0
SC-101,2026-07-15 04:30:00,26.17,19.46,25.63,60.0
SC-101,2026-07-15 05:00:00,24.16,17.35,28.19,60.0
SC-101,2026-07-15 05:30:00,26.27,19.91,24.23,60.0
SC-101,2026-07-15 06:00:00,29.51,21.51,27.1,60.0
SC-101,2026-07-15 06:30:00,35.15,24.96,28.99,60.0
SC-101,2026-07-15 07:00:00,45.04,31.76,29.48,60.0
SC-101,2026-07-15 07:30:00,64.59,43.33,32.91,60.0
SC-101,2026-07-15 08:00:00,64.21,47.97,25.29,60.0
SC-101,2026-07-15 08:30:00,82.62,59.02,28.57,60.0
SC-101,2026-07-15 09:00:00,84.67,65.38,22.78,60.0
SC-101,2026-07-15 09:30:00,112.24,79.07,29.55,60.0
SC-101,2026-07-15 10:00:00,112.36,84.31,24.97,60.0
SC-101,2026-07-15 10:30:00,153.12,103.48,32.42,60.0
SC-101,2026-07-15 11:00:00,129.75,97.77,24.65,60.0
SC-101,2026-07-15 11:30:00,127.37,89.08,30.06,60.0
SC-101,2026-07-15 12:00:00,118.64,92.79,21.79,60.0
SC-101,2026-07-15 12:30:00,136.87,90.42,33.93,60.0
SC-101,2026-07-15 13:00:00,119.41,75.88,36.45,60.0
SC-101,2026-07-15 13:30:00,104.18,76.69,26.38,60.0
SC-101,2026-07-15 14:00:00,109.53,74.67,31.83,60.0
SC-101,2026-07-15 14:30:00,82.23,64.65,21.37,60.0
SC-101,2026-07-15 15:00:00,94.33,74.14,21.41,60.0
SC-101,2026-07-15 15:30:00,93.1,67.81,27.17,60.0
SC-101,2026-07-15 16:00:00,89.3,59.38,33.5,60.0
SC-101,2026-07-15 16:30:00,80.43,59.02,26.61,60.0
SC-101,2026-07-15 17:00:00,74.18,54.24,26.88,60.0
SC-101,2026-07-15 17:30:00,61.26,45.61,25.55,60.0
SC-101,2026-07-15 18:00:00,50.62,37.95,25.03,60.0
SC-101,2026-07-15 18:30:00,50.13,37.18,25.82,60.0
SC-101,2026-07-15 19:00:00,48.06,33.14,31.05,60.0
SC-101,2026-07-15 19:30:00,40.15,27.78,30.82,60.0
SC-101,2026-07-15 20:00:00,30.49,23.06,24.38,60.0
SC-101,2026-07-15 20:30:00,31.86,22.83,28.34,60.0
SC-101,2026-07-15 21:00:00,27.28,20.77,23.84,60.0
SC-101,2026-07-15 21:30:00,25.52,18.71,26.67,60.0
SC-101,2026-07-15 22:00:00,27.03,18.25,32.49,60.0
SC-101,2026-07-15 22:30:00,24.98,17.52,29.85,60.0
SC-101,2026-07-15 23:00:00,26.68,17.81,33.26,60.0
SC-101,2026-07-15 23:30:00,20.19,14.86,26.38,60.0
SC-101,2026-07-16 00:00:00,26.22,17.14,34.61,60.0
SC-101,2026-07-16 00:30:00,21.27,16.78,21.1,60.0
SC-101,2026-07-16 01:00:00,24.73,17.71,28.41,60.0
SC-101,2026-07-16 01:30:00,24.66,16.95,31.25,60.0
SC-101,2026-07-16 02:00:00,27.91,18.09,35.2,60.0
SC-101,2026-07-16 02:30:00,24.2,17.25,28.7,60.0
SC-101,2026-07-16 03:00:00,24.38,18.07,25.9,60.0
SC-101,2026-07-16 03:30:00,24.55,18.79,23.44,60.0
SC-101,2026-07-16 04:00:00,24.0,17.58,26.74,60.0
SC-101,2026-07-16 04:30:00,23.34,17.41,25.4,60.0
SC-101,2026-07-16 05:00:00,27.02,20.13,25.49,60.0
SC-101,2026-07-16 05:30:00,26.94,19.76,26.66,60.0
SC-101,2026-07-16 06:00:00,34.75,25.62,26.27,60.0
SC-101,2026-07-16 06:30:00,39.25,28.92,26.32,60.0
SC-101,2026-07-16 07:00:00,49.37,36.63,25.81,60.0
SC-101,2026-07-16 07:30:00,60.23,43.75,27.37,60.0
SC-101,2026-07-16 08:00:00,70.78,54.94,22.38,60.0
SC-101,2026-07-16 08:30:00,72.42,57.5,20.6,60.0
SC-101,2026-07-16 09:00:00,101.98,75.24,26.22,60.0
SC-101,2026-07-16 09:30:00,124.84,83.17,33.38,60.0
SC-101,2026-07-16 10:00:00,117.08,91.14,22.16,60.0
SC-101,2026-07-16 10:30:00,149.31,105.12,29.6,60.0
SC-101,2026-07-16 11:00:00,137.7,99.87,27.47,60.0
SC-101,2026-07-16 11:30:00,126.56,93.53,26.1,60.0
SC-101,2026-07-16 12:00:00,132.83,92.45,30.4,60.0
SC-101,2026-07-16 12:30:00,125.09,90.68,27.51,60.0
SC-101,2026-07-16 13:00:00,126.51,90.57,28.41,60.0
SC-101,2026-07-16 13:30:00,117.99,84.08,28.74,60.0
SC-101,2026-07-16 14:00:00,101.73,77.9,23.43,60.0
SC-101,2026-07-16 14:30:00,99.14,73.76,25.6,60.0
SC-101,2026-07-16 15:00:00,82.52,62.88,23.8,60.0
SC-101,2026-07-16 15:30:00,88.9,66.01,25.75,60.0
SC-101,2026-07-16 16:00:00,84.13,60.05,28.62,60.0
SC-101,2026-07-16 16:30:00,81.85,61.83,24.47,60.0
SC-101,2026-07-16 17:00:00,76.53,54.07,29.34,60.0
SC-101,2026-07-16 17:30:00,65.99,51.06,22.63,60.0
SC-101,2026-07-16 18:00:00,56.52,40.57,28.22,60.0
SC-101,2026-07-16 18:30:00,50.8,37.08,26.99,60.0
SC-101,2026-07-16 19:00:00,44.96,31.63,29.65,60.0
SC-101,2026-07-16 19:30:00,36.03,23.37,35.15,60.0
SC-101,2026-07-16 20:00:00,34.23,24.62,28.08,60.0
SC-101,2026-07-16 20:30:00,27.94,20.98,24.89,60.0
SC-101,2026-07-16 21:00:00,30.08,21.31,29.18,60.0
SC-101,2026-07-16 21:30:00,30.46,21.27,30.17,60.0
SC-101,2026-07-16 22:00:00,25.43,18.6,26.85,60.0
SC-101,2026-07-16 22:30:00,24.7,18.76,24.05,60.0
SC-101,2026-07-16 23:00:00,23.26,16.14,30.64,60.0
SC-101,2026-07-16 23:30:00,21.2,15.86,25.2,60.0
SC-101,2026-07-17 00:00:00,11.33,8.19,27.72,60.0
SC-101,2026-07-17 00:30:00,11.18,8.12,27.34,60.0
SC-101,2026-07-17 01:00:00,11.57,8.5,26.57,60.0
SC-101,2026-07-17 01:30:00,12.63,9.45,25.17,60.0
SC-101,2026-07-17 02:00:00,12.51,8.91,28.79,60.0
SC-101,2026-07-17 02:30:00,12.22,8.89,27.23,60.0
SC-101,2026-07-17 03:00:00,11.81,8.66,26.66,60.0
SC-101,2026-07-17 03:30:00,13.5,9.85,27.05,60.0
SC-101,2026-07-17 04:00:00,11.82,8.38,29.12,60.0
SC-101,2026-07-17 04:30:00,12.99,9.23,28.93,60.0
SC-101,2026-07-17 05:00:00,13.72,10.26,25.25,60.0
SC-101,2026-07-17 05:30:00,14.58,10.89,25.28,60.0
SC-101,2026-07-17 06:00:00,17.02,11.85,30.33,60.0
SC-101,2026-07-17 06:30:00,22.59,15.88,29.7,60.0
SC-101,2026-07-17 07:00:00,22.68,16.43,27.54,60.0
SC-101,2026-07-17 07:30:00,28.85,20.33,29.53,60.0
SC-101,2026-07-17 08:00:00,40.29,26.14,35.13,60.0
SC-101,2026-07-17 08:30:00,42.42,31.45,25.85,60.0
SC-101,2026-07-17 09:00:00,44.43,33.76,24.01,60.0
SC-101,2026-07-17 09:30:00,52.67,39.5,25.02,60.0
SC-101,2026-07-17 10:00:00,64.35,46.26,28.11,60.0
SC-101,2026-07-17 10:30:00,63.82,43.97,31.09,60.0
SC-101,2026-07-17 11:00:00,70.01,48.38,30.9,60.0
SC-101,2026-07-17 11:30:00,58.08,44.29,23.74,60.0
SC-101,2026-07-17 12:00:00,57.98,44.9,22.55,60.0
SC-101,2026-07-17 12:30:00,62.86,46.22,26.47,60.0
SC-101,2026-07-17 13:00:00,60.47,42.07,30.44,60.0
SC-101,2026-07-17 13:30:00,57.88,40.73,29.62,60.0
SC-101,2026-07-17 14:00:00,59.05,39.49,33.12,60.0
SC-101,2026-07-17 14:30:00,51.97,35.27,32.14,60.0
SC-101,2026-07-17 15:00:00,48.9,35.28,27.86,60.0
SC-101,2026-07-17 15:30:00,48.28,34.27,29.01,60.0
SC-101,2026-07-17 16:00:00,48.78,31.43,35.56,60.0
SC-101,2026-07-17 16:30:00,34.31,23.66,31.05,60.0
SC-101,2026-07-17 17:00:00,37.58,27.16,27.72,60.0
SC-101,2026-07-17 17:30:00,33.32,21.8,34.56,60.0
SC-101,2026-07-17 18:00:00,26.82,18.99,29.2,60.0
SC-101,2026-07-17 18:30:00,27.82,19.75,29.01,60.0
SC-101,2026-07-17 19:00:00,25.02,17.16,31.43,60.0
SC-101,2026-07-17 19:30:00,19.41,14.66,24.49,60.0
SC-101,2026-07-17 20:00:00,17.1,11.95,30.12,60.0
SC-101,2026-07-17 20:30:00,16.86,12.43,26.32,60.0
SC-101,2026-07-17 21:00:00,14.25,10.59,25.65,60.0
SC-101,2026-07-17 21:30:00,13.52,9.57,29.24,60.0
SC-101,2026-07-17 22:00:00,13.43,9.67,28.03,60.0
SC-101,2026-07-17 22:30:00,11.77,8.64,26.55,60.0
SC-101,2026-07-17 23:00:00,14.21,9.23,35.08,60.0
SC-101,2026-07-17 23:30:00,11.83,8.19,30.77,60.0
SC-101,2026-07-18 00:00:00,10.63,7.3,31.31,60.0
SC-101,2026-07-18 00:30:00,9.78,6.57,32.84,60.0
SC-101,2026-07-18 01:00:00,8.68,6.4,26.25,60.0
SC-101,2026-07-18 01:30:00,9.82,6.9,29.78,60.0
SC-101,2026-07-18 02:00:00,9.84,7.27,26.16,60.0
SC-101,2026-07-18 02:30:00,8.44,6.48,23.17,60.0
SC-101,2026-07-18 03:00:00,8.57,6.64,22.49,60.0
SC-101,2026-07-18 03:30:00,9.79,7.37,24.73,60.0
SC-101,2026-07-18 04:00:00,9.38,6.92,26.22,60.0
SC-101,2026-07-18 04:30:00,10.21,7.22,29.32,60.0
SC-101,2026-07-18 05:00:00,12.01,8.41,29.94,60.0
SC-101,2026-07-18 05:30:00,12.24,8.27,32.45,60.0
SC-101,2026-07-18 06:00:00,13.02,9.56,26.57,60.0
SC-101,2026-07-18 06:30:00,16.91,11.33,33.01,60.0
SC-101,2026-07-18 07:00:00,17.21,11.82,31.32,60.0
SC-101,2026-07-18 07:30:00,20.09,15.26,24.06,60.0
SC-101,2026-07-18 08:00:00,26.98,19.55,27.55,60.0
SC-101,2026-07-18 08:30:00,27.94,21.63,22.57,60.0
SC-101,2026-07-18 09:00:00,38.04,25.53,32.9,60.0
SC-101,2026-07-18 09:30:00,41.17,29.91,27.34,60.0
SC-101,2026-07-18 10:00:00,44.53,32.45,27.14,60.0
SC-101,2026-07-18 10:30:00,47.57,34.3,27.9,60.0
SC-101,2026-07-18 11:00:00,55.73,35.39,36.5,60.0
SC-101,2026-07-18 11:30:00,51.8,33.34,35.64,60.0
SC-101,2026-07-18 12:00:00,42.04,34.74,17.35,60.0
SC-101,2026-07-18 12:30:00,47.77,33.81,29.21,60.0
SC-101,2026-07-18 13:00:00,45.5,33.1,27.26,60.0
SC-101,2026-07-18 13:30:00,44.06,30.24,31.38,60.0
SC-101,2026-07-18 14:00:00,35.03,26.48,24.4,60.0
SC-101,2026-07-18 14:30:00,39.36,28.33,28.02,60.0
SC-101,2026-07-18 15:00:00,36.0,24.8,31.1,60.0
SC-101,2026-07-18 15:30:00,33.98,24.37,28.27,60.0
SC-101,2026-07-18 16:00:00,32.55,23.37,28.19,60.0
SC-101,2026-07-18 16:30:00,27.22,21.12,22.4,60.0
SC-101,2026-07-18 17:00:00,25.45,19.15,24.77,60.0
SC-101,2026-07-18 17:30:00,25.5,16.79,34.17,60.0
SC-101,2026-07-18 18:00:00,23.91,16.79,29.77,60.0
SC-101,2026-07-18 18:30:00,19.82,14.51,26.77,60.0
SC-101,2026-07-18 19:00:00,16.32,11.21,31.33,60.0
SC-101,2026-07-18 19:30:00,16.7,11.02,34.0,60.0
SC-101,2026-07-18 20:00:00,13.15,9.8,25.47,60.0
SC-101,2026-07-18 20:30:00,13.0,9.13,29.77,60.0
SC-101,2026-07-18 21:00:00,12.5,9.06,27.5,60.0
SC-101,2026-07-18 21:30:00,9.1,7.01,22.98,60.0
SC-101,2026-07-18 22:00:00,9.28,6.67,28.13,60.0
SC-101,2026-07-18 22:30:00,10.55,7.58,28.13,60.0
SC-101,2026-07-18 23:00:00,9.33,6.92,25.89,60.0
SC-101,2026-07-18 23:30:00,8.95,6.82,23.8,60.0
SC-101,2026-07-19 00:00:00,27.2,19.68,27.64,60.0
SC-101,2026-07-19 00:30:00,29.47,20.08,31.87,60.0
SC-101,2026-07-19 01:00:00,27.79,19.03,31.5,60.0
SC-101,2026-07-19 01:30:00,22.34,16.22,27.39,60.0
SC-101,2026-07-19 02:00:00,29.22,20.62,29.42,60.0
SC-101,2026-07-19 02:30:00,26.8,21.46,19.91,60.0
SC-101,2026-07-19 03:00:00,26.83,18.72,30.23,60.0
SC-101,2026-07-19 03:30:00,26.84,20.1,25.1,60.0
SC-101,2026-07-19 04:00:00,32.12,20.88,34.99,60.0
SC-101,2026-07-19 04:30:00,31.51,23.11,26.67,60.0
SC-101,2026-07-19 05:00:00,32.27,22.72,29.61,60.0
SC-101,2026-07-19 05:30:00,34.72,22.51,35.15,60.0
SC-101,2026-07-19 06:00:00,40.2,27.41,31.81,60.0
SC-101,2026-07-19 06:30:00,44.2,31.67,28.37,60.0
SC-101,2026-07-19 07:00:00,59.67,44.47,25.47,60.0
SC-101,2026-07-19 07:30:00,74.71,53.5,28.39,60.0
SC-101,2026-07-19 08:00:00,76.45,57.12,25.29,60.0
SC-101,2026-07-19 08:30:00,104.4,73.22,29.86,60.0
SC-101,2026-07-19 09:00:00,113.22,86.98,23.18,60.0
SC-101,2026-07-19 09:30:00,121.95,90.93,25.44,60.0
SC-101,2026-07-19 10:00:00,143.26,107.45,25.0,60.0
SC-101,2026-07-19 10:30:00,166.33,122.34,26.45,60.0
SC-101,2026-07-19 11:00:00,161.85,109.97,32.06,60.0
SC-101,2026-07-19 11:30:00,163.28,111.29,31.84,60.0
SC-101,2026-07-19 12:00:00,163.63,115.36,29.5,60.0
SC-101,2026-07-19 12:30:00,167.97,117.93,29.79,60.0
SC-101,2026-07-19 13:00:00,156.73,118.91,24.13,60.0
SC-101,2026-07-19 13:30:00,123.25,94.87,23.03,60.0
SC-101,2026-07-19 14:00:00,139.27,96.3,30.86,60.0
SC-101,2026-07-19 14:30:00,109.49,83.67,23.58,60.0
SC-101,2026-07-19 15:00:00,104.96,76.65,26.97,60.0
SC-101,2026-07-19 15:30:00,98.22,70.25,28.47,60.0
SC-101,2026-07-19 16:00:00,91.28,72.23,20.88,60.0
SC-101,2026-07-19 16:30:00,102.29,73.09,28.54,60.0
SC-101,2026-07-19 17:00:00,90.42,62.21,31.19,60.0
SC-101,2026-07-19 17:30:00,79.87,57.78,27.66,60.0
SC-101,2026-07-19 18:00:00,73.31,50.72,30.82,60.0
SC-101,2026-07-19 18:30:00,73.35,50.17,31.6,60.0
SC-101,2026-07-19 19:00:00,58.36,38.87,33.39,60.0
SC-101,2026-07-19 19:30:00,47.29,36.46,22.92,60.0
SC-101,2026-07-19 20:00:00,49.81,33.93,31.87,60.0
SC-101,2026-07-19 20:30:00,39.01,26.55,31.96,60.0
SC-101,2026-07-19 21:00:00,36.06,26.35,26.91,60.0
SC-101,2026-07-19 21:30:00,32.28,23.51,27.15,60.0
SC-101,2026-07-19 22:00:00,29.78,21.69,27.18,60.0
SC-101,2026-07-19 22:30:00,29.69,21.44,27.79,60.0
SC-101,2026-07-19 23:00:00,31.97,23.47,26.57,60.0
SC-101,2026-07-19 23:30:00,30.9,20.05,35.13,60.0
SC-101,2026-07-20 00:00:00,24.27,17.87,26.39,60.0
SC-101,2026-07-20 00:30:00,26.68,19.67,26.27,60.0
SC-101,2026-07-20 01:00:00,27.45,18.6,32.25,60.0
SC-101,2026-07-20 01:30:00,23.01,18.38,20.1,60.0
SC-101,2026-07-20 02:00:00,30.03,21.82,27.35,60.0
SC-101,2026-07-20 02:30:00,28.64,20.35,28.96,60.0
SC-101,2026-07-20 03:00:00,30.96,20.22,34.68,60.0
SC-101,2026-07-20 03:30:00,29.32,20.33,30.68,60.0
SC-101,2026-07-20 04:00:00,25.93,19.14,26.21,60.0
SC-101,2026-07-20 04:30:00,26.02,19.34,25.68,60.0
SC-101,2026-07-20 05:00:00,30.52,21.53,29.46,60.0
SC-101,2026-07-20 05:30:00,33.55,25.66,23.53,60.0
SC-101,2026-07-20 06:00:00,30.55,22.2,27.35,60.0
SC-101,2026-07-20 06:30:00,46.74,32.54,30.38,60.0
SC-101,2026-07-20 07:00:00,61.93,43.95,29.04,60.0
SC-101,2026-07-20 07:30:00,62.08,47.51,23.47,60.0
SC-101,2026-07-20 08:00:00,78.43,57.52,26.66,60.0
SC-101,2026-07-20 08:30:00,103.43,78.19,24.4,60.0
SC-101,2026-07-20 09:00:00,107.09,80.3,25.02,60.0
SC-101,2026-07-20 09:30:00,151.08,103.15,31.72,60.0
SC-101,2026-07-20 10:00:00,142.88,105.84,25.92,60.0
SC-101,2026-07-20 10:30:00,153.35,113.11,26.24,60.0
SC-101,2026-07-20 11:00:00,141.17,102.62,27.31,60.0
SC-101,2026-07-20 11:30:00,154.81,108.7,29.78,60.0
SC-101,2026-07-20 12:00:00,160.64,112.9,29.72,60.0
SC-101,2026-07-20 12:30:00,131.62,100.93,23.32,60.0
SC-101,2026-07-20 13:00:00,125.8,96.07,23.63,60.0
SC-101,2026-07-20 13:30:00,121.97,95.9,21.38,60.0
SC-101,2026-07-20 14:00:00,120.42,84.8,29.58,60.0
SC-101,2026-07-20 14:30:00,114.59,82.33,28.15,60.0
SC-101,2026-07-20 15:00:00,103.76,75.98,26.78,60.0
SC-101,2026-07-20 15:30:00,93.85,67.08,28.52,60.0
SC-101,2026-07-20 16:00:00,96.98,70.09,27.73,60.0
SC-101,2026-07-20 16:30:00,96.48,73.66,23.65,60.0
SC-101,2026-07-20 17:00:00,91.45,66.02,27.8,60.0
SC-101,2026-07-20 17:30:00,67.66,49.69,26.56,60.0
SC-101,2026-07-20 18:00:00,69.81,50.93,27.05,60.0
SC-101,2026-07-20 18:30:00,59.94,43.42,27.56,60.0
SC-101,2026-07-20 19:00:00,51.53,37.57,27.09,60.0
SC-101,2026-07-20 19:30:00,38.9,28.98,25.49,60.0
SC-101,2026-07-20 20:00:00,46.53,33.01,29.07,60.0
SC-101,2026-07-20 20:30:00,34.85,26.83,23.01,60.0
SC-101,2026-07-20 21:00:00,32.86,24.78,24.61,60.0
SC-101,2026-07-20 21:30:00,29.42,21.01,28.59,60.0
SC-101,2026-07-20 22:00:00,33.72,23.48,30.37,60.0
SC-101,2026-07-20 22:30:00,29.72,21.21,28.63,60.0
SC-101,2026-07-20 23:00:00,29.75,20.35,31.61,60.0
SC-101,2026-07-20 23:30:00,26.21,18.38,29.86,60.0
SC-101,2026-07-21 00:00:00,24.99,16.74,33.01,60.0
SC-101,2026-07-21 00:30:00,23.89,17.35,27.37,60.0
SC-101,2026-07-21 01:00:00,21.33,15.63,26.71,60.0
SC-101,2026-07-21 01:30:00,23.41,18.42,21.28,60.0
SC-101,2026-07-21 02:00:00,22.65,17.11,24.43,60.0
SC-101,2026-07-21 02:30:00,24.68,18.5,25.06,60.0
SC-101,2026-07-21 03:00:00,28.77,19.62,31.8,60.0
SC-101,2026-07-21 03:30:00,23.15,16.45,28.95,60.0
SC-101,2026-07-21 04:00:00,24.01,17.61,26.65,60.0
SC-101,2026-07-21 04:30:00,27.19,19.29,29.08,60.0
SC-101,2026-07-21 05:00:00,27.8,19.29,30.6,60.0
SC-101,2026-07-21 05:30:00,32.06,23.24,27.52,60.0
SC-101,2026-07-21 06:00:00,32.9,23.64,28.14,60.0
SC-101,2026-07-21 06:30:00,38.81,26.87,30.76,60.0
SC-101,2026-07-21 07:00:00,53.32,36.32,31.88,60.0
SC-101,2026-07-21 07:30:00,61.42,41.17,32.98,60.0
SC-101,2026-07-21 08:00:00,80.32,52.08,35.17,60.0
SC-101,2026-07-21 08:30:00,91.69,66.94,26.99,60.0
SC-101,2026-07-21 09:00:00,98.61,76.36,22.57,60.0
SC-101,2026-07-21 09:30:00,101.36,75.47,25.54,60.0
SC-101,2026-07-21 10:00:00,126.9,92.3,27.27,60.0
SC-101,2026-07-21 10:30:00,129.44,91.71,29.15,60.0
SC-101,2026-07-21 11:00:00,150.74,107.28,28.83,60.0
SC-101,2026-07-21 11:30:00,140.52,102.45,27.09,60.0
SC-101,2026-07-21 12:00:00,130.66,95.46,26.94,60.0
SC-101,2026-07-21 12:30:00,152.97,100.1,34.56,60.0
SC-101,2026-07-21 13:00:00,119.01,86.24,27.53,60.0
SC-101,2026-07-21 13:30:00,122.29,88.02,28.03,60.0
SC-101,2026-07-21 14:00:00,110.88,77.49,30.11,60.0
SC-101,2026-07-21 14:30:00,110.87,74.6,32.71,60.0
SC-101,2026-07-21 15:00:00,112.58,76.19,32.33,60.0
SC-101,2026-07-21 15:30:00,84.8,59.51,29.83,60.0
SC-101,2026-07-21 16:00:00,87.77,63.77,27.34,60.0
SC-101,2026-07-21 16:30:00,91.52,63.46,30.66,60.0
SC-101,2026-07-21 17:00:00,68.76,49.39,28.18,60.0
SC-101,2026-07-21 17:30:00,70.54,50.15,28.9,60.0
SC-101,2026-07-21 18:00:00,60.56,41.68,31.18,60.0
SC-101,2026-07-21 18:30:00,52.83,38.33,27.44,60.0
SC-101,2026-07-21 19:00:00,45.38,35.25,22.33,60.0
SC-101,2026-07-21 19:30:00,47.76,33.13,30.64,60.0
SC-101,2026-07-21 20:00:00,41.44,27.28,34.18,60.0
SC-101,2026-07-21 20:30:00,30.34,23.89,21.25,60.0
SC-101,2026-07-21 21:00:00,32.61,23.03,29.36,60.0
SC-101,2026-07-21 21:30:00,28.48,21.19,25.59,60.0
SC-101,2026-07-21 22:00:00,31.38,22.89,27.04,60.0
SC-101,2026-07-21 22:30:00,27.06,18.84,30.39,60.0
SC-101,2026-07-21 23:00:00,21.82,15.86,27.33,60.0
SC-101,2026-07-21 23:30:00,24.17,17.86,26.1,60.0
SC-101,2026-07-22 00:00:00,25.07,16.64,33.65,60.0
SC-101,2026-07-22 00:30:00,21.08,15.46,26.64,60.0
SC-101,2026-07-22 01:00:00,26.72,17.78,33.44,60.0
SC-101,2026-07-22 01:30:00,23.96,16.29,32.0,60.0
SC-101,2026-07-22 02:00:00,25.15,18.1,28.03,60.0
SC-101,2026-07-22 02:30:00,21.66,15.39,28.97,60.0
SC-101,2026-07-22 03:00:00,25.54,17.32,32.17,60.0
SC-101,2026-07-22 03:30:00,25.8,17.83,30.89,60.0
SC-101,2026-07-22 04:00:00,23.4,16.94,27.61,60.0
SC-101,2026-07-22 04:30:00,26.15,18.7,28.48,60.0
SC-101,2026-07-22 05:00:00,27.25,19.44,28.66,60.0
SC-101,2026-07-22 05:30:00,26.94,19.91,26.09,60.0
SC-101,2026-07-22 06:00:00,31.67,24.59,22.34,60.0
SC-101,2026-07-22 06:30:00,37.21,26.29,29.34,60.0
SC-101,2026-07-22 07:00:00,44.8,33.77,24.61,60.0
SC-101,2026-07-22 07:30:00,53.77,37.41,30.43,60.0
SC-101,2026-07-22 08:00:00,71.01,47.7,32.82,60.0
SC-101,2026-07-22 08:30:00,89.78,60.26,32.88,60.0
SC-101,2026-07-22 09:00:00,101.21,72.84,28.03,60.0
SC-101,2026-07-22 09:30:00,112.26,83.57,25.56,60.0
SC-101,2026-07-22 10:00:00,133.19,99.63,25.2,60.0
SC-101,2026-07-22 10:30:00,121.55,87.63,27.91,60.0
SC-101,2026-07-22 11:00:00,148.74,102.73,30.94,60.0
SC-101,2026-07-22 11:30:00,141.12,99.99,29.15,60.0
SC-101,2026-07-22 12:00:00,133.94,94.93,29.12,60.0
SC-101,2026-07-22 12:30:00,135.33,98.91,26.91,60.0
SC-101,2026-07-22 13:00:00,132.11,97.59,26.13,60.0
SC-101,2026-07-22 13:30:00,107.72,70.44,34.61,60.0
SC-101,2026-07-22 14:00:00,115.17,77.87,32.39,60.0
SC-101,2026-07-22 14:30:00,103.53,74.15,28.38,60.0
SC-101,2026-07-22 15:00:00,101.6,69.14,31.95,60.0
SC-101,2026-07-22 15:30:00,100.11,67.02,33.05,60.0
SC-101,2026-07-22 16:00:00,90.98,67.6,25.7,60.0
SC-101,2026-07-22 16:30:00,78.59,57.17,27.25,60.0
SC-101,2026-07-22 17:00:00,75.09,56.69,24.5,60.0
SC-101,2026-07-22 17:30:00,64.37,47.07,26.87,60.0
SC-101,2026-07-22 18:00:00,61.84,44.96,27.29,60.0
SC-101,2026-07-22 18:30:00,51.92,38.54,25.78,60.0
SC-101,2026-07-22 19:00:00,43.57,32.47,25.47,60.0
SC-101,2026-07-22 19:30:00,41.66,30.07,27.82,60.0
SC-101,2026-07-22 20:00:00,35.97,25.88,28.06,60.0
SC-101,2026-07-22 20:30:00,30.98,22.97,25.86,60.0
SC-101,2026-07-22 21:00:00,31.59,21.38,32.33,60.0
SC-101,2026-07-22 21:30:00,29.07,20.48,29.54,60.0
SC-101,2026-07-22 22:00:00,25.13,17.13,31.85,60.0
SC-101,2026-07-22 22:30:00,27.97,20.64,26.22,60.0
SC-101,2026-07-22 23:00:00,23.78,16.72,29.71,60.0
SC-101,2026-07-22 23:30:00,21.62,15.73,27.25,60.0
SC-101,2026-07-23 00:00:00,25.2,17.09,32.18,60.0
SC-101,2026-07-23 00:30:00,24.03,16.58,31.01,60.0
SC-101,2026-07-23 01:00:00,24.81,16.87,32.01,60.0
SC-101,2026-07-23 01:30:00,24.15,16.14,33.16,60.0
SC-101,2026-07-23 02:00:00,23.82,16.45,30.95,60.0
SC-101,2026-07-23 02:30:00,23.55,16.84,28.47,60.0
SC-101,2026-07-23 03:00:00,25.32,17.75,29.9,60.0
SC-101,2026-07-23 03:30:00,21.7,16.3,24.88,60.0
SC-101,2026-07-23 04:00:00,22.92,16.52,27.93,60.0
SC-101,2026-07-23 04:30:00,25.05,17.48,30.22,60.0
SC-101,2026-07-23 05:00:00,24.65,17.36,29.57,60.0
SC-101,2026-07-23 05:30:00,27.92,18.68,33.08,60.0
SC-101,2026-07-23 06:00:00,30.8,22.83,25.9,60.0
SC-101,2026-07-23 06:30:00,40.03,27.47,31.37,60.0
SC-101,2026-07-23 07:00:00,47.27,31.94,32.44,60.0
SC-101,2026-07-23 07:30:00,59.24,43.34,26.84,60.0
SC-101,2026-07-23 08:00:00,69.51,49.14,29.31,60.0
SC-101,2026-07-23 08:30:00,74.29,54.69,26.39,60.0
SC-101,2026-07-23 09:00:00,90.46,65.75,27.31,60.0
SC-101,2026-07-23 09:30:00,113.98,81.51,28.49,60.0
SC-101,2026-07-23 10:00:00,124.44,92.02,26.05,60.0
SC-101,2026-07-23 10:30:00,123.3,84.09,31.8,60.0
SC-101,2026-07-23 11:00:00,141.77,101.42,28.46,60.0
SC-101,2026-07-23 11:30:00,125.34,89.43,28.66,60.0
SC-101,2026-07-23 12:00:00,116.78,92.01,21.21,60.0
SC-101,2026-07-23 12:30:00,143.52,96.81,32.55,60.0
SC-101,2026-07-23 13:00:00,102.14,73.64,27.9,60.0
SC-101,2026-07-23 13:30:00,112.9,76.3,32.42,60.0
SC-101,2026-07-23 14:00:00,108.42,75.14,30.7,60.0
SC-101,2026-07-23 14:30:00,108.32,77.8,28.18,60.0
SC-101,2026-07-23 15:00:00,88.21,64.69,26.67,60.0
SC-101,2026-07-23 15:30:00,87.41,58.87,32.65,60.0
SC-101,2026-07-23 16:00:00,80.14,57.3,28.51,60.0
SC-101,2026-07-23 16:30:00,75.79,56.46,25.51,60.0
SC-101,2026-07-23 17:00:00,82.57,56.26,31.87,60.0
SC-101,2026-07-23 17:30:00,65.23,48.84,25.13,60.0
SC-101,2026-07-23 18:00:00,61.75,41.19,33.3,60.0
SC-101,2026-07-23 18:30:00,48.27,34.74,28.03,60.0
SC-101,2026-07-23 19:00:00,39.81,30.9,22.39,60.0
SC-101,2026-07-23 19:30:00,34.69,25.5,26.48,60.0
SC-101,2026-07-23 20:00:00,36.76,25.87,29.63,60.0
SC-101,2026-07-23 20:30:00,28.94,21.33,26.27,60.0
SC-101,2026-07-23 21:00:00,28.24,21.03,25.52,60.0
SC-101,2026-07-23 21:30:00,26.51,17.49,34.02,60.0
SC-101,2026-07-23 22:00:00,27.23,18.89,30.62,60.0
SC-101,2026-07-23 22:30:00,23.65,16.08,32.02,60.0
SC-101,2026-07-23 23:00:00,23.31,16.03,31.2,60.0
SC-101,2026-07-23 23:30:00,23.9,17.43,27.08,60.0
SC-101,2026-07-24 00:00:00,12.33,9.19,25.44,60.0
SC-101,2026-07-24 00:30:00,10.92,8.2,24.88,60.0
SC-101,2026-07-24 01:00:00,12.77,8.48,33.54,60.0
SC-101,2026-07-24 01:30:00,10.5,7.45,29.09,60.0
SC-101,2026-07-24 02:00:00,11.56,8.07,30.22,60.0
SC-101,2026-07-24 02:30:00,10.79,8.35,22.64,60.0
SC-101,2026-07-24 03:00:00,12.19,9.02,25.95,60.0
SC-101,2026-07-24 03:30:00,11.63,8.31,28.59,60.0
SC-101,2026-07-24 04:00:00,13.73,9.36,31.83,60.0
SC-101,2026-07-24 04:30:00,12.38,8.83,28.62,60.0
SC-101,2026-07-24 05:00:00,12.84,7.95,38.07,60.0
SC-101,2026-07-24 05:30:00,13.45,9.97,25.86,60.0
SC-101,2026-07-24 06:00:00,18.14,13.25,26.98,60.0
SC-101,2026-07-24 06:30:00,18.14,12.86,29.1,60.0
SC-101,2026-07-24 07:00:00,24.08,17.39,27.79,60.0
SC-101,2026-07-24 07:30:00,25.46,18.52,27.25,60.0
SC-101,2026-07-24 08:00:00,31.66,23.03,27.26,60.0
SC-101,2026-07-24 08:30:00,41.63,28.55,31.42,60.0
SC-101,2026-07-24 09:00:00,48.37,38.53,20.35,60.0
SC-101,2026-07-24 09:30:00,62.35,40.31,35.35,60.0
SC-101,2026-07-24 10:00:00,57.7,40.48,29.84,60.0
SC-101,2026-07-24 10:30:00,65.19,44.87,31.17,60.0
SC-101,2026-07-24 11:00:00,61.34,43.51,29.06,60.0
SC-101,2026-07-24 11:30:00,50.13,39.54,21.12,60.0
SC-101,2026-07-24 12:00:00,63.98,47.01,26.52,60.0
SC-101,2026-07-24 12:30:00,63.09,44.11,30.08,60.0
SC-101,2026-07-24 13:00:00,57.62,41.72,27.6,60.0
SC-101,2026-07-24 13:30:00,52.24,36.62,29.91,60.0
SC-101,2026-07-24 14:00:00,54.43,37.33,31.43,60.0
SC-101,2026-07-24 14:30:00,48.64,31.46,35.31,60.0
SC-101,2026-07-24 15:00:00,40.21,30.18,24.94,60.0
SC-101,2026-07-24 15:30:00,48.34,33.09,31.56,60.0
SC-101,2026-07-24 16:00:00,40.84,29.7,27.28,60.0
SC-101,2026-07-24 16:30:00,34.41,25.05,27.21,60.0
SC-101,2026-07-24 17:00:00,35.7,26.32,26.27,60.0
SC-101,2026-07-24 17:30:00,30.05,22.06,26.59,60.0
SC-101,2026-07-24 18:00:00,25.72,19.44,24.42,60.0
SC-101,2026-07-24 18:30:00,28.12,19.43,30.92,60.0
SC-101,2026-07-24 19:00:00,22.21,15.22,31.46,60.0
SC-101,2026-07-24 19:30:00,16.83,12.25,27.23,60.0
SC-101,2026-07-24 20:00:00,17.52,12.54,28.39,60.0
SC-101,2026-07-24 20:30:00,15.87,11.02,30.56,60.0
SC-101,2026-07-24 21:00:00,13.04,9.35,28.31,60.0
SC-101,2026-07-24 21:30:00,13.18,8.67,34.24,60.0
SC-101,2026-07-24 22:00:00,13.08,8.86,32.26,60.0
SC-101,2026-07-24 22:30:00,13.74,8.82,35.79,60.0
SC-101,2026-07-24 23:00:00,12.22,8.15,33.3,60.0
SC-101,2026-07-24 23:30:00,11.74,8.38,28.66,60.0
SC-101,2026-07-25 00:00:00,8.79,6.5,26.06,60.0
SC-101,2026-07-25 00:30:00,9.18,6.53,28.8,60.0
SC-101,2026-07-25 01:00:00,10.94,7.22,34.0,60.0
SC-101,2026-07-25 01:30:00,8.59,6.82,20.61,60.0
SC-101,2026-07-25 02:00:00,9.35,7.14,23.68,60.0
SC-101,2026-07-25 02:30:00,9.47,7.03,25.74,60.0
SC-101,2026-07-25 03:00:00,10.05,7.46,25.75,60.0
SC-101,2026-07-25 03:30:00,10.04,7.26,27.68,60.0
SC-101,2026-07-25 04:00:00,9.02,6.71,25.59,60.0
SC-101,2026-07-25 04:30:00,9.19,6.59,28.26,60.0
SC-101,2026-07-25 05:00:00,10.98,8.15,25.78,60.0
SC-101,2026-07-25 05:30:00,13.37,9.29,30.49,60.0
SC-101,2026-07-25 06:00:00,13.18,9.54,27.57,60.0
SC-101,2026-07-25 06:30:00,14.87,11.97,19.49,60.0
SC-101,2026-07-25 07:00:00,19.1,14.44,24.43,60.0
SC-101,2026-07-25 07:30:00,24.94,17.64,29.3,60.0
SC-101,2026-07-25 08:00:00,30.53,23.36,23.49,60.0
SC-101,2026-07-25 08:30:00,33.42,25.48,23.76,60.0
SC-101,2026-07-25 09:00:00,41.74,27.83,33.31,60.0
SC-101,2026-07-25 09:30:00,42.66,29.67,30.47,60.0
SC-101,2026-07-25 10:00:00,50.03,36.17,27.7,60.0
SC-101,2026-07-25 10:30:00,45.65,35.75,21.68,60.0
SC-101,2026-07-25 11:00:00,46.1,33.68,26.93,60.0
SC-101,2026-07-25 11:30:00,49.46,35.75,27.72,60.0
SC-101,2026-07-25 12:00:00,48.95,34.86,28.8,60.0
SC-101,2026-07-25 12:30:00,53.02,37.4,29.47,60.0
SC-101,2026-07-25 13:00:00,47.42,32.86,30.71,60.0
SC-101,2026-07-25 13:30:00,42.17,30.8,26.96,60.0
SC-101,2026-07-25 14:00:00,42.0,29.96,28.66,60.0
SC-101,2026-07-25 14:30:00,43.08,28.63,33.55,60.0
SC-101,2026-07-25 15:00:00,37.61,27.31,27.37,60.0
SC-101,2026-07-25 15:30:00,29.58,22.5,23.93,60.0
SC-101,2026-07-25 16:00:00,31.7,23.94,24.48,60.0
SC-101,2026-07-25 16:30:00,28.7,20.36,29.05,60.0
SC-101,2026-07-25 17:00:00,27.32,19.92,27.1,60.0
SC-101,2026-07-25 17:30:00,26.21,18.46,29.56,60.0
SC-101,2026-07-25 18:00:00,25.44,17.47,31.33,60.0
SC-101,2026-07-25 18:30:00,20.33,14.92,26.59,60.0
SC-101,2026-07-25 19:00:00,18.87,14.07,25.42,60.0
SC-101,2026-07-25 19:30:00,16.88,12.15,27.98,60.0
SC-101,2026-07-25 20:00:00,13.7,9.59,29.96,60.0
SC-101,2026-07-25 20:30:00,12.65,9.42,25.55,60.0
SC-101,2026-07-25 21:00:00,12.3,8.72,29.07,60.0
SC-101,2026-07-25 21:30:00,10.74,8.02,25.34,60.0
SC-101,2026-07-25 22:00:00,11.07,8.03,27.44,60.0
SC-101,2026-07-25 22:30:00,10.92,7.74,29.09,60.0
SC-101,2026-07-25 23:00:00,9.98,7.33,26.58,60.0
SC-101,2026-07-25 23:30:00,9.25,7.23,21.88,60.0
SC-101,2026-07-26 00:00:00,25.45,18.84,25.99,60.0
SC-101,2026-07-26 00:30:00,25.61,18.73,26.87,60.0
SC-101,2026-07-26 01:00:00,24.42,18.31,25.01,60.0
SC-101,2026-07-26 01:30:00,29.42,21.04,28.48,60.0
SC-101,2026-07-26 02:00:00,29.33,20.42,30.39,60.0
SC-101,2026-07-26 02:30:00,29.69,21.18,28.65,60.0
SC-101,2026-07-26 03:00:00,34.78,24.09,30.74,60.0
SC-101,2026-07-26 03:30:00,31.16,22.88,26.56,60.0
SC-101,2026-07-26 04:00:00,33.42,20.93,37.37,60.0
SC-101,2026-07-26 04:30:00,29.14,21.82,25.13,60.0
SC-101,2026-07-26 05:00:00,30.32,22.01,27.41,60.0
SC-101,2026-07-26 05:30:00,34.6,26.34,23.86,60.0
SC-101,2026-07-26 06:00:00,39.28,30.02,23.58,60.0
SC-101,2026-07-26 06:30:00,46.78,32.58,30.34,60.0
SC-101,2026-07-26 07:00:00,56.62,42.78,24.43,60.0
SC-101,2026-07-26 07:30:00,81.64,57.25,29.87,60.0
SC-101,2026-07-26 08:00:00,91.67,67.12,26.78,60.0
SC-101,2026-07-26 08:30:00,102.9,76.53,25.62,60.0
SC-101,2026-07-26 09:00:00,122.19,93.0,23.89,60.0
SC-101,2026-07-26 09:30:00,145.31,105.21,27.59,60.0
SC-101,2026-07-26 10:00:00,148.06,110.43,25.42,60.0
SC-101,2026-07-26 10:30:00,180.7,127.06,29.68,60.0
SC-101,2026-07-26 11:00:00,194.49,140.11,27.96,60.0
SC-101,2026-07-26 11:30:00,156.09,113.94,27.0,60.0
SC-101,2026-07-26 12:00:00,149.47,110.44,26.11,60.0
SC-101,2026-07-26 12:30:00,147.62,107.15,27.42,60.0
SC-101,2026-07-26 13:00:00,157.97,115.14,27.11,60.0
SC-101,2026-07-26 13:30:00,150.84,105.54,30.03,60.0
SC-101,2026-07-26 14:00:00,118.62,94.03,20.73,60.0
SC-101,2026-07-26 14:30:00,138.48,96.84,30.07,60.0
SC-101,2026-07-26 15:00:00,128.15,86.85,32.23,60.0
SC-101,2026-07-26 15:30:00,122.79,85.06,30.73,60.0
SC-101,2026-07-26 16:00:00,111.61,77.13,30.89,60.0
SC-101,2026-07-26 16:30:00,97.87,74.2,24.19,60.0
SC-101,2026-07-26 17:00:00,85.48,62.49,26.9,60.0
SC-101,2026-07-26 17:30:00,75.24,59.88,20.42,60.0
SC-101,2026-07-26 18:00:00,68.91,48.9,29.03,60.0
SC-101,2026-07-26 18:30:00,75.22,52.12,30.72,60.0
SC-101,2026-07-26 19:00:00,55.65,42.04,24.46,60.0
SC-101,2026-07-26 19:30:00,47.76,34.01,28.79,60.0
SC-101,2026-07-26 20:00:00,44.15,32.66,26.02,60.0
SC-101,2026-07-26 20:30:00,36.4,26.44,27.37,60.0
SC-101,2026-07-26 21:00:00,38.27,28.61,25.25,60.0
SC-101,2026-07-26 21:30:00,33.32,24.1,27.67,60.0
SC-101,2026-07-26 22:00:00,30.74,21.41,30.33,60.0
SC-101,2026-07-26 22:30:00,32.9,21.62,34.29,60.0
SC-101,2026-07-26 23:00:00,27.9,20.41,26.86,60.0
SC-101,2026-07-26 23:30:00,29.38,21.75,25.97,60.0
SC-101,2026-07-27 00:00:00,27.41,18.48,32.59,60.0
SC-101,2026-07-27 00:30:00,23.71,16.96,28.49,60.0
SC-101,2026-07-27 01:00:00,21.21,16.7,21.27,60.0
SC-101,2026-07-27 01:30:00,24.58,16.91,31.22,60.0
SC-101,2026-07-27 02:00:00,23.73,16.66,29.79,60.0
SC-101,2026-07-27 02:30:00,21.8,16.96,22.2,60.0
SC-101,2026-07-27 03:00:00,23.82,16.87,29.16,60.0
SC-101,2026-07-27 03:30:00,24.14,18.15,24.81,60.0
SC-101,2026-07-27 04:00:00,25.82,19.2,25.65,60.0
SC-101,2026-07-27 04:30:00,26.38,18.11,31.35,60.0
SC-101,2026-07-27 05:00:00,27.8,20.53,26.14,60.0
SC-101,2026-07-27 05:30:00,29.94,22.16,25.99,60.0
SC-101,2026-07-27 06:00:00,31.23,22.76,27.13,60.0
SC-101,2026-07-27 06:30:00,38.6,28.38,26.49,60.0
SC-101,2026-07-27 07:00:00,46.91,33.23,29.17,60.0
SC-101,2026-07-27 07:30:00,66.38,47.43,28.55,60.0
SC-101,2026-07-27 08:00:00,70.34,51.83,26.31,60.0
SC-101,2026-07-27 08:30:00,77.48,58.62,24.35,60.0
SC-101,2026-07-27 09:00:00,96.52,71.44,25.98,60.0
SC-101,2026-07-27 09:30:00,114.01,83.75,26.54,60.0
SC-101,2026-07-27 10:00:00,122.09,94.18,22.86,60.0
SC-101,2026-07-27 10:30:00,114.36,89.0,22.18,60.0
SC-101,2026-07-27 11:00:00,140.31,104.8,25.3,60.0
SC-101,2026-07-27 11:30:00,132.21,91.24,30.99,60.0
SC-101,2026-07-27 12:00:00,134.91,96.19,28.7,60.0
SC-101,2026-07-27 12:30:00,120.74,83.98,30.45,60.0
SC-101,2026-07-27 13:00:00,139.11,94.25,32.24,60.0
SC-101,2026-07-27 13:30:00,104.57,69.63,33.41,60.0
SC-101,2026-07-27 14:00:00,101.0,76.4,24.35,60.0
SC-101,2026-07-27 14:30:00,99.78,75.5,24.34,60.0
SC-101,2026-07-27 15:00:00,98.03,69.36,29.25,60.0
SC-101,2026-07-27 15:30:00,86.4,61.0,29.39,60.0
SC-101,2026-07-27 16:00:00,99.99,69.41,30.58,60.0
SC-101,2026-07-27 16:30:00,86.05,61.93,28.03,60.0
SC-101,2026-07-27 17:00:00,90.22,58.75,34.88,60.0
SC-101,2026-07-27 17:30:00,70.73,49.69,29.75,60.0
SC-101,2026-07-27 18:00:00,62.98,47.64,24.37,60.0
SC-101,2026-07-27 18:30:00,51.57,36.93,28.4,60.0
SC-101,2026-07-27 19:00:00,48.23,34.2,29.09,60.0
SC-101,2026-07-27 19:30:00,38.22,28.35,25.83,60.0
SC-101,2026-07-27 20:00:00,32.71,24.27,25.83,60.0
SC-101,2026-07-27 20:30:00,35.76,23.34,34.72,60.0
SC-101,2026-07-27 21:00:00,30.86,20.72,32.88,60.0
SC-101,2026-07-27 21:30:00,26.69,19.79,25.87,60.0
SC-101,2026-07-27 22:00:00,25.02,18.42,26.38,60.0
SC-101,2026-07-27 22:30:00,25.65,18.22,28.96,60.0
SC-101,2026-07-27 23:00:00,23.9,17.2,28.01,60.0
SC-101,2026-07-27 23:30:00,24.47,18.49,24.43,60.0
SC-102,2026-06-30 08:00:00,30.71,22.03,28.25,90.0
SC-102,2026-06-30 08:30:00,49.09,35.79,27.09,90.0
SC-102,2026-06-30 09:00:00,68.04,43.12,36.63,90.0
SC-102,2026-06-30 09:30:00,65.25,49.81,23.66,90.0
SC-102,2026-06-30 10:00:00,85.7,61.97,27.69,90.0
SC-102,2026-06-30 10:30:00,86.73,59.15,31.8,90.0
SC-102,2026-06-30 11:00:00,98.59,71.92,27.05,90.0
SC-102,2026-06-30 11:30:00,107.04,72.09,32.65,90.0
SC-102,2026-06-30 12:00:00,98.05,68.84,29.79,90.0
SC-102,2026-06-30 12:30:00,89.17,62.99,29.36,90.0
SC-102,2026-06-30 13:00:00,80.07,59.8,25.32,90.0
SC-102,2026-06-30 13:30:00,72.27,52.34,27.58,90.0
SC-102,2026-06-30 14:00:00,65.14,47.73,26.73,90.0
SC-102,2026-06-30 14:30:00,66.38,46.14,30.49,90.0
SC-102,2026-06-30 15:00:00,70.85,45.88,35.24,90.0
SC-102,2026-06-30 15:30:00,59.51,42.41,28.74,90.0
SC-102,2026-06-30 16:00:00,54.21,33.77,37.71,90.0
SC-102,2026-06-30 16:30:00,52.5,35.97,31.5,90.0
SC-102,2026-06-30 17:00:00,44.36,32.52,26.69,90.0
SC-102,2026-06-30 17:30:00,33.1,23.1,30.23,90.0
SC-102,2026-06-30 18:00:00,29.16,20.24,30.61,90.0
SC-102,2026-06-30 18:30:00,29.87,19.39,35.1,90.0
SC-102,2026-06-30 19:00:00,17.45,12.79,26.75,90.0
SC-102,2026-06-30 19:30:00,14.47,10.33,28.58,90.0
SC-102,2026-07-01 08:00:00,31.6,22.93,27.43,90.0
SC-102,2026-07-01 08:30:00,49.59,35.09,29.23,90.0
SC-102,2026-07-01 09:00:00,62.3,42.97,31.03,90.0
SC-102,2026-07-01 09:30:00,65.67,47.01,28.41,90.0
SC-102,2026-07-01 10:00:00,99.73,65.44,34.38,90.0
SC-102,2026-07-01 10:30:00,97.77,67.29,31.18,90.0
SC-102,2026-07-01 11:00:00,105.65,72.88,31.02,90.0
SC-102,2026-07-01 11:30:00,79.85,59.41,25.59,90.0
SC-102,2026-07-01 12:00:00,81.02,59.43,26.65,90.0
SC-102,2026-07-01 12:30:00,74.3,52.38,29.5,90.0
SC-102,2026-07-01 13:00:00,74.56,53.0,28.92,90.0
SC-102,2026-07-01 13:30:00,77.03,54.6,29.11,90.0
SC-102,2026-07-01 14:00:00,73.48,48.2,34.4,90.0
SC-102,2026-07-01 14:30:00,77.9,51.8,33.5,90.0
SC-102,2026-07-01 15:00:00,51.94,39.78,23.41,90.0
SC-102,2026-07-01 15:30:00,56.16,40.33,28.19,90.0
SC-102,2026-07-01 16:00:00,48.33,36.04,25.42,90.0
SC-102,2026-07-01 16:30:00,47.92,33.78,29.51,90.0
SC-102,2026-07-01 17:00:00,44.36,30.85,30.45,90.0
SC-102,2026-07-01 17:30:00,36.76,27.41,25.45,90.0
SC-102,2026-07-01 18:00:00,25.62,18.89,26.26,90.0
SC-102,2026-07-01 18:30:00,26.41,17.15,35.06,90.0
SC-102,2026-07-01 19:00:00,19.07,13.69,28.22,90.0
SC-102,2026-07-01 19:30:00,15.88,10.61,33.2,90.0
SC-102,2026-07-02 08:00:00,28.8,19.6,31.96,90.0
SC-102,2026-07-02 08:30:00,43.17,30.94,28.32,90.0
SC-102,2026-07-02 09:00:00,47.33,35.24,25.56,90.0
SC-102,2026-07-02 09:30:00,58.7,45.42,22.61,90.0
SC-102,2026-07-02 10:00:00,68.65,51.92,24.37,90.0
SC-102,2026-07-02 10:30:00,74.23,56.83,23.44,90.0
SC-102,2026-07-02 11:00:00,71.05,50.89,28.38,90.0
SC-102,2026-07-02 11:30:00,66.71,50.43,24.4,90.0
SC-102,2026-07-02 12:00:00,77.62,58.77,24.29,90.0
SC-102,2026-07-02 12:30:00,63.1,47.53,24.68,90.0
SC-102,2026-07-02 13:00:00,63.51,49.97,21.32,90.0
SC-102,2026-07-02 13:30:00,63.28,45.55,28.03,90.0
SC-102,2026-07-02 14:00:00,56.9,41.74,26.65,90.0
SC-102,2026-07-02 14:30:00,55.82,37.47,32.87,90.0
SC-102,2026-07-02 15:00:00,52.17,36.66,29.72,90.0
SC-102,2026-07-02 15:30:00,49.81,33.89,31.97,90.0
SC-102,2026-07-02 16:00:00,39.34,28.99,26.31,90.0
SC-102,2026-07-02 16:30:00,36.96,26.94,27.13,90.0
SC-102,2026-07-02 17:00:00,36.61,28.55,22.01,90.0
SC-102,2026-07-02 17:30:00,27.14,20.24,25.43,90.0
SC-102,2026-07-02 18:00:00,23.03,17.73,22.99,90.0
SC-102,2026-07-02 18:30:00,23.6,16.44,30.37,90.0
SC-102,2026-07-02 19:00:00,17.81,12.01,32.56,90.0
SC-102,2026-07-02 19:30:00,12.35,10.04,18.69,90.0
SC-102,2026-07-03 08:00:00,15.46,10.84,29.89,90.0
SC-102,2026-07-03 08:30:00,24.04,16.9,29.68,90.0
SC-102,2026-07-03 09:00:00,30.34,21.0,30.77,90.0
SC-102,2026-07-03 09:30:00,38.42,27.04,29.61,90.0
SC-102,2026-07-03 10:00:00,40.62,27.23,32.97,90.0
SC-102,2026-07-03 10:30:00,36.8,25.96,29.47,90.0
SC-102,2026-07-03 11:00:00,41.65,30.13,27.67,90.0
SC-102,2026-07-03 11:30:00,42.04,28.41,32.42,90.0
SC-102,2026-07-03 12:00:00,45.54,31.06,31.81,90.0
SC-102,2026-07-03 12:30:00,41.54,27.8,33.09,90.0
SC-102,2026-07-03 13:00:00,32.84,25.06,23.68,90.0
SC-102,2026-07-03 13:30:00,35.96,26.3,26.85,90.0
SC-102,2026-07-03 14:00:00,31.03,22.29,28.16,90.0
SC-102,2026-07-03 14:30:00,27.28,18.62,31.75,90.0
SC-102,2026-07-03 15:00:00,27.41,19.19,30.0,90.0
SC-102,2026-07-03 15:30:00,26.68,19.79,25.81,90.0
SC-102,2026-07-03 16:00:00,26.56,18.2,31.46,90.0
SC-102,2026-07-03 16:30:00,24.17,16.4,32.17,90.0
SC-102,2026-07-03 17:00:00,21.22,15.19,28.41,90.0
SC-102,2026-07-03 17:30:00,16.43,11.92,27.43,90.0
SC-102,2026-07-03 18:00:00,13.78,10.22,25.86,90.0
SC-102,2026-07-03 18:30:00,11.82,8.31,29.73,90.0
SC-102,2026-07-03 19:00:00,9.3,6.52,29.9,90.0
SC-102,2026-07-03 19:30:00,7.06,5.06,28.24,90.0
SC-102,2026-07-04 08:00:00,12.96,8.52,34.26,90.0
SC-102,2026-07-04 08:30:00,16.26,11.1,31.71,90.0
SC-102,2026-07-04 09:00:00,19.54,14.22,27.23,90.0
SC-102,2026-07-04 09:30:00,23.27,17.42,25.15,90.0
SC-102,2026-07-04 10:00:00,24.47,18.1,26.01,90.0
SC-102,2026-07-04 10:30:00,26.14,18.27,30.14,90.0
SC-102,2026-07-04 11:00:00,27.31,21.05,22.9,90.0
SC-102,2026-07-04 11:30:00,30.0,20.15,32.84,90.0
SC-102,2026-07-04 12:00:00,28.69,20.71,27.82,90.0
SC-102,2026-07-04 12:30:00,23.45,17.33,26.07,90.0
SC-102,2026-07-04 13:00:00,26.5,18.6,29.8,90.0
SC-102,2026-07-04 13:30:00,22.46,16.25,27.65,90.0
SC-102,2026-07-04 14:00:00,22.21,15.34,30.93,90.0
SC-102,2026-07-04 14:30:00,19.55,14.3,26.87,90.0
SC-102,2026-07-04 15:00:00,15.53,12.68,18.36,90.0
SC-102,2026-07-04 15:30:00,20.14,13.64,32.3,90.0
SC-102,2026-07-04 16:00:00,15.58,11.8,24.27,90.0
SC-102,2026-07-04 16:30:00,13.53,10.22,24.44,90.0
SC-102,2026-07-04 17:00:00,14.27,10.5,26.47,90.0
SC-102,2026-07-04 17:30:00,12.01,8.75,27.11,90.0
SC-102,2026-07-04 18:00:00,10.15,7.42,26.93,90.0
SC-102,2026-07-04 18:30:00,7.39,5.44,26.32,90.0
SC-102,2026-07-04 19:00:00,6.62,4.88,26.31,90.0
SC-102,2026-07-04 19:30:00,5.42,4.17,23.07,90.0
SC-102,2026-07-05 08:00:00,34.81,26.0,25.31,90.0
SC-102,2026-07-05 08:30:00,54.14,43.12,20.35,90.0
SC-102,2026-07-05 09:00:00,63.12,45.29,28.25,90.0
SC-102,2026-07-05 09:30:00,92.23,64.6,29.96,90.0
SC-102,2026-07-05 10:00:00,92.04,69.14,24.88,90.0
SC-102,2026-07-05 10:30:00,112.54,79.58,29.29,90.0
SC-102,2026-07-05 11:00:00,97.94,69.9,28.62,90.0
SC-102,2026-07-05 11:30:00,102.74,73.74,28.22,90.0
SC-102,2026-07-05 12:00:00,83.63,62.9,24.79,90.0
SC-102,2026-07-05 12:30:00,99.8,69.95,29.92,90.0
SC-102,2026-07-05 13:00:00,86.6,69.54,19.7,90.0
SC-102,2026-07-05 13:30:00,76.42,54.26,29.01,90.0
SC-102,2026-07-05 14:00:00,83.35,60.11,27.88,90.0
SC-102,2026-07-05 14:30:00,59.33,42.45,28.46,90.0
SC-102,2026-07-05 15:00:00,69.68,50.29,27.82,90.0
SC-102,2026-07-05 15:30:00,62.18,47.22,24.07,90.0
SC-102,2026-07-05 16:00:00,59.54,47.43,20.35,90.0
SC-102,2026-07-05 16:30:00,48.15,34.46,28.43,90.0
SC-102,2026-07-05 17:00:00,44.06,32.76,25.64,90.0
SC-102,2026-07-05 17:30:00,38.56,26.16,32.17,90.0
SC-102,2026-07-05 18:00:00,30.6,24.04,21.45,90.0
SC-102,2026-07-05 18:30:00,28.64,20.51,28.38,90.0
SC-102,2026-07-05 19:00:00,24.4,16.43,32.67,90.0
SC-102,2026-07-05 19:30:00,14.15,10.53,25.55,90.0
SC-102,2026-07-06 08:00:00,37.97,24.29,36.04,90.0
SC-102,2026-07-06 08:30:00,47.7,34.41,27.85,90.0
SC-102,2026-07-06 09:00:00,66.6,43.07,35.33,90.0
SC-102,2026-07-06 09:30:00,75.86,55.47,26.89,90.0
SC-102,2026-07-06 10:00:00,81.96,59.89,26.93,90.0
SC-102,2026-07-06 10:30:00,88.24,65.3,25.99,90.0
SC-102,2026-07-06 11:00:00,109.51,69.81,36.26,90.0
SC-102,2026-07-06 11:30:00,92.52,64.69,30.08,90.0
SC-102,2026-07-06 12:00:00,88.69,64.46,27.32,90.0
SC-102,2026-07-06 12:30:00,88.01,63.28,28.1,90.0
SC-102,2026-07-06 13:00:00,88.98,58.16,34.64,90.0
SC-102,2026-07-06 13:30:00,71.77,48.96,31.78,90.0
SC-102,2026-07-06 14:00:00,76.25,52.02,31.77,90.0
SC-102,2026-07-06 14:30:00,69.71,48.88,29.88,90.0
SC-102,2026-07-06 15:00:00,47.8,35.57,25.59,90.0
SC-102,2026-07-06 15:30:00,52.33,38.95,25.57,90.0
SC-102,2026-07-06 16:00:00,49.73,35.21,29.19,90.0
SC-102,2026-07-06 16:30:00,41.99,34.35,18.21,90.0
SC-102,2026-07-06 17:00:00,36.97,28.76,22.2,90.0
SC-102,2026-07-06 17:30:00,37.03,25.46,31.24,90.0
SC-102,2026-07-06 18:00:00,33.9,23.25,31.4,90.0
SC-102,2026-07-06 18:30:00,25.98,18.41,29.12,90.0
SC-102,2026-07-06 19:00:00,19.66,14.26,27.49,90.0
SC-102,2026-07-06 19:30:00,16.31,11.22,31.19,90.0
SC-102,2026-07-07 08:00:00,37.35,27.79,25.59,90.0
SC-102,2026-07-07 08:30:00,60.18,42.56,29.29,90.0
SC-102,2026-07-07 09:00:00,69.38,50.8,26.79,90.0
SC-102,2026-07-07 09:30:00,84.5,61.01,27.8,90.0
SC-102,2026-07-07 10:00:00,95.38,70.66,25.92,90.0
SC-102,2026-07-07 10:30:00,104.61,71.75,31.42,90.0
SC-102,2026-07-07 11:00:00,106.71,78.02,26.89,90.0
SC-102,2026-07-07 11:30:00,83.31,66.54,20.13,90.0
SC-102,2026-07-07 12:00:00,94.07,68.92,26.73,90.0
SC-102,2026-07-07 12:30:00,92.29,69.09,25.14,90.0
SC-102,2026-07-07 13:00:00,85.33,63.9,25.11,90.0
SC-102,2026-07-07 13:30:00,90.76,59.41,34.55,90.0
SC-102,2026-07-07 14:00:00,78.11,55.52,28.92,90.0
SC-102,2026-07-07 14:30:00,80.84,56.42,30.21,90.0
SC-102,2026-07-07 15:00:00,61.79,45.33,26.64,90.0
SC-102,2026-07-07 15:30:00,62.98,42.87,31.94,90.0
SC-102,2026-07-07 16:00:00,55.83,42.74,23.45,90.0
SC-102,2026-07-07 16:30:00,50.87,36.77,27.72,90.0
SC-102,2026-07-07 17:00:00,39.91,32.46,18.66,90.0
SC-102,2026-07-07 17:30:00,41.93,29.25,30.24,90.0
SC-102,2026-07-07 18:00:00,38.76,23.77,38.67,90.0
SC-102,2026-07-07 18:30:00,28.68,19.66,31.46,90.0
SC-102,2026-07-07 19:00:00,19.57,14.24,27.22,90.0
SC-102,2026-07-07 19:30:00,15.11,10.76,28.83,90.0
SC-102,2026-07-08 08:00:00,31.38,24.49,21.94,90.0
SC-102,2026-07-08 08:30:00,47.63,33.67,29.31,90.0
SC-102,2026-07-08 09:00:00,56.77,40.83,28.08,90.0
SC-102,2026-07-08 09:30:00,68.67,48.65,29.15,90.0
SC-102,2026-07-08 10:00:00,75.13,57.79,23.08,90.0
SC-102,2026-07-08 10:30:00,82.55,57.74,30.05,90.0
SC-102,2026-07-08 11:00:00,95.85,63.55,33.7,90.0
SC-102,2026-07-08 11:30:00,95.2,64.08,32.69,90.0
SC-102,2026-07-08 12:00:00,74.89,61.05,18.48,90.0
SC-102,2026-07-08 12:30:00,75.01,55.19,26.42,90.0
SC-102,2026-07-08 13:00:00,76.55,54.42,28.91,90.0
SC-102,2026-07-08 13:30:00,76.59,50.51,34.04,90.0
SC-102,2026-07-08 14:00:00,70.87,52.45,25.99,90.0
SC-102,2026-07-08 14:30:00,55.34,41.96,24.19,90.0
SC-102,2026-07-08 15:00:00,57.35,39.01,31.99,90.0
SC-102,2026-07-08 15:30:00,57.21,38.57,32.59,90.0
SC-102,2026-07-08 16:00:00,47.41,32.89,30.61,90.0
SC-102,2026-07-08 16:30:00,42.4,31.38,26.0,90.0
SC-102,2026-07-08 17:00:00,38.15,27.6,27.65,90.0
SC-102,2026-07-08 17:30:00,37.45,27.0,27.91,90.0
SC-102,2026-07-08 18:00:00,30.62,21.61,29.43,90.0
SC-102,2026-07-08 18:30:00,21.47,17.0,20.84,90.0
SC-102,2026-07-08 19:00:00,19.24,13.42,30.26,90.0
SC-102,2026-07-08 19:30:00,12.96,9.5,26.7,90.0
SC-102,2026-07-09 08:00:00,27.46,20.75,24.41,90.0
SC-102,2026-07-09 08:30:00,43.8,31.02,29.19,90.0
SC-102,2026-07-09 09:00:00,56.47,41.86,25.86,90.0
SC-102,2026-07-09 09:30:00,68.02,46.21,32.07,90.0
SC-102,2026-07-09 10:00:00,70.87,50.69,28.48,90.0
SC-102,2026-07-09 10:30:00,79.68,58.17,26.99,90.0
SC-102,2026-07-09 11:00:00,80.44,56.76,29.43,90.0
SC-102,2026-07-09 11:30:00,86.27,61.47,28.74,90.0
SC-102,2026-07-09 12:00:00,86.07,60.02,30.26,90.0
SC-102,2026-07-09 12:30:00,75.48,57.3,24.08,90.0
SC-102,2026-07-09 13:00:00,74.73,53.74,28.09,90.0
SC-102,2026-07-09 13:30:00,68.27,50.82,25.55,90.0
SC-102,2026-07-09 14:00:00,60.71,41.83,31.09,90.0
SC-102,2026-07-09 14:30:00,58.3,40.08,31.24,90.0
SC-102,2026-07-09 15:00:00,61.57,41.57,32.48,90.0
SC-102,2026-07-09 15:30:00,48.45,35.77,26.18,90.0
SC-102,2026-07-09 16:00:00,41.78,29.14,30.26,90.0
SC-102,2026-07-09 16:30:00,42.56,29.41,30.89,90.0
SC-102,2026-07-09 17:00:00,36.73,26.72,27.25,90.0
SC-102,2026-07-09 17:30:00,33.7,24.77,26.5,90.0
SC-102,2026-07-09 18:00:00,25.69,19.8,22.93,90.0
SC-102,2026-07-09 18:30:00,18.75,13.94,25.67,90.0
SC-102,2026-07-09 19:00:00,17.93,13.53,24.54,90.0
SC-102,2026-07-09 19:30:00,13.85,9.83,29.03,90.0
SC-102,2026-07-10 08:00:00,13.9,9.33,32.91,90.0
SC-102,2026-07-10 08:30:00,21.22,14.41,32.11,90.0
SC-102,2026-07-10 09:00:00,27.12,18.16,33.05,90.0
SC-102,2026-07-10 09:30:00,26.49,20.29,23.38,90.0
SC-102,2026-07-10 10:00:00,30.51,22.43,26.49,90.0
SC-102,2026-07-10 10:30:00,36.79,28.78,21.79,90.0
SC-102,2026-07-10 11:00:00,35.84,28.18,21.36,90.0
SC-102,2026-07-10 11:30:00,35.36,25.75,27.17,90.0
SC-102,2026-07-10 12:00:00,33.51,24.87,25.79,90.0
SC-102,2026-07-10 12:30:00,33.62,23.67,29.59,90.0
SC-102,2026-07-10 13:00:00,30.66,21.79,28.93,90.0
SC-102,2026-07-10 13:30:00,28.3,20.07,29.1,90.0
SC-102,2026-07-10 14:00:00,26.94,19.99,25.8,90.0
SC-102,2026-07-10 14:30:00,28.72,18.49,35.64,90.0
SC-102,2026-07-10 15:00:00,22.69,17.16,24.39,90.0
SC-102,2026-07-10 15:30:00,26.14,16.69,36.14,90.0
SC-102,2026-07-10 16:00:00,22.25,16.08,27.73,90.0
SC-102,2026-07-10 16:30:00,21.22,14.95,29.54,90.0
SC-102,2026-07-10 17:00:00,19.05,13.12,31.14,90.0
SC-102,2026-07-10 17:30:00,13.97,10.4,25.55,90.0
SC-102,2026-07-10 18:00:00,15.05,10.28,31.71,90.0
SC-102,2026-07-10 18:30:00,11.01,7.79,29.25,90.0
SC-102,2026-07-10 19:00:00,8.08,5.99,25.83,90.0
SC-102,2026-07-10 19:30:00,6.84,4.67,31.78,90.0
SC-102,2026-07-11 08:00:00,10.82,7.52,30.45,90.0
SC-102,2026-07-11 08:30:00,17.27,12.34,28.54,90.0
SC-102,2026-07-11 09:00:00,19.19,15.13,21.15,90.0
SC-102,2026-07-11 09:30:00,19.84,13.67,31.13,90.0
SC-102,2026-07-11 10:00:00,26.76,20.32,24.06,90.0
SC-102,2026-07-11 10:30:00,25.89,19.16,25.99,90.0
SC-102,2026-07-11 11:00:00,29.89,21.25,28.89,90.0
SC-102,2026-07-11 11:30:00,28.87,20.51,28.93,90.0
SC-102,2026-07-11 12:00:00,24.48,18.52,24.32,90.0
SC-102,2026-07-11 12:30:00,22.9,16.84,26.47,90.0
SC-102,2026-07-11 13:00:00,24.15,17.25,28.56,90.0
SC-102,2026-07-11 13:30:00,21.94,16.03,26.91,90.0
SC-102,2026-07-11 14:00:00,19.99,14.18,29.06,90.0
SC-102,2026-07-11 14:30:00,17.95,14.1,21.44,90.0
SC-102,2026-07-11 15:00:00,19.16,13.1,31.64,90.0
SC-102,2026-07-11 15:30:00,16.9,12.29,27.29,90.0
SC-102,2026-07-11 16:00:00,17.62,13.29,24.55,90.0
SC-102,2026-07-11 16:30:00,14.68,10.48,28.6,90.0
SC-102,2026-07-11 17:00:00,13.6,10.36,23.86,90.0
SC-102,2026-07-11 17:30:00,13.69,8.61,37.13,90.0
SC-102,2026-07-11 18:00:00,8.81,6.52,26.04,90.0
SC-102,2026-07-11 18:30:00,7.12,5.25,26.23,90.0
SC-102,2026-07-11 19:00:00,5.8,4.41,24.01,90.0
SC-102,2026-07-11 19:30:00,5.64,3.86,31.59,90.0
SC-102,2026-07-12 08:00:00,40.64,27.33,32.76,90.0
SC-102,2026-07-12 08:30:00,67.44,44.47,34.06,90.0
SC-102,2026-07-12 09:00:00,68.78,50.19,27.04,90.0
SC-102,2026-07-12 09:30:00,94.48,64.64,31.58,90.0
SC-102,2026-07-12 10:00:00,98.88,72.78,26.4,90.0
SC-102,2026-07-12 10:30:00,128.11,81.68,36.24,90.0
SC-102,2026-07-12 11:00:00,103.66,78.01,24.75,90.0
SC-102,2026-07-12 11:30:00,102.77,74.25,27.76,90.0
SC-102,2026-07-12 12:00:00,104.51,77.04,26.28,90.0
SC-102,2026-07-12 12:30:00,96.7,69.01,28.64,90.0
SC-102,2026-07-12 13:00:00,102.66,67.5,34.25,90.0
SC-102,2026-07-12 13:30:00,101.12,72.39,28.41,90.0
SC-102,2026-07-12 14:00:00,79.32,54.64,31.12,90.0
SC-102,2026-07-12 14:30:00,74.21,53.92,27.34,90.0
SC-102,2026-07-12 15:00:00,75.4,51.5,31.7,90.0
SC-102,2026-07-12 15:30:00,58.16,42.09,27.63,90.0
SC-102,2026-07-12 16:00:00,63.55,46.53,26.78,90.0
SC-102,2026-07-12 16:30:00,51.08,38.8,24.04,90.0
SC-102,2026-07-12 17:00:00,53.98,39.51,26.81,90.0
SC-102,2026-07-12 17:30:00,47.01,31.09,33.86,90.0
SC-102,2026-07-12 18:00:00,39.67,28.28,28.71,90.0
SC-102,2026-07-12 18:30:00,27.69,19.95,27.94,90.0
SC-102,2026-07-12 19:00:00,22.6,15.8,30.08,90.0
SC-102,2026-07-12 19:30:00,18.79,12.88,31.48,90.0
SC-102,2026-07-13 08:00:00,26.52,20.13,24.09,90.0
SC-102,2026-07-13 08:30:00,45.66,32.8,28.18,90.0
SC-102,2026-07-13 09:00:00,56.41,42.57,24.53,90.0
SC-102,2026-07-13 09:30:00,68.38,51.08,25.29,90.0
SC-102,2026-07-13 10:00:00,80.84,58.33,27.85,90.0
SC-102,2026-07-13 10:30:00,100.07,70.5,29.55,90.0
SC-102,2026-07-13 11:00:00,91.57,68.55,25.14,90.0
SC-102,2026-07-13 11:30:00,107.84,71.85,33.38,90.0
SC-102,2026-07-13 12:00:00,89.67,63.79,28.87,90.0
SC-102,2026-07-13 12:30:00,84.33,60.74,27.98,90.0
SC-102,2026-07-13 13:00:00,72.64,54.29,25.26,90.0
SC-102,2026-07-13 13:30:00,83.61,54.58,34.72,90.0
SC-102,2026-07-13 14:00:00,64.84,48.03,25.92,90.0
SC-102,2026-07-13 14:30:00,65.45,45.38,30.67,90.0
SC-102,2026-07-13 15:00:00,65.25,46.32,29.02,90.0
SC-102,2026-07-13 15:30:00,51.82,39.92,22.96,90.0
SC-102,2026-07-13 16:00:00,51.63,37.3,27.75,90.0
SC-102,2026-07-13 16:30:00,40.53,31.25,22.89,90.0
SC-102,2026-07-13 17:00:00,43.3,30.14,30.39,90.0
SC-102,2026-07-13 17:30:00,41.33,27.98,32.3,90.0
SC-102,2026-07-13 18:00:00,32.91,23.61,28.26,90.0
SC-102,2026-07-13 18:30:00,23.3,16.84,27.72,90.0
SC-102,2026-07-13 19:00:00,21.15,13.32,37.04,90.0
SC-102,2026-07-13 19:30:00,13.21,9.75,26.16,90.0
SC-102,2026-07-14 08:00:00,32.04,21.67,32.35,90.0
SC-102,2026-07-14 08:30:00,45.6,33.23,27.13,90.0
SC-102,2026-07-14 09:00:00,56.46,39.08,30.78,90.0
SC-102,2026-07-14 09:30:00,67.4,48.85,27.51,90.0
SC-102,2026-07-14 10:00:00,82.26,57.48,30.12,90.0
SC-102,2026-07-14 10:30:00,74.61,57.99,22.28,90.0
SC-102,2026-07-14 11:00:00,75.27,60.64,19.43,90.0
SC-102,2026-07-14 11:30:00,83.69,59.37,29.06,90.0
SC-102,2026-07-14 12:00:00,83.76,58.99,29.57,90.0
SC-102,2026-07-14 12:30:00,81.38,54.89,32.54,90.0
SC-102,2026-07-14 13:00:00,71.51,48.6,32.04,90.0
SC-102,2026-07-14 13:30:00,74.61,53.68,28.05,90.0
SC-102,2026-07-14 14:00:00,74.54,49.66,33.37,90.0
SC-102,2026-07-14 14:30:00,58.89,39.02,33.73,90.0
SC-102,2026-07-14 15:00:00,52.91,38.01,28.16,90.0
SC-102,2026-07-14 15:30:00,51.41,37.55,26.96,90.0
SC-102,2026-07-14 16:00:00,50.99,35.64,30.1,90.0
SC-102,2026-07-14 16:30:00,49.64,33.03,33.46,90.0
SC-102,2026-07-14 17:00:00,39.4,28.71,27.14,90.0
SC-102,2026-07-14 17:30:00,34.68,25.35,26.9,90.0
SC-102,2026-07-14 18:00:00,25.27,19.11,24.36,90.0
SC-102,2026-07-14 18:30:00,22.81,16.83,26.21,90.0
SC-102,2026-07-14 19:00:00,18.5,13.88,24.99,90.0
SC-102,2026-07-14 19:30:00,13.3,9.93,25.35,90.0
SC-102,2026-07-15 08:00:00,31.96,22.51,29.57,90.0
SC-102,2026-07-15 08:30:00,44.41,32.71,26.35,90.0
SC-102,2026-07-15 09:00:00,63.11,48.28,23.5,90.0
SC-102,2026-07-15 09:30:00,73.51,52.98,27.93,90.0
SC-102,2026-07-15 10:00:00,75.61,57.54,23.91,90.0
SC-102,2026-07-15 10:30:00,94.74,67.06,29.22,90.0
SC-102,2026-07-15 11:00:00,82.59,60.87,26.31,90.0
SC-102,2026-07-15 11:30:00,80.37,58.32,27.44,90.0
SC-102,2026-07-15 12:00:00,84.92,63.75,24.93,90.0
SC-102,2026-07-15 12:30:00,84.72,57.64,31.96,90.0
SC-102,2026-07-15 13:00:00,79.11,57.3,27.58,90.0
SC-102,2026-07-15 13:30:00,79.38,54.56,31.28,90.0
SC-102,2026-07-15 14:00:00,64.41,45.88,28.78,90.0
SC-102,2026-07-15 14:30:00,50.91,38.62,24.15,90.0
SC-102,2026-07-15 15:00:00,61.94,43.71,29.43,90.0
SC-102,2026-07-15 15:30:00,50.49,37.6,25.53,90.0
SC-102,2026-07-15 16:00:00,51.87,39.51,23.83,90.0
SC-102,2026-07-15 16:30:00,42.92,31.3,27.08,90.0
SC-102,2026-07-15 17:00:00,44.29,32.49,26.64,90.0
SC-102,2026-07-15 17:30:00,35.15,26.06,25.86,90.0
SC-102,2026-07-15 18:00:00,28.03,19.95,28.85,90.0
SC-102,2026-07-15 18:30:00,22.05,15.81,28.28,90.0
SC-102,2026-07-15 19:00:00,20.79,13.9,33.13,90.0
SC-102,2026-07-15 19:30:00,12.9,10.16,21.23,90.0
SC-102,2026-07-16 08:00:00,32.62,21.8,33.17,90.0
SC-102,2026-07-16 08:30:00,58.23,38.3,34.22,90.0
SC-102,2026-07-16 09:00:00,74.84,50.21,32.91,90.0
SC-102,2026-07-16 09:30:00,70.32,53.77,23.54,90.0
SC-102,2026-07-16 10:00:00,87.25,61.85,29.11,90.0
SC-102,2026-07-16 10:30:00,91.99,67.72,26.38,90.0
SC-102,2026-07-16 11:00:00,86.26,63.51,26.38,90.0
SC-102,2026-07-16 11:30:00,97.94,68.47,30.09,90.0
SC-102,2026-07-16 12:00:00,81.61,63.26,22.49,90.0
SC-102,2026-07-16 12:30:00,80.76,60.09,25.59,90.0
SC-102,2026-07-16 13:00:00,83.88,59.08,29.56,90.0
SC-102,2026-07-16 13:30:00,69.51,51.33,26.16,90.0
SC-102,2026-07-16 14:00:00,73.05,48.65,33.41,90.0
SC-102,2026-07-16 14:30:00,69.09,47.89,30.69,90.0
SC-102,2026-07-16 15:00:00,68.81,42.61,38.07,90.0
SC-102,2026-07-16 15:30:00,57.62,42.61,26.06,90.0
SC-102,2026-07-16 16:00:00,61.46,42.28,31.2,90.0
SC-102,2026-07-16 16:30:00,51.27,34.89,31.95,90.0
SC-102,2026-07-16 17:00:00,47.59,31.87,33.03,90.0
SC-102,2026-07-16 17:30:00,39.81,27.09,31.96,90.0
SC-102,2026-07-16 18:00:00,36.52,24.77,32.18,90.0
SC-102,2026-07-16 18:30:00,26.95,18.55,31.17,90.0
SC-102,2026-07-16 19:00:00,18.61,13.72,26.28,90.0
SC-102,2026-07-16 19:30:00,14.22,10.24,27.95,90.0
SC-102,2026-07-17 08:00:00,14.07,10.11,28.17,90.0
SC-102,2026-07-17 08:30:00,22.68,15.55,31.46,90.0
SC-102,2026-07-17 09:00:00,25.19,17.72,29.64,90.0
SC-102,2026-07-17 09:30:00,29.73,21.87,26.44,90.0
SC-102,2026-07-17 10:00:00,33.66,23.66,29.7,90.0
SC-102,2026-07-17 10:30:00,31.71,22.45,29.19,90.0
SC-102,2026-07-17 11:00:00,37.13,27.76,25.22,90.0
SC-102,2026-07-17 11:30:00,35.95,27.13,24.54,90.0
SC-102,2026-07-17 12:00:00,31.82,23.83,25.12,90.0
SC-102,2026-07-17 12:30:00,33.72,24.76,26.56,90.0
SC-102,2026-07-17 13:00:00,34.05,22.74,33.22,90.0
SC-102,2026-07-17 13:30:00,29.87,19.63,34.27,90.0
SC-102,2026-07-17 14:00:00,26.42,20.58,22.09,90.0
SC-102,2026-07-17 14:30:00,28.46,20.24,28.88,90.0
SC-102,2026-07-17 15:00:00,26.22,18.02,31.27,90.0
SC-102,2026-07-17 15:30:00,23.65,16.61,29.76,90.0
SC-102,2026-07-17 16:00:00,20.48,14.92,27.15,90.0
SC-102,2026-07-17 16:30:00,20.65,14.49,29.84,90.0
SC-102,2026-07-17 17:00:00,17.98,12.93,28.1,90.0
SC-102,2026-07-17 17:30:00,15.25,11.0,27.84,90.0
SC-102,2026-07-17 18:00:00,14.09,10.05,28.66,90.0
SC-102,2026-07-17 18:30:00,10.37,7.46,28.07,90.0
SC-102,2026-07-17 19:00:00,7.94,5.6,29.44,90.0
SC-102,2026-07-17 19:30:00,7.65,5.1,33.36,90.0
SC-102,2026-07-18 08:00:00,14.15,9.75,31.1,90.0
SC-102,2026-07-18 08:30:00,17.46,12.08,30.81,90.0
SC-102,2026-07-18 09:00:00,22.49,15.13,32.75,90.0
SC-102,2026-07-18 09:30:00,27.82,19.18,31.05,90.0
SC-102,2026-07-18 10:00:00,27.38,19.44,29.02,90.0
SC-102,2026-07-18 10:30:00,35.05,24.31,30.66,90.0
SC-102,2026-07-18 11:00:00,29.36,21.09,28.17,90.0
SC-102,2026-07-18 11:30:00,32.85,22.85,30.45,90.0
SC-102,2026-07-18 12:00:00,33.74,21.91,35.05,90.0
SC-102,2026-07-18 12:30:00,22.67,17.22,24.03,90.0
SC-102,2026-07-18 13:00:00,25.75,19.7,23.52,90.0
SC-102,2026-07-18 13:30:00,24.83,17.08,31.21,90.0
SC-102,2026-07-18 14:00:00,24.24,16.47,32.04,90.0
SC-102,2026-07-18 14:30:00,21.62,15.18,29.79,90.0
SC-102,2026-07-18 15:00:00,19.83,14.24,28.19,90.0
SC-102,2026-07-18 15:30:00,16.58,12.61,23.94,90.0
SC-102,2026-07-18 16:00:00,17.68,13.01,26.41,90.0
SC-102,2026-07-18 16:30:00,18.44,12.68,31.25,90.0
SC-102,2026-07-18 17:00:00,15.91,11.52,27.61,90.0
SC-102,2026-07-18 17:30:00,11.62,9.31,19.94,90.0
SC-102,2026-07-18 18:00:00,10.25,7.47,27.13,90.0
SC-102,2026-07-18 18:30:00,8.61,6.18,28.15,90.0
SC-102,2026-07-18 19:00:00,6.43,4.87,24.22,90.0
SC-102,2026-07-18 19:30:00,5.56,3.64,34.52,90.0
SC-102,2026-07-19 08:00:00,32.49,23.81,26.72,90.0
SC-102,2026-07-19 08:30:00,52.07,38.86,25.37,90.0
SC-102,2026-07-19 09:00:00,66.42,44.44,33.1,90.0
SC-102,2026-07-19 09:30:00,87.97,63.21,28.15,90.0
SC-102,2026-07-19 10:00:00,85.8,63.69,25.77,90.0
SC-102,2026-07-19 10:30:00,93.35,70.37,24.62,90.0
SC-102,2026-07-19 11:00:00,90.82,63.87,29.67,90.0
SC-102,2026-07-19 11:30:00,88.59,66.38,25.07,90.0
SC-102,2026-07-19 12:00:00,89.11,67.93,23.77,90.0
SC-102,2026-07-19 12:30:00,91.23,66.42,27.19,90.0
SC-102,2026-07-19 13:00:00,74.37,53.6,27.93,90.0
SC-102,2026-07-19 13:30:00,74.8,55.93,25.23,90.0
SC-102,2026-07-19 14:00:00,65.47,51.82,20.85,90.0
SC-102,2026-07-19 14:30:00,60.73,46.35,23.69,90.0
SC-102,2026-07-19 15:00:00,60.59,44.98,25.76,90.0
SC-102,2026-07-19 15:30:00,54.91,40.92,25.48,90.0
SC-102,2026-07-19 16:00:00,61.63,40.13,34.88,90.0
SC-102,2026-07-19 16:30:00,49.06,35.05,28.56,90.0
SC-102,2026-07-19 17:00:00,40.97,28.74,29.85,90.0
SC-102,2026-07-19 17:30:00,41.41,29.57,28.6,90.0
SC-102,2026-07-19 18:00:00,31.34,21.5,31.38,90.0
SC-102,2026-07-19 18:30:00,23.23,17.73,23.7,90.0
SC-102,2026-07-19 19:00:00,20.14,13.84,31.28,90.0
SC-102,2026-07-19 19:30:00,14.84,10.67,28.11,90.0
SC-102,2026-07-20 08:00:00,29.28,21.8,25.54,90.0
SC-102,2026-07-20 08:30:00,56.21,38.52,31.47,90.0
SC-102,2026-07-20 09:00:00,73.32,50.21,31.52,90.0
SC-102,2026-07-20 09:30:00,78.31,65.0,17.0,90.0
SC-102,2026-07-20 10:00:00,82.35,61.73,25.04,90.0
SC-102,2026-07-20 10:30:00,79.61,58.82,26.12,90.0
SC-102,2026-07-20 11:00:00,95.74,72.37,24.41,90.0
SC-102,2026-07-20 11:30:00,97.62,67.37,30.99,90.0
SC-102,2026-07-20 12:00:00,97.65,65.82,32.6,90.0
SC-102,2026-07-20 12:30:00,96.91,61.43,36.61,90.0
SC-102,2026-07-20 13:00:00,87.53,66.05,24.54,90.0
SC-102,2026-07-20 13:30:00,73.0,54.03,25.98,90.0
SC-102,2026-07-20 14:00:00,78.11,59.57,23.74,90.0
SC-102,2026-07-20 14:30:00,68.99,47.42,31.26,90.0
SC-102,2026-07-20 15:00:00,74.18,49.4,33.41,90.0
SC-102,2026-07-20 15:30:00,69.88,47.1,32.6,90.0
SC-102,2026-07-20 16:00:00,49.13,33.38,32.06,90.0
SC-102,2026-07-20 16:30:00,46.46,32.7,29.61,90.0
SC-102,2026-07-20 17:00:00,45.22,30.88,31.72,90.0
SC-102,2026-07-20 17:30:00,37.25,28.24,24.17,90.0
SC-102,2026-07-20 18:00:00,30.96,23.04,25.57,90.0
SC-102,2026-07-20 18:30:00,26.2,17.52,33.14,90.0
SC-102,2026-07-20 19:00:00,22.62,16.03,29.16,90.0
SC-102,2026-07-20 19:30:00,14.39,10.5,27.01,90.0
SC-102,2026-07-21 08:00:00,34.85,26.12,25.04,90.0
SC-102,2026-07-21 08:30:00,53.24,38.21,28.24,90.0
SC-102,2026-07-21 09:00:00,58.9,44.86,23.85,90.0
SC-102,2026-07-21 09:30:00,82.46,58.46,29.1,90.0
SC-102,2026-07-21 10:00:00,90.3,64.36,28.72,90.0
SC-102,2026-07-21 10:30:00,84.25,66.07,21.58,90.0
SC-102,2026-07-21 11:00:00,92.55,67.47,27.1,90.0
SC-102,2026-07-21 11:30:00,99.08,71.19,28.15,90.0
SC-102,2026-07-21 12:00:00,79.19,61.07,22.88,90.0
SC-102,2026-07-21 12:30:00,85.88,60.52,29.53,90.0
SC-102,2026-07-21 13:00:00,71.13,54.24,23.75,90.0
SC-102,2026-07-21 13:30:00,74.97,58.71,21.69,90.0
SC-102,2026-07-21 14:00:00,64.54,46.28,28.29,90.0
SC-102,2026-07-21 14:30:00,61.84,45.24,26.85,90.0
SC-102,2026-07-21 15:00:00,60.1,41.99,30.13,90.0
SC-102,2026-07-21 15:30:00,54.79,39.28,28.31,90.0
SC-102,2026-07-21 16:00:00,52.25,37.83,27.59,90.0
SC-102,2026-07-21 16:30:00,57.03,39.71,30.36,90.0
SC-102,2026-07-21 17:00:00,41.66,32.17,22.78,90.0
SC-102,2026-07-21 17:30:00,36.07,24.62,31.74,90.0
SC-102,2026-07-21 18:00:00,34.54,22.46,34.98,90.0
SC-102,2026-07-21 18:30:00,26.94,18.08,32.89,90.0
SC-102,2026-07-21 19:00:00,22.68,14.34,36.8,90.0
SC-102,2026-07-21 19:30:00,15.47,10.02,35.2,90.0
SC-102,2026-07-22 08:00:00,29.97,21.45,28.4,90.0
SC-102,2026-07-22 08:30:00,57.35,40.86,28.75,90.0
SC-102,2026-07-22 09:00:00,67.62,45.6,32.56,90.0
SC-102,2026-07-22 09:30:00,67.24,45.96,31.64,90.0
SC-102,2026-07-22 10:00:00,80.77,59.5,26.34,90.0
SC-102,2026-07-22 10:30:00,86.33,60.41,30.02,90.0
SC-102,2026-07-22 11:00:00,87.31,65.27,25.24,90.0
SC-102,2026-07-22 11:30:00,83.69,59.74,28.62,90.0
SC-102,2026-07-22 12:00:00,96.54,64.36,33.33,90.0
SC-102,2026-07-22 12:30:00,80.6,60.03,25.52,90.0
SC-102,2026-07-22 13:00:00,76.98,54.1,29.73,90.0
SC-102,2026-07-22 13:30:00,71.15,50.23,29.4,90.0
SC-102,2026-07-22 14:00:00,64.22,45.73,28.79,90.0
SC-102,2026-07-22 14:30:00,64.67,44.1,31.8,90.0
SC-102,2026-07-22 15:00:00,56.5,40.07,29.08,90.0
SC-102,2026-07-22 15:30:00,51.54,39.1,24.13,90.0
SC-102,2026-07-22 16:00:00,53.15,37.85,28.78,90.0
SC-102,2026-07-22 16:30:00,42.28,31.21,26.18,90.0
SC-102,2026-07-22 17:00:00,40.19,29.85,25.74,90.0
SC-102,2026-07-22 17:30:00,30.06,23.38,22.23,90.0
SC-102,2026-07-22 18:00:00,30.7,21.8,28.98,90.0
SC-102,2026-07-22 18:30:00,22.28,15.32,31.23,90.0
SC-102,2026-07-22 19:00:00,20.03,12.64,36.88,90.0
SC-102,2026-07-22 19:30:00,12.54,9.13,27.24,90.0
SC-102,2026-07-23 08:00:00,24.12,18.4,23.72,90.0
SC-102,2026-07-23 08:30:00,48.61,34.7,28.61,90.0
SC-102,2026-07-23 09:00:00,59.89,43.59,27.22,90.0
SC-102,2026-07-23 09:30:00,54.65,41.85,23.41,90.0
SC-102,2026-07-23 10:00:00,67.79,51.12,24.59,90.0
SC-102,2026-07-23 10:30:00,88.09,64.04,27.3,90.0
SC-102,2026-07-23 11:00:00,84.27,59.91,28.91,90.0
SC-102,2026-07-23 11:30:00,81.37,56.5,30.56,90.0
SC-102,2026-07-23 12:00:00,82.6,59.66,27.77,90.0
SC-102,2026-07-23 12:30:00,69.67,52.56,24.56,90.0
SC-102,2026-07-23 13:00:00,75.02,53.86,28.21,90.0
SC-102,2026-07-23 13:30:00,59.05,41.79,29.24,90.0
SC-102,2026-07-23 14:00:00,66.07,47.78,27.68,90.0
SC-102,2026-07-23 14:30:00,56.47,44.45,21.29,90.0
SC-102,2026-07-23 15:00:00,59.22,41.5,29.92,90.0
SC-102,2026-07-23 15:30:00,51.68,36.41,29.54,90.0
SC-102,2026-07-23 16:00:00,44.06,32.39,26.5,90.0
SC-102,2026-07-23 16:30:00,38.21,28.99,24.14,90.0
SC-102,2026-07-23 17:00:00,38.14,27.2,28.69,90.0
SC-102,2026-07-23 17:30:00,30.37,23.07,24.03,90.0
SC-102,2026-07-23 18:00:00,24.5,18.22,25.62,90.0
SC-102,2026-07-23 18:30:00,22.71,15.51,31.68,90.0
SC-102,2026-07-23 19:00:00,17.7,12.81,27.65,90.0
SC-102,2026-07-23 19:30:00,11.27,8.18,27.46,90.0
SC-102,2026-07-24 08:00:00,17.31,11.46,33.77,90.0
SC-102,2026-07-24 08:30:00,23.17,16.95,26.85,90.0
SC-102,2026-07-24 09:00:00,33.53,22.64,32.47,90.0
SC-102,2026-07-24 09:30:00,33.91,25.6,24.51,90.0
SC-102,2026-07-24 10:00:00,34.97,26.34,24.69,90.0
SC-102,2026-07-24 10:30:00,40.81,28.6,29.9,90.0
SC-102,2026-07-24 11:00:00,44.38,31.04,30.05,90.0
SC-102,2026-07-24 11:30:00,40.77,29.25,28.25,90.0
SC-102,2026-07-24 12:00:00,42.88,33.47,21.95,90.0
SC-102,2026-07-24 12:30:00,37.56,24.75,34.11,90.0
SC-102,2026-07-24 13:00:00,39.7,29.66,25.29,90.0
SC-102,2026-07-24 13:30:00,30.76,24.52,20.28,90.0
SC-102,2026-07-24 14:00:00,30.69,22.22,27.61,90.0
SC-102,2026-07-24 14:30:00,32.85,22.82,30.54,90.0
SC-102,2026-07-24 15:00:00,27.69,19.69,28.89,90.0
SC-102,2026-07-24 15:30:00,31.23,21.2,32.12,90.0
SC-102,2026-07-24 16:00:00,26.44,18.12,31.48,90.0
SC-102,2026-07-24 16:30:00,23.98,15.4,35.78,90.0
SC-102,2026-07-24 17:00:00,19.62,13.31,32.2,90.0
SC-102,2026-07-24 17:30:00,18.39,13.18,28.29,90.0
SC-102,2026-07-24 18:00:00,15.99,11.46,28.38,90.0
SC-102,2026-07-24 18:30:00,12.08,8.28,31.43,90.0
SC-102,2026-07-24 19:00:00,9.57,7.12,25.58,90.0
SC-102,2026-07-24 19:30:00,8.57,6.05,29.39,90.0
SC-102,2026-07-25 08:00:00,11.92,8.25,30.76,90.0
SC-102,2026-07-25 08:30:00,17.71,12.16,31.33,90.0
SC-102,2026-07-25 09:00:00,23.35,16.74,28.33,90.0
SC-102,2026-07-25 09:30:00,24.66,17.54,28.87,90.0
SC-102,2026-07-25 10:00:00,28.19,20.66,26.72,90.0
SC-102,2026-07-25 10:30:00,34.01,24.17,28.92,90.0
SC-102,2026-07-25 11:00:00,30.88,22.09,28.45,90.0
SC-102,2026-07-25 11:30:00,30.03,22.62,24.68,90.0
SC-102,2026-07-25 12:00:00,33.18,21.28,35.87,90.0
SC-102,2026-07-25 12:30:00,29.25,22.18,24.18,90.0
SC-102,2026-07-25 13:00:00,25.88,19.18,25.87,90.0
SC-102,2026-07-25 13:30:00,25.01,18.27,26.94,90.0
SC-102,2026-07-25 14:00:00,22.82,17.36,23.95,90.0
SC-102,2026-07-25 14:30:00,21.99,15.23,30.75,90.0
SC-102,2026-07-25 15:00:00,18.74,13.26,29.24,90.0
SC-102,2026-07-25 15:30:00,20.77,15.25,26.58,90.0
SC-102,2026-07-25 16:00:00,16.72,11.12,33.49,90.0
SC-102,2026-07-25 16:30:00,17.89,11.99,32.97,90.0
SC-102,2026-07-25 17:00:00,13.48,10.2,24.32,90.0
SC-102,2026-07-25 17:30:00,11.66,8.94,23.33,90.0
SC-102,2026-07-25 18:00:00,10.62,7.86,26.03,90.0
SC-102,2026-07-25 18:30:00,7.72,5.9,23.56,90.0
SC-102,2026-07-25 19:00:00,7.28,4.82,33.75,90.0
SC-102,2026-07-25 19:30:00,5.12,3.56,30.45,90.0
SC-102,2026-07-26 08:00:00,38.02,25.7,32.41,90.0
SC-102,2026-07-26 08:30:00,64.22,45.79,28.7,90.0
SC-102,2026-07-26 09:00:00,70.42,54.17,23.08,90.0
SC-102,2026-07-26 09:30:00,79.25,57.6,27.32,90.0
SC-102,2026-07-26 10:00:00,85.5,65.17,23.78,90.0
SC-102,2026-07-26 10:30:00,119.25,77.62,34.91,90.0
SC-102,2026-07-26 11:00:00,89.43,69.57,22.21,90.0
SC-102,2026-07-26 11:30:00,95.68,74.34,22.31,90.0
SC-102,2026-07-26 12:00:00,105.47,77.37,26.64,90.0
SC-102,2026-07-26 12:30:00,95.13,66.71,29.87,90.0
SC-102,2026-07-26 13:00:00,78.21,57.26,26.79,90.0
SC-102,2026-07-26 13:30:00,87.25,62.76,28.07,90.0
SC-102,2026-07-26 14:00:00,73.95,51.81,29.93,90.0
SC-102,2026-07-26 14:30:00,73.18,52.44,28.34,90.0
SC-102,2026-07-26 15:00:00,71.11,54.32,23.61,90.0
SC-102,2026-07-26 15:30:00,57.0,39.64,30.47,90.0
SC-102,2026-07-26 16:00:00,56.44,42.14,25.33,90.0
SC-102,2026-07-26 16:30:00,46.76,34.28,26.68,90.0
SC-102,2026-07-26 17:00:00,41.57,32.11,22.77,90.0
SC-102,2026-07-26 17:30:00,40.93,29.37,28.24,90.0
SC-102,2026-07-26 18:00:00,31.33,23.45,25.15,90.0
SC-102,2026-07-26 18:30:00,27.46,20.42,25.66,90.0
SC-102,2026-07-26 19:00:00,18.78,12.55,33.15,90.0
SC-102,2026-07-26 19:30:00,14.04,10.63,24.28,90.0
SC-102,2026-07-27 08:00:00,32.04,24.11,24.76,90.0
SC-102,2026-07-27 08:30:00,59.46,40.26,32.29,90.0
SC-102,2026-07-27 09:00:00,76.56,51.55,32.66,90.0
SC-102,2026-07-27 09:30:00,76.94,54.77,28.81,90.0
SC-102,2026-07-27 10:00:00,97.26,66.48,31.65,90.0
SC-102,2026-07-27 10:30:00,100.98,73.05,27.66,90.0
SC-102,2026-07-27 11:00:00,97.21,69.86,28.14,90.0
SC-102,2026-07-27 11:30:00,87.16,64.45,26.06,90.0
SC-102,2026-07-27 12:00:00,92.07,68.37,25.74,90.0
SC-102,2026-07-27 12:30:00,84.42,57.66,31.7,90.0
SC-102,2026-07-27 13:00:00,76.2,56.74,25.54,90.0
SC-102,2026-07-27 13:30:00,87.8,65.51,25.39,90.0
SC-102,2026-07-27 14:00:00,82.93,56.2,32.24,90.0
SC-102,2026-07-27 14:30:00,68.82,49.0,28.8,90.0
SC-102,2026-07-27 15:00:00,80.15,51.57,35.66,90.0
SC-102,2026-07-27 15:30:00,59.64,42.25,29.17,90.0
SC-102,2026-07-27 16:00:00,52.29,38.04,27.25,90.0
SC-102,2026-07-27 16:30:00,48.71,35.21,27.7,90.0
SC-102,2026-07-27 17:00:00,43.53,31.74,27.1,90.0
SC-102,2026-07-27 17:30:00,36.28,27.0,25.59,90.0
SC-102,2026-07-27 18:00:00,33.88,23.2,31.5,90.0
SC-102,2026-07-27 18:30:00,23.72,17.71,25.35,90.0
SC-102,2026-07-27 19:00:00,18.88,13.61,27.89,90.0
SC-102,2026-07-27 19:30:00,16.19,11.22,30.66,90.0
SC-103,2026-06-30 08:00:00,13.68,10.57,22.7,90.0
SC-103,2026-06-30 08:30:00,22.9,17.82,22.16,90.0
SC-103,2026-06-30 09:00:00,27.93,20.28,27.39,90.0
SC-103,2026-06-30 09:30:00,34.42,24.22,29.66,90.0
SC-103,2026-06-30 10:00:00,36.72,26.59,27.59,90.0
SC-103,2026-06-30 10:30:00,42.62,28.05,34.19,90.0
SC-103,2026-06-30 11:00:00,43.08,28.91,32.9,90.0
SC-103,2026-06-30 11:30:00,37.82,29.1,23.06,90.0
SC-103,2026-06-30 12:00:00,42.38,31.02,26.8,90.0
SC-103,2026-06-30 12:30:00,37.08,28.31,23.64,90.0
SC-103,2026-06-30 13:00:00,40.34,29.38,27.17,90.0
SC-103,2026-06-30 13:30:00,29.33,21.98,25.06,90.0
SC-103,2026-06-30 14:00:00,28.42,22.64,20.35,90.0
SC-103,2026-06-30 14:30:00,31.35,21.65,30.93,90.0
SC-103,2026-06-30 15:00:00,27.9,19.63,29.65,90.0
SC-103,2026-06-30 15:30:00,27.81,19.0,31.69,90.0
SC-103,2026-06-30 16:00:00,24.69,18.37,25.6,90.0
SC-103,2026-06-30 16:30:00,19.56,15.19,22.34,90.0
SC-103,2026-06-30 17:00:00,20.19,14.43,28.51,90.0
SC-103,2026-06-30 17:30:00,16.32,12.06,26.14,90.0
SC-103,2026-07-01 08:00:00,13.64,10.17,25.39,90.0
SC-103,2026-07-01 08:30:00,20.42,14.47,29.16,90.0
SC-103,2026-07-01 09:00:00,27.46,19.27,29.83,90.0
SC-103,2026-07-01 09:30:00,30.16,21.09,30.08,90.0
SC-103,2026-07-01 10:00:00,39.16,26.8,31.56,90.0
SC-103,2026-07-01 10:30:00,34.37,24.28,29.35,90.0
SC-103,2026-07-01 11:00:00,29.76,23.09,22.41,90.0
SC-103,2026-07-01 11:30:00,36.22,27.7,23.51,90.0
SC-103,2026-07-01 12:00:00,33.68,25.79,23.44,90.0
SC-103,2026-07-01 12:30:00,30.4,21.87,28.06,90.0
SC-103,2026-07-01 13:00:00,34.92,22.93,34.34,90.0
SC-103,2026-07-01 13:30:00,28.84,21.86,24.19,90.0
SC-103,2026-07-01 14:00:00,28.4,18.63,34.39,90.0
SC-103,2026-07-01 14:30:00,28.99,19.46,32.89,90.0
SC-103,2026-07-01 15:00:00,22.8,17.3,24.11,90.0
SC-103,2026-07-01 15:30:00,24.77,17.46,29.51,90.0
SC-103,2026-07-01 16:00:00,20.25,15.77,22.08,90.0
SC-103,2026-07-01 16:30:00,18.34,13.09,28.63,90.0
SC-103,2026-07-01 17:00:00,17.43,11.77,32.49,90.0
SC-103,2026-07-01 17:30:00,17.37,11.65,32.93,90.0
SC-103,2026-07-02 08:00:00,13.43,10.03,25.32,90.0
SC-103,2026-07-02 08:30:00,24.87,18.51,25.58,90.0
SC-103,2026-07-02 09:00:00,25.0,17.65,29.38,90.0
SC-103,2026-07-02 09:30:00,30.57,21.67,29.12,90.0
SC-103,2026-07-02 10:00:00,36.44,26.2,28.11,90.0
SC-103,2026-07-02 10:30:00,35.7,27.53,22.89,90.0
SC-103,2026-07-02 11:00:00,39.91,27.98,29.88,90.0
SC-103,2026-07-02 11:30:00,33.42,25.2,24.6,90.0
SC-103,2026-07-02 12:00:00,39.44,27.04,31.44,90.0
SC-103,2026-07-02 12:30:00,34.74,26.74,23.01,90.0
SC-103,2026-07-02 13:00:00,35.07,23.79,32.17,90.0
SC-103,2026-07-02 13:30:00,31.63,21.82,31.02,90.0
SC-103,2026-07-02 14:00:00,30.99,20.62,33.46,90.0
SC-103,2026-07-02 14:30:00,28.46,19.33,32.08,90.0
SC-103,2026-07-02 15:00:00,24.94,17.33,30.52,90.0
SC-103,2026-07-02 15:30:00,24.86,17.58,29.28,90.0
SC-103,2026-07-02 16:00:00,22.54,16.89,25.08,90.0
SC-103,2026-07-02 16:30:00,19.69,14.48,26.45,90.0
SC-103,2026-07-02 17:00:00,18.03,12.2,32.36,90.0
SC-103,2026-07-02 17:30:00,13.83,10.75,22.29,90.0
SC-103,2026-07-03 08:00:00,6.38,4.95,22.43,90.0
SC-103,2026-07-03 08:30:00,10.58,7.51,29.04,90.0
SC-103,2026-07-03 09:00:00,11.95,9.17,23.23,90.0
SC-103,2026-07-03 09:30:00,14.18,10.14,28.51,90.0
SC-103,2026-07-03 10:00:00,16.94,12.42,26.68,90.0
SC-103,2026-07-03 10:30:00,17.38,12.48,28.2,90.0
SC-103,2026-07-03 11:00:00,17.62,12.75,27.65,90.0
SC-103,2026-07-03 11:30:00,20.02,15.09,24.6,90.0
SC-103,2026-07-03 12:00:00,16.6,12.12,26.96,90.0
SC-103,2026-07-03 12:30:00,15.96,11.89,25.52,90.0
SC-103,2026-07-03 13:00:00,13.78,10.64,22.77,90.0
SC-103,2026-07-03 13:30:00,13.43,9.96,25.88,90.0
SC-103,2026-07-03 14:00:00,13.16,9.68,26.43,90.0
SC-103,2026-07-03 14:30:00,12.63,9.1,27.94,90.0
SC-103,2026-07-03 15:00:00,11.49,8.94,22.25,90.0
SC-103,2026-07-03 15:30:00,12.57,8.66,31.12,90.0
SC-103,2026-07-03 16:00:00,10.2,8.07,20.88,90.0
SC-103,2026-07-03 16:30:00,10.18,6.96,31.6,90.0
SC-103,2026-07-03 17:00:00,8.25,5.84,29.25,90.0
SC-103,2026-07-03 17:30:00,7.54,5.31,29.51,90.0
SC-103,2026-07-04 08:00:00,5.1,3.82,25.15,90.0
SC-103,2026-07-04 08:30:00,8.67,5.96,31.26,90.0
SC-103,2026-07-04 09:00:00,9.75,7.0,28.18,90.0
SC-103,2026-07-04 09:30:00,9.93,7.7,22.42,90.0
SC-103,2026-07-04 10:00:00,11.06,8.82,20.27,90.0
SC-103,2026-07-04 10:30:00,12.02,8.33,30.73,90.0
SC-103,2026-07-04 11:00:00,13.18,9.56,27.5,90.0
SC-103,2026-07-04 11:30:00,13.08,9.79,25.17,90.0
SC-103,2026-07-04 12:00:00,14.31,10.12,29.29,90.0
SC-103,2026-07-04 12:30:00,12.98,9.48,26.98,90.0
SC-103,2026-07-04 13:00:00,11.63,8.38,27.94,90.0
SC-103,2026-07-04 13:30:00,10.01,7.06,29.46,90.0
SC-103,2026-07-04 14:00:00,11.05,7.44,32.7,90.0
SC-103,2026-07-04 14:30:00,10.32,7.04,31.82,90.0
SC-103,2026-07-04 15:00:00,9.53,6.48,32.05,90.0
SC-103,2026-07-04 15:30:00,9.22,6.7,27.32,90.0
SC-103,2026-07-04 16:00:00,8.26,5.74,30.51,90.0
SC-103,2026-07-04 16:30:00,7.58,5.57,26.61,90.0
SC-103,2026-07-04 17:00:00,6.6,4.93,25.31,90.0
SC-103,2026-07-04 17:30:00,5.4,3.97,26.46,90.0
SC-103,2026-07-05 08:00:00,15.57,11.31,27.34,90.0
SC-103,2026-07-05 08:30:00,28.5,19.67,30.96,90.0
SC-103,2026-07-05 09:00:00,31.88,21.37,32.96,90.0
SC-103,2026-07-05 09:30:00,33.57,24.62,26.66,90.0
SC-103,2026-07-05 10:00:00,42.84,32.57,23.97,90.0
SC-103,2026-07-05 10:30:00,44.95,30.79,31.51,90.0
SC-103,2026-07-05 11:00:00,48.47,31.14,35.75,90.0
SC-103,2026-07-05 11:30:00,40.04,28.02,30.02,90.0
SC-103,2026-07-05 12:00:00,40.81,28.6,29.92,90.0
SC-103,2026-07-05 12:30:00,37.3,28.65,23.18,90.0
SC-103,2026-07-05 13:00:00,38.13,28.08,26.35,90.0
SC-103,2026-07-05 13:30:00,33.32,22.84,31.45,90.0
SC-103,2026-07-05 14:00:00,29.47,21.27,27.82,90.0
SC-103,2026-07-05 14:30:00,29.81,21.75,27.04,90.0
SC-103,2026-07-05 15:00:00,29.46,21.85,25.83,90.0
SC-103,2026-07-05 15:30:00,26.05,19.98,23.31,90.0
SC-103,2026-07-05 16:00:00,22.2,16.97,23.57,90.0
SC-103,2026-07-05 16:30:00,22.25,15.46,30.54,90.0
SC-103,2026-07-05 17:00:00,21.19,15.43,27.14,90.0
SC-103,2026-07-05 17:30:00,16.74,11.81,29.45,90.0
SC-103,2026-07-06 08:00:00,13.18,10.16,22.9,90.0
SC-103,2026-07-06 08:30:00,24.98,16.64,33.38,90.0
SC-103,2026-07-06 09:00:00,29.32,21.45,26.83,90.0
SC-103,2026-07-06 09:30:00,34.22,24.88,27.28,90.0
SC-103,2026-07-06 10:00:00,42.91,29.72,30.72,90.0
SC-103,2026-07-06 10:30:00,41.94,29.63,29.35,90.0
SC-103,2026-07-06 11:00:00,44.89,30.13,32.88,90.0
SC-103,2026-07-06 11:30:00,40.11,30.37,24.28,90.0
SC-103,2026-07-06 12:00:00,42.16,31.55,25.17,90.0
SC-103,2026-07-06 12:30:00,32.89,23.56,28.38,90.0
SC-103,2026-07-06 13:00:00,38.42,26.98,29.76,90.0
SC-103,2026-07-06 13:30:00,35.11,24.4,30.5,90.0
SC-103,2026-07-06 14:00:00,29.48,22.44,23.87,90.0
SC-103,2026-07-06 14:30:00,29.12,21.49,26.2,90.0
SC-103,2026-07-06 15:00:00,29.0,19.8,31.74,90.0
SC-103,2026-07-06 15:30:00,29.89,19.9,33.41,90.0
SC-103,2026-07-06 16:00:00,21.69,16.0,26.26,90.0
SC-103,2026-07-06 16:30:00,21.16,14.19,32.93,90.0
SC-103,2026-07-06 17:00:00,21.5,15.41,28.32,90.0
SC-103,2026-07-06 17:30:00,16.6,11.17,32.75,90.0
SC-103,2026-07-07 08:00:00,13.55,10.1,25.45,90.0
SC-103,2026-07-07 08:30:00,20.66,14.84,28.2,90.0
SC-103,2026-07-07 09:00:00,27.97,20.27,27.54,90.0
SC-103,2026-07-07 09:30:00,34.79,23.9,31.3,90.0
SC-103,2026-07-07 10:00:00,38.86,27.35,29.64,90.0
SC-103,2026-07-07 10:30:00,38.63,26.85,30.5,90.0
SC-103,2026-07-07 11:00:00,41.31,29.09,29.57,90.0
SC-103,2026-07-07 11:30:00,46.65,32.17,31.05,90.0
SC-103,2026-07-07 12:00:00,42.5,29.31,31.04,90.0
SC-103,2026-07-07 12:30:00,36.57,25.56,30.12,90.0
SC-103,2026-07-07 13:00:00,40.79,27.76,31.95,90.0
SC-103,2026-07-07 13:30:00,38.49,26.32,31.64,90.0
SC-103,2026-07-07 14:00:00,29.05,20.02,31.1,90.0
SC-103,2026-07-07 14:30:00,30.61,21.82,28.72,90.0
SC-103,2026-07-07 15:00:00,25.19,19.03,24.47,90.0
SC-103,2026-07-07 15:30:00,24.96,18.18,27.17,90.0
SC-103,2026-07-07 16:00:00,24.61,17.7,28.08,90.0
SC-103,2026-07-07 16:30:00,22.83,15.61,31.63,90.0
SC-103,2026-07-07 17:00:00,17.01,12.47,26.69,90.0
SC-103,2026-07-07 17:30:00,15.84,11.93,24.67,90.0
SC-103,2026-07-08 08:00:00,12.83,9.89,22.89,90.0
SC-103,2026-07-08 08:30:00,21.52,15.08,29.94,90.0
SC-103,2026-07-08 09:00:00,24.6,18.31,25.57,90.0
SC-103,2026-07-08 09:30:00,30.07,21.55,28.34,90.0
SC-103,2026-07-08 10:00:00,33.65,24.76,26.42,90.0
SC-103,2026-07-08 10:30:00,29.87,22.33,25.26,90.0
SC-103,2026-07-08 11:00:00,38.27,28.27,26.13,90.0
SC-103,2026-07-08 11:30:00,35.49,24.05,32.24,90.0
SC-103,2026-07-08 12:00:00,31.14,24.49,21.36,90.0
SC-103,2026-07-08 12:30:00,29.82,24.42,18.13,90.0
SC-103,2026-07-08 13:00:00,32.66,22.58,30.86,90.0
SC-103,2026-07-08 13:30:00,31.01,20.87,32.72,90.0
SC-103,2026-07-08 14:00:00,29.58,19.47,34.19,90.0
SC-103,2026-07-08 14:30:00,24.16,16.67,31.01,90.0
SC-103,2026-07-08 15:00:00,24.67,17.23,30.16,90.0
SC-103,2026-07-08 15:30:00,20.88,15.54,25.56,90.0
SC-103,2026-07-08 16:00:00,20.69,14.63,29.31,90.0
SC-103,2026-07-08 16:30:00,20.38,15.13,25.78,90.0
SC-103,2026-07-08 17:00:00,17.56,13.59,22.6,90.0
SC-103,2026-07-08 17:30:00,14.85,10.35,30.32,90.0
SC-103,2026-07-09 08:00:00,12.42,9.43,24.13,90.0
SC-103,2026-07-09 08:30:00,20.88,14.56,30.26,90.0
SC-103,2026-07-09 09:00:00,25.85,18.62,27.95,90.0
SC-103,2026-07-09 09:30:00,27.34,19.46,28.83,90.0
SC-103,2026-07-09 10:00:00,29.06,21.49,26.06,90.0
SC-103,2026-07-09 10:30:00,35.99,24.41,32.19,90.0
SC-103,2026-07-09 11:00:00,37.69,26.03,30.95,90.0
SC-103,2026-07-09 11:30:00,39.48,28.51,27.77,90.0
SC-103,2026-07-09 12:00:00,31.49,24.2,23.17,90.0
SC-103,2026-07-09 12:30:00,29.82,23.11,22.51,90.0
SC-103,2026-07-09 13:00:00,32.72,25.29,22.72,90.0
SC-103,2026-07-09 13:30:00,26.23,18.96,27.73,90.0
SC-103,2026-07-09 14:00:00,24.18,18.57,23.21,90.0
SC-103,2026-07-09 14:30:00,24.83,18.49,25.54,90.0
SC-103,2026-07-09 15:00:00,22.92,15.28,33.31,90.0
SC-103,2026-07-09 15:30:00,23.0,15.48,32.72,90.0
SC-103,2026-07-09 16:00:00,22.18,15.75,28.97,90.0
SC-103,2026-07-09 16:30:00,19.51,13.89,28.81,90.0
SC-103,2026-07-09 17:00:00,16.24,12.49,23.06,90.0
SC-103,2026-07-09 17:30:00,14.93,9.54,36.07,90.0
SC-103,2026-07-10 08:00:00,6.46,4.75,26.49,90.0
SC-103,2026-07-10 08:30:00,12.28,9.19,25.16,90.0
SC-103,2026-07-10 09:00:00,14.16,9.93,29.86,90.0
SC-103,2026-07-10 09:30:00,14.42,10.5,27.18,90.0
SC-103,2026-07-10 10:00:00,15.58,11.54,25.93,90.0
SC-103,2026-07-10 10:30:00,18.94,13.16,30.5,90.0
SC-103,2026-07-10 11:00:00,17.8,12.54,29.55,90.0
SC-103,2026-07-10 11:30:00,18.86,12.53,33.56,90.0
SC-103,2026-07-10 12:00:00,19.43,12.91,33.58,90.0
SC-103,2026-07-10 12:30:00,15.25,10.69,29.93,90.0
SC-103,2026-07-10 13:00:00,15.2,11.08,27.07,90.0
SC-103,2026-07-10 13:30:00,15.35,10.46,31.86,90.0
SC-103,2026-07-10 14:00:00,13.26,9.81,26.05,90.0
SC-103,2026-07-10 14:30:00,14.0,9.42,32.74,90.0
SC-103,2026-07-10 15:00:00,11.58,8.17,29.45,90.0
SC-103,2026-07-10 15:30:00,12.89,9.56,25.86,90.0
SC-103,2026-07-10 16:00:00,10.33,6.95,32.71,90.0
SC-103,2026-07-10 16:30:00,9.34,6.34,32.1,90.0
SC-103,2026-07-10 17:00:00,6.89,5.02,27.17,90.0
SC-103,2026-07-10 17:30:00,8.32,5.68,31.77,90.0
SC-103,2026-07-11 08:00:00,5.23,3.52,32.84,90.0
SC-103,2026-07-11 08:30:00,6.6,5.3,19.6,90.0
SC-103,2026-07-11 09:00:00,9.12,6.41,29.79,90.0
SC-103,2026-07-11 09:30:00,9.98,7.62,23.61,90.0
SC-103,2026-07-11 10:00:00,12.39,9.1,26.56,90.0
SC-103,2026-07-11 10:30:00,14.23,9.16,35.62,90.0
SC-103,2026-07-11 11:00:00,12.98,9.51,26.73,90.0
SC-103,2026-07-11 11:30:00,11.63,8.78,24.55,90.0
SC-103,2026-07-11 12:00:00,11.52,8.31,27.91,90.0
SC-103,2026-07-11 12:30:00,11.52,8.99,21.96,90.0
SC-103,2026-07-11 13:00:00,11.03,7.76,29.7,90.0
SC-103,2026-07-11 13:30:00,8.78,6.9,21.48,90.0
SC-103,2026-07-11 14:00:00,9.56,7.11,25.66,90.0
SC-103,2026-07-11 14:30:00,9.35,6.89,26.29,90.0
SC-103,2026-07-11 15:00:00,8.2,6.05,26.25,90.0
SC-103,2026-07-11 15:30:00,7.54,5.6,25.75,90.0
SC-103,2026-07-11 16:00:00,7.27,5.53,23.9,90.0
SC-103,2026-07-11 16:30:00,7.66,5.59,27.07,90.0
SC-103,2026-07-11 17:00:00,6.39,4.89,23.5,90.0
SC-103,2026-07-11 17:30:00,5.1,3.68,27.89,90.0
SC-103,2026-07-12 08:00:00,13.79,10.97,20.47,90.0
SC-103,2026-07-12 08:30:00,25.43,17.53,31.08,90.0
SC-103,2026-07-12 09:00:00,29.1,21.41,26.41,90.0
SC-103,2026-07-12 09:30:00,37.53,26.32,29.86,90.0
SC-103,2026-07-12 10:00:00,42.77,29.49,31.05,90.0
SC-103,2026-07-12 10:30:00,44.1,31.0,29.71,90.0
SC-103,2026-07-12 11:00:00,44.81,34.76,22.44,90.0
SC-103,2026-07-12 11:30:00,48.91,33.98,30.53,90.0
SC-103,2026-07-12 12:00:00,39.65,32.14,18.93,90.0
SC-103,2026-07-12 12:30:00,46.63,33.58,27.97,90.0
SC-103,2026-07-12 13:00:00,40.99,27.72,32.39,90.0
SC-103,2026-07-12 13:30:00,38.07,25.56,32.86,90.0
SC-103,2026-07-12 14:00:00,32.48,24.87,23.44,90.0
SC-103,2026-07-12 14:30:00,35.41,25.23,28.76,90.0
SC-103,2026-07-12 15:00:00,32.02,22.39,30.08,90.0
SC-103,2026-07-12 15:30:00,30.12,21.73,27.85,90.0
SC-103,2026-07-12 16:00:00,27.66,20.28,26.7,90.0
SC-103,2026-07-12 16:30:00,22.18,16.11,27.37,90.0
SC-103,2026-07-12 17:00:00,22.61,15.69,30.59,90.0
SC-103,2026-07-12 17:30:00,19.22,14.75,23.23,90.0
SC-103,2026-07-13 08:00:00,14.71,11.21,23.8,90.0
SC-103,2026-07-13 08:30:00,26.8,18.29,31.75,90.0
SC-103,2026-07-13 09:00:00,36.87,25.12,31.87,90.0
SC-103,2026-07-13 09:30:00,38.21,26.83,29.78,90.0
SC-103,2026-07-13 10:00:00,45.98,31.52,31.45,90.0
SC-103,2026-07-13 10:30:00,40.83,32.38,20.69,90.0
SC-103,2026-07-13 11:00:00,50.33,34.47,31.5,90.0
SC-103,2026-07-13 11:30:00,47.08,33.08,29.73,90.0
SC-103,2026-07-13 12:00:00,50.7,33.5,33.92,90.0
SC-103,2026-07-13 12:30:00,35.75,26.62,25.53,90.0
SC-103,2026-07-13 13:00:00,34.25,26.09,23.81,90.0
SC-103,2026-07-13 13:30:00,40.33,26.42,34.5,90.0
SC-103,2026-07-13 14:00:00,36.87,27.04,26.67,90.0
SC-103,2026-07-13 14:30:00,27.44,20.15,26.58,90.0
SC-103,2026-07-13 15:00:00,30.17,22.47,25.51,90.0
SC-103,2026-07-13 15:30:00,30.94,22.48,27.36,90.0
SC-103,2026-07-13 16:00:00,27.11,19.32,28.73,90.0
SC-103,2026-07-13 16:30:00,18.75,14.65,21.87,90.0
SC-103,2026-07-13 17:00:00,21.24,15.73,25.94,90.0
SC-103,2026-07-13 17:30:00,18.89,12.95,31.43,90.0
SC-103,2026-07-14 08:00:00,13.73,10.4,24.22,90.0
SC-103,2026-07-14 08:30:00,23.24,15.97,31.28,90.0
SC-103,2026-07-14 09:00:00,31.13,24.42,21.56,90.0
SC-103,2026-07-14 09:30:00,32.34,24.67,23.73,90.0
SC-103,2026-07-14 10:00:00,47.66,32.7,31.38,90.0
SC-103,2026-07-14 10:30:00,51.31,37.05,27.79,90.0
SC-103,2026-07-14 11:00:00,43.94,32.44,26.17,90.0
SC-103,2026-07-14 11:30:00,38.07,30.5,19.88,90.0
SC-103,2026-07-14 12:00:00,46.27,30.98,33.05,90.0
SC-103,2026-07-14 12:30:00,42.59,32.69,23.24,90.0
SC-103,2026-07-14 13:00:00,34.34,26.36,23.25,90.0
SC-103,2026-07-14 13:30:00,35.82,27.04,24.52,90.0
SC-103,2026-07-14 14:00:00,41.46,28.31,31.71,90.0
SC-103,2026-07-14 14:30:00,30.98,21.26,31.38,90.0
SC-103,2026-07-14 15:00:00,33.02,23.07,30.13,90.0
SC-103,2026-07-14 15:30:00,22.84,17.37,23.94,90.0
SC-103,2026-07-14 16:00:00,25.2,17.84,29.19,90.0
SC-103,2026-07-14 16:30:00,26.99,17.69,34.44,90.0
SC-103,2026-07-14 17:00:00,20.7,14.19,31.43,90.0
SC-103,2026-07-14 17:30:00,18.55,13.74,25.94,90.0
SC-103,2026-07-15 08:00:00,13.17,10.1,23.36,90.0
SC-103,2026-07-15 08:30:00,22.39,16.76,25.17,90.0
SC-103,2026-07-15 09:00:00,30.71,21.42,30.27,90.0
SC-103,2026-07-15 09:30:00,35.51,26.29,25.97,90.0
SC-103,2026-07-15 10:00:00,35.75,25.5,28.68,90.0
SC-103,2026-07-15 10:30:00,41.65,30.64,26.43,90.0
SC-103,2026-07-15 11:00:00,36.85,25.89,29.75,90.0
SC-103,2026-07-15 11:30:00,38.62,30.04,22.23,90.0
SC-103,2026-07-15 12:00:00,40.33,30.79,23.66,90.0
SC-103,2026-07-15 12:30:00,38.94,27.06,30.5,90.0
SC-103,2026-07-15 13:00:00,34.49,26.29,23.77,90.0
SC-103,2026-07-15 13:30:00,31.89,24.46,23.31,90.0
SC-103,2026-07-15 14:00:00,34.06,24.08,29.29,90.0
SC-103,2026-07-15 14:30:00,26.82,20.4,23.94,90.0
SC-103,2026-07-15 15:00:00,26.82,18.95,29.33,90.0
SC-103,2026-07-15 15:30:00,24.67,17.46,29.22,90.0
SC-103,2026-07-15 16:00:00,23.2,16.54,28.68,90.0
SC-103,2026-07-15 16:30:00,21.61,16.2,25.03,90.0
SC-103,2026-07-15 17:00:00,21.48,14.72,31.49,90.0
SC-103,2026-07-15 17:30:00,15.54,11.77,24.3,90.0
SC-103,2026-07-16 08:00:00,12.2,9.17,24.88,90.0
SC-103,2026-07-16 08:30:00,20.22,15.09,25.37,90.0
SC-103,2026-07-16 09:00:00,28.69,20.32,29.17,90.0
SC-103,2026-07-16 09:30:00,27.24,20.29,25.53,90.0
SC-103,2026-07-16 10:00:00,31.49,23.76,24.56,90.0
SC-103,2026-07-16 10:30:00,38.27,27.86,27.22,90.0
SC-103,2026-07-16 11:00:00,32.5,25.04,22.97,90.0
SC-103,2026-07-16 11:30:00,35.54,25.23,29.01,90.0
SC-103,2026-07-16 12:00:00,38.17,26.49,30.58,90.0
SC-103,2026-07-16 12:30:00,39.99,27.61,30.96,90.0
SC-103,2026-07-16 13:00:00,30.3,23.01,24.04,90.0
SC-103,2026-07-16 13:30:00,33.71,23.25,31.04,90.0
SC-103,2026-07-16 14:00:00,30.17,21.06,30.2,90.0
SC-103,2026-07-16 14:30:00,27.3,18.41,32.55,90.0
SC-103,2026-07-16 15:00:00,24.55,17.26,29.69,90.0
SC-103,2026-07-16 15:30:00,21.26,16.15,24.06,90.0
SC-103,2026-07-16 16:00:00,21.62,14.31,33.81,90.0
SC-103,2026-07-16 16:30:00,20.39,14.9,26.92,90.0
SC-103,2026-07-16 17:00:00,20.67,14.02,32.18,90.0
SC-103,2026-07-16 17:30:00,13.88,9.91,28.58,90.0
SC-103,2026-07-17 08:00:00,6.41,4.44,30.8,90.0
SC-103,2026-07-17 08:30:00,10.29,7.23,29.76,90.0
SC-103,2026-07-17 09:00:00,11.27,8.78,22.14,90.0
SC-103,2026-07-17 09:30:00,14.73,10.3,30.07,90.0
SC-103,2026-07-17 10:00:00,16.97,11.54,32.04,90.0
SC-103,2026-07-17 10:30:00,17.44,13.11,24.82,90.0
SC-103,2026-07-17 11:00:00,17.57,13.13,25.27,90.0
SC-103,2026-07-17 11:30:00,19.74,14.27,27.72,90.0
SC-103,2026-07-17 12:00:00,18.22,12.18,33.11,90.0
SC-103,2026-07-17 12:30:00,17.83,12.15,31.85,90.0
SC-103,2026-07-17 13:00:00,16.4,10.93,33.38,90.0
SC-103,2026-07-17 13:30:00,14.9,10.87,27.07,90.0
SC-103,2026-07-17 14:00:00,13.07,9.68,25.97,90.0
SC-103,2026-07-17 14:30:00,11.84,8.44,28.71,90.0
SC-103,2026-07-17 15:00:00,12.72,9.12,28.31,90.0
SC-103,2026-07-17 15:30:00,10.18,7.66,24.79,90.0
SC-103,2026-07-17 16:00:00,9.26,6.75,27.14,90.0
SC-103,2026-07-17 16:30:00,8.41,6.37,24.26,90.0
SC-103,2026-07-17 17:00:00,9.83,6.64,32.5,90.0
SC-103,2026-07-17 17:30:00,7.4,5.02,32.18,90.0
SC-103,2026-07-18 08:00:00,6.9,4.08,40.85,90.0
SC-103,2026-07-18 08:30:00,8.07,5.78,28.41,90.0
SC-103,2026-07-18 09:00:00,10.04,7.33,27.06,90.0
SC-103,2026-07-18 09:30:00,11.63,8.19,29.58,90.0
SC-103,2026-07-18 10:00:00,11.83,8.62,27.18,90.0
SC-103,2026-07-18 10:30:00,15.05,10.25,31.93,90.0
SC-103,2026-07-18 11:00:00,12.97,9.52,26.65,90.0
SC-103,2026-07-18 11:30:00,13.25,9.3,29.82,90.0
SC-103,2026-07-18 12:00:00,12.88,9.49,26.31,90.0
SC-103,2026-07-18 12:30:00,11.84,8.83,25.39,90.0
SC-103,2026-07-18 13:00:00,11.29,8.06,28.63,90.0
SC-103,2026-07-18 13:30:00,13.3,8.91,33.03,90.0
SC-103,2026-07-18 14:00:00,9.69,7.02,27.57,90.0
SC-103,2026-07-18 14:30:00,10.49,7.86,25.01,90.0
SC-103,2026-07-18 15:00:00,9.45,6.96,26.39,90.0
SC-103,2026-07-18 15:30:00,7.84,6.12,21.99,90.0
SC-103,2026-07-18 16:00:00,8.01,5.7,28.8,90.0
SC-103,2026-07-18 16:30:00,6.94,4.73,31.93,90.0
SC-103,2026-07-18 17:00:00,6.26,4.98,20.46,90.0
SC-103,2026-07-18 17:30:00,5.86,4.23,27.89,90.0
SC-103,2026-07-19 08:00:00,16.7,11.1,33.54,90.0
SC-103,2026-07-19 08:30:00,22.59,17.35,23.23,90.0
SC-103,2026-07-19 09:00:00,28.31,21.85,22.84,90.0
SC-103,2026-07-19 09:30:00,38.17,26.35,30.96,90.0
SC-103,2026-07-19 10:00:00,40.67,29.03,28.61,90.0
SC-103,2026-07-19 10:30:00,43.03,31.24,27.4,90.0
SC-103,2026-07-19 11:00:00,41.93,28.81,31.28,90.0
SC-103,2026-07-19 11:30:00,43.73,32.6,25.45,90.0
SC-103,2026-07-19 12:00:00,44.67,33.07,25.97,90.0
SC-103,2026-07-19 12:30:00,39.53,27.94,29.32,90.0
SC-103,2026-07-19 13:00:00,36.51,24.83,31.99,90.0
SC-103,2026-07-19 13:30:00,36.73,27.06,26.32,90.0
SC-103,2026-07-19 14:00:00,34.31,22.75,33.7,90.0
SC-103,2026-07-19 14:30:00,28.44,20.73,27.11,90.0
SC-103,2026-07-19 15:00:00,23.94,18.33,23.45,90.0
SC-103,2026-07-19 15:30:00,25.99,17.79,31.54,90.0
SC-103,2026-07-19 16:00:00,23.2,18.09,22.03,90.0
SC-103,2026-07-19 16:30:00,22.27,15.8,29.06,90.0
SC-103,2026-07-19 17:00:00,18.21,13.5,25.87,90.0
SC-103,2026-07-19 17:30:00,16.36,12.16,25.69,90.0
SC-103,2026-07-20 08:00:00,16.24,11.73,27.74,90.0
SC-103,2026-07-20 08:30:00,24.62,17.58,28.59,90.0
SC-103,2026-07-20 09:00:00,25.19,18.92,24.89,90.0
SC-103,2026-07-20 09:30:00,38.11,26.01,31.77,90.0
SC-103,2026-07-20 10:00:00,43.79,30.17,31.11,90.0
SC-103,2026-07-20 10:30:00,36.13,28.77,20.36,90.0
SC-103,2026-07-20 11:00:00,35.54,26.9,24.3,90.0
SC-103,2026-07-20 11:30:00,41.29,27.36,33.73,90.0
SC-103,2026-07-20 12:00:00,37.57,27.13,27.77,90.0
SC-103,2026-07-20 12:30:00,36.02,24.95,30.73,90.0
SC-103,2026-07-20 13:00:00,35.85,25.13,29.91,90.0
SC-103,2026-07-20 13:30:00,33.71,24.47,27.4,90.0
SC-103,2026-07-20 14:00:00,31.98,21.23,33.61,90.0
SC-103,2026-07-20 14:30:00,26.73,20.3,24.03,90.0
SC-103,2026-07-20 15:00:00,25.3,18.92,25.21,90.0
SC-103,2026-07-20 15:30:00,25.81,18.37,28.84,90.0
SC-103,2026-07-20 16:00:00,23.66,16.47,30.37,90.0
SC-103,2026-07-20 16:30:00,21.73,16.69,23.17,90.0
SC-103,2026-07-20 17:00:00,23.16,15.31,33.91,90.0
SC-103,2026-07-20 17:30:00,15.04,11.12,26.07,90.0
SC-103,2026-07-21 08:00:00,14.62,9.85,32.61,90.0
SC-103,2026-07-21 08:30:00,26.95,17.99,33.24,90.0
SC-103,2026-07-21 09:00:00,28.9,21.68,24.98,90.0
SC-103,2026-07-21 09:30:00,33.67,21.76,35.39,90.0
SC-103,2026-07-21 10:00:00,36.45,26.8,26.47,90.0
SC-103,2026-07-21 10:30:00,35.89,27.17,24.3,90.0
SC-103,2026-07-21 11:00:00,45.76,32.59,28.79,90.0
SC-103,2026-07-21 11:30:00,37.01,28.48,23.05,90.0
SC-103,2026-07-21 12:00:00,40.34,29.41,27.1,90.0
SC-103,2026-07-21 12:30:00,40.05,27.77,30.66,90.0
SC-103,2026-07-21 13:00:00,35.77,24.75,30.8,90.0
SC-103,2026-07-21 13:30:00,30.78,23.72,22.94,90.0
SC-103,2026-07-21 14:00:00,33.25,23.52,29.26,90.0
SC-103,2026-07-21 14:30:00,28.53,20.06,29.68,90.0
SC-103,2026-07-21 15:00:00,29.35,22.92,21.91,90.0
SC-103,2026-07-21 15:30:00,26.04,18.62,28.49,90.0
SC-103,2026-07-21 16:00:00,23.23,16.71,28.07,90.0
SC-103,2026-07-21 16:30:00,19.76,14.67,25.78,90.0
SC-103,2026-07-21 17:00:00,18.43,13.67,25.81,90.0
SC-103,2026-07-21 17:30:00,18.91,13.72,27.48,90.0
SC-103,2026-07-22 08:00:00,12.54,9.04,27.91,90.0
SC-103,2026-07-22 08:30:00,19.78,13.84,30.06,90.0
SC-103,2026-07-22 09:00:00,26.72,18.11,32.25,90.0
SC-103,2026-07-22 09:30:00,28.52,21.52,24.54,90.0
SC-103,2026-07-22 10:00:00,37.93,28.47,24.93,90.0
SC-103,2026-07-22 10:30:00,37.55,24.69,34.23,90.0
SC-103,2026-07-22 11:00:00,41.98,27.2,35.22,90.0
SC-103,2026-07-22 11:30:00,33.63,24.62,26.8,90.0
SC-103,2026-07-22 12:00:00,37.05,27.31,26.28,90.0
SC-103,2026-07-22 12:30:00,30.14,22.03,26.92,90.0
SC-103,2026-07-22 13:00:00,28.46,19.63,31.03,90.0
SC-103,2026-07-22 13:30:00,34.7,23.94,31.0,90.0
SC-103,2026-07-22 14:00:00,23.97,19.09,20.37,90.0
SC-103,2026-07-22 14:30:00,23.02,17.6,23.54,90.0
SC-103,2026-07-22 15:00:00,28.26,19.03,32.67,90.0
SC-103,2026-07-22 15:30:00,21.41,15.98,25.36,90.0
SC-103,2026-07-22 16:00:00,20.39,13.63,33.15,90.0
SC-103,2026-07-22 16:30:00,18.85,13.24,29.74,90.0
SC-103,2026-07-22 17:00:00,16.99,12.26,27.87,90.0
SC-103,2026-07-22 17:30:00,14.06,9.74,30.71,90.0
SC-103,2026-07-23 08:00:00,13.19,9.43,28.47,90.0
SC-103,2026-07-23 08:30:00,22.82,16.46,27.87,90.0
SC-103,2026-07-23 09:00:00,27.21,19.97,26.61,90.0
SC-103,2026-07-23 09:30:00,37.1,25.35,31.68,90.0
SC-103,2026-07-23 10:00:00,37.57,26.36,29.85,90.0
SC-103,2026-07-23 10:30:00,38.46,26.66,30.69,90.0
SC-103,2026-07-23 11:00:00,34.62,26.53,23.36,90.0
SC-103,2026-07-23 11:30:00,38.59,26.1,32.38,90.0
SC-103,2026-07-23 12:00:00,31.53,24.53,22.2,90.0
SC-103,2026-07-23 12:30:00,32.82,22.95,30.09,90.0
SC-103,2026-07-23 13:00:00,34.33,23.82,30.62,90.0
SC-103,2026-07-23 13:30:00,29.59,21.62,26.94,90.0
SC-103,2026-07-23 14:00:00,26.82,20.64,23.03,90.0
SC-103,2026-07-23 14:30:00,23.76,17.76,25.24,90.0
SC-103,2026-07-23 15:00:00,25.88,17.16,33.67,90.0
SC-103,2026-07-23 15:30:00,22.25,15.78,29.07,90.0
SC-103,2026-07-23 16:00:00,20.11,15.19,24.45,90.0
SC-103,2026-07-23 16:30:00,18.0,11.94,33.66,90.0
SC-103,2026-07-23 17:00:00,19.68,13.79,29.96,90.0
SC-103,2026-07-23 17:30:00,15.59,11.08,28.95,90.0
SC-103,2026-07-24 08:00:00,7.04,4.88,30.65,90.0
SC-103,2026-07-24 08:30:00,12.25,8.18,33.18,90.0
SC-103,2026-07-24 09:00:00,14.85,10.92,26.5,90.0
SC-103,2026-07-24 09:30:00,15.73,10.38,34.05,90.0
SC-103,2026-07-24 10:00:00,16.57,12.16,26.66,90.0
SC-103,2026-07-24 10:30:00,18.8,13.33,29.11,90.0
SC-103,2026-07-24 11:00:00,20.91,15.18,27.4,90.0
SC-103,2026-07-24 11:30:00,22.77,15.43,32.23,90.0
SC-103,2026-07-24 12:00:00,18.34,12.93,29.52,90.0
SC-103,2026-07-24 12:30:00,17.66,12.86,27.18,90.0
SC-103,2026-07-24 13:00:00,17.26,12.62,26.86,90.0
SC-103,2026-07-24 13:30:00,15.52,11.25,27.5,90.0
SC-103,2026-07-24 14:00:00,13.85,9.64,30.39,90.0
SC-103,2026-07-24 14:30:00,13.78,9.58,30.51,90.0
SC-103,2026-07-24 15:00:00,12.85,9.54,25.77,90.0
SC-103,2026-07-24 15:30:00,13.06,9.34,28.49,90.0
SC-103,2026-07-24 16:00:00,11.43,8.47,25.87,90.0
SC-103,2026-07-24 16:30:00,8.15,6.1,25.2,90.0
SC-103,2026-07-24 17:00:00,9.22,6.3,31.63,90.0
SC-103,2026-07-24 17:30:00,8.39,5.78,31.09,90.0
SC-103,2026-07-25 08:00:00,5.28,3.36,36.26,90.0
SC-103,2026-07-25 08:30:00,8.9,5.91,33.53,90.0
SC-103,2026-07-25 09:00:00,10.54,7.17,31.94,90.0
SC-103,2026-07-25 09:30:00,13.54,9.79,27.66,90.0
SC-103,2026-07-25 10:00:00,13.99,10.36,25.96,90.0
SC-103,2026-07-25 10:30:00,15.14,10.41,31.28,90.0
SC-103,2026-07-25 11:00:00,16.75,11.17,33.32,90.0
SC-103,2026-07-25 11:30:00,15.41,10.49,31.93,90.0
SC-103,2026-07-25 12:00:00,14.06,10.11,28.1,90.0
SC-103,2026-07-25 12:30:00,13.72,9.8,28.59,90.0
SC-103,2026-07-25 13:00:00,11.84,9.49,19.82,90.0
SC-103,2026-07-25 13:30:00,11.0,8.54,22.4,90.0
SC-103,2026-07-25 14:00:00,10.81,7.4,31.53,90.0
SC-103,2026-07-25 14:30:00,10.57,7.51,28.94,90.0
SC-103,2026-07-25 15:00:00,9.97,7.32,26.58,90.0
SC-103,2026-07-25 15:30:00,8.83,6.24,29.36,90.0
SC-103,2026-07-25 16:00:00,8.86,6.33,28.53,90.0
SC-103,2026-07-25 16:30:00,8.1,5.57,31.19,90.0
SC-103,2026-07-25 17:00:00,6.77,4.91,27.51,90.0
SC-103,2026-07-25 17:30:00,5.97,4.12,30.98,90.0
SC-103,2026-07-26 08:00:00,16.27,11.31,30.47,90.0
SC-103,2026-07-26 08:30:00,26.6,17.22,35.26,90.0
SC-103,2026-07-26 09:00:00,30.57,21.27,30.42,90.0
SC-103,2026-07-26 09:30:00,34.88,26.55,23.89,90.0
SC-103,2026-07-26 10:00:00,32.73,24.68,24.6,90.0
SC-103,2026-07-26 10:30:00,42.68,30.09,29.52,90.0
SC-103,2026-07-26 11:00:00,41.74,29.34,29.72,90.0
SC-103,2026-07-26 11:30:00,42.28,30.91,26.9,90.0
SC-103,2026-07-26 12:00:00,45.31,29.1,35.78,90.0
SC-103,2026-07-26 12:30:00,41.29,29.79,27.85,90.0
SC-103,2026-07-26 13:00:00,33.76,25.22,25.28,90.0
SC-103,2026-07-26 13:30:00,33.25,23.88,28.19,90.0
SC-103,2026-07-26 14:00:00,30.04,22.76,24.23,90.0
SC-103,2026-07-26 14:30:00,26.69,19.83,25.7,90.0
SC-103,2026-07-26 15:00:00,31.88,23.86,25.15,90.0
SC-103,2026-07-26 15:30:00,27.21,18.52,31.92,90.0
SC-103,2026-07-26 16:00:00,24.03,16.14,32.85,90.0
SC-103,2026-07-26 16:30:00,24.94,18.02,27.76,90.0
SC-103,2026-07-26 17:00:00,20.95,14.41,31.22,90.0
SC-103,2026-07-26 17:30:00,13.63,10.47,23.21,90.0
SC-103,2026-07-27 08:00:00,15.47,11.87,23.26,90.0
SC-103,2026-07-27 08:30:00,26.38,19.77,25.03,90.0
SC-103,2026-07-27 09:00:00,34.13,22.83,33.12,90.0
SC-103,2026-07-27 09:30:00,43.78,29.71,32.15,90.0
SC-103,2026-07-27 10:00:00,50.31,33.36,33.68,90.0
SC-103,2026-07-27 10:30:00,45.24,33.91,25.06,90.0
SC-103,2026-07-27 11:00:00,44.54,32.7,26.58,90.0
SC-103,2026-07-27 11:30:00,43.83,34.1,22.19,90.0
SC-103,2026-07-27 12:00:00,43.86,32.68,25.48,90.0
SC-103,2026-07-27 12:30:00,48.09,34.79,27.67,90.0
SC-103,2026-07-27 13:00:00,41.62,32.52,21.87,90.0
SC-103,2026-07-27 13:30:00,33.37,23.91,28.36,90.0
SC-103,2026-07-27 14:00:00,34.23,24.65,27.98,90.0
SC-103,2026-07-27 14:30:00,32.49,23.72,26.99,90.0
SC-103,2026-07-27 15:00:00,32.54,22.76,30.05,90.0
SC-103,2026-07-27 15:30:00,29.92,19.91,33.46,90.0
SC-103,2026-07-27 16:00:00,28.25,20.99,25.7,90.0
SC-103,2026-07-27 16:30:00,26.87,18.38,31.58,90.0
SC-103,2026-07-27 17:00:00,22.3,16.34,26.75,90.0
SC-103,2026-07-27 17:30:00,19.78,14.44,27.0,90.0
SC-104,2026-06-30 00:00:00,24.42,17.4,28.74,60.0
SC-104,2026-06-30 00:30:00,26.06,18.69,28.27,60.0
SC-104,2026-06-30 01:00:00,20.93,17.42,16.77,60.0
SC-104,2026-06-30 01:30:00,27.42,19.72,28.07,60.0
SC-104,2026-06-30 02:00:00,24.1,18.26,24.26,60.0
SC-104,2026-06-30 02:30:00,30.13,19.06,36.72,60.0
SC-104,2026-06-30 03:00:00,26.84,17.87,33.4,60.0
SC-104,2026-06-30 03:30:00,26.02,17.56,32.5,60.0
SC-104,2026-06-30 04:00:00,24.85,18.31,26.32,60.0
SC-104,2026-06-30 04:30:00,27.37,19.1,30.21,60.0
SC-104,2026-06-30 05:00:00,30.56,20.29,33.62,60.0
SC-104,2026-06-30 05:30:00,32.71,22.39,31.56,60.0
SC-104,2026-06-30 06:00:00,33.49,24.51,26.8,60.0
SC-104,2026-06-30 06:30:00,39.58,27.75,29.89,60.0
SC-104,2026-06-30 07:00:00,45.19,34.79,23.01,60.0
SC-104,2026-06-30 07:30:00,53.32,39.27,26.35,60.0
SC-104,2026-06-30 08:00:00,77.08,51.34,33.39,60.0
SC-104,2026-06-30 08:30:00,94.37,60.96,35.4,60.0
SC-104,2026-06-30 09:00:00,92.28,69.19,25.02,60.0
SC-104,2026-06-30 09:30:00,100.57,80.36,20.1,60.0
SC-104,2026-06-30 10:00:00,117.26,85.71,26.9,60.0
SC-104,2026-06-30 10:30:00,150.4,102.22,32.04,60.0
SC-104,2026-06-30 11:00:00,135.05,91.37,32.35,60.0
SC-104,2026-06-30 11:30:00,133.43,93.65,29.81,60.0
SC-104,2026-06-30 12:00:00,132.79,103.12,22.34,60.0
SC-104,2026-06-30 12:30:00,120.76,90.62,24.96,60.0
SC-104,2026-06-30 13:00:00,146.37,100.86,31.09,60.0
SC-104,2026-06-30 13:30:00,113.85,88.09,22.62,60.0
SC-104,2026-06-30 14:00:00,111.64,77.83,30.29,60.0
SC-104,2026-06-30 14:30:00,93.72,71.86,23.32,60.0
SC-104,2026-06-30 15:00:00,92.02,65.76,28.54,60.0
SC-104,2026-06-30 15:30:00,94.13,69.99,25.64,60.0
SC-104,2026-06-30 16:00:00,87.86,60.87,30.72,60.0
SC-104,2026-06-30 16:30:00,84.01,58.58,30.27,60.0
SC-104,2026-06-30 17:00:00,63.5,45.76,27.93,60.0
SC-104,2026-06-30 17:30:00,65.18,49.07,24.71,60.0
SC-104,2026-06-30 18:00:00,60.85,42.68,29.87,60.0
SC-104,2026-06-30 18:30:00,53.55,36.64,31.57,60.0
SC-104,2026-06-30 19:00:00,47.41,34.77,26.65,60.0
SC-104,2026-06-30 19:30:00,41.14,30.7,25.37,60.0
SC-104,2026-06-30 20:00:00,41.2,27.22,33.94,60.0
SC-104,2026-06-30 20:30:00,32.51,23.44,27.9,60.0
SC-104,2026-06-30 21:00:00,30.26,20.57,32.04,60.0
SC-104,2026-06-30 21:30:00,25.81,17.9,30.66,60.0
SC-104,2026-06-30 22:00:00,26.44,19.72,25.42,60.0
SC-104,2026-06-30 22:30:00,26.6,19.02,28.52,60.0
SC-104,2026-06-30 23:00:00,24.84,18.73,24.63,60.0
SC-104,2026-06-30 23:30:00,24.73,19.22,22.27,60.0
SC-104,2026-07-01 00:00:00,23.86,17.97,24.71,60.0
SC-104,2026-07-01 00:30:00,25.98,18.76,27.8,60.0
SC-104,2026-07-01 01:00:00,24.24,17.76,26.76,60.0
SC-104,2026-07-01 01:30:00,24.5,16.52,32.57,60.0
SC-104,2026-07-01 02:00:00,27.61,17.8,35.52,60.0
SC-104,2026-07-01 02:30:00,24.22,17.23,28.86,60.0
SC-104,2026-07-01 03:00:00,24.19,17.49,27.7,60.0
SC-104,2026-07-01 03:30:00,22.75,17.13,24.67,60.0
SC-104,2026-07-01 04:00:00,26.54,19.65,25.96,60.0
SC-104,2026-07-01 04:30:00,24.6,17.72,27.97,60.0
SC-104,2026-07-01 05:00:00,22.98,17.51,23.81,60.0
SC-104,2026-07-01 05:30:00,33.43,23.18,30.67,60.0
SC-104,2026-07-01 06:00:00,33.08,25.19,23.85,60.0
SC-104,2026-07-01 06:30:00,42.16,29.57,29.85,60.0
SC-104,2026-07-01 07:00:00,51.19,36.13,29.43,60.0
SC-104,2026-07-01 07:30:00,66.21,43.78,33.87,60.0
SC-104,2026-07-01 08:00:00,73.77,53.67,27.25,60.0
SC-104,2026-07-01 08:30:00,75.17,55.76,25.83,60.0
SC-104,2026-07-01 09:00:00,106.65,78.32,26.57,60.0
SC-104,2026-07-01 09:30:00,123.81,86.68,29.99,60.0
SC-104,2026-07-01 10:00:00,133.32,94.2,29.34,60.0
SC-104,2026-07-01 10:30:00,145.98,107.51,26.36,60.0
SC-104,2026-07-01 11:00:00,142.01,101.69,28.39,60.0
SC-104,2026-07-01 11:30:00,126.4,103.29,18.28,60.0
SC-104,2026-07-01 12:00:00,148.39,99.0,33.28,60.0
SC-104,2026-07-01 12:30:00,121.03,88.79,26.64,60.0
SC-104,2026-07-01 13:00:00,126.02,93.85,25.53,60.0
SC-104,2026-07-01 13:30:00,114.1,83.8,26.55,60.0
SC-104,2026-07-01 14:00:00,108.38,79.36,26.77,60.0
SC-104,2026-07-01 14:30:00,104.07,75.7,27.26,60.0
SC-104,2026-07-01 15:00:00,109.88,75.38,31.4,60.0
SC-104,2026-07-01 15:30:00,94.6,69.18,26.88,60.0
SC-104,2026-07-01 16:00:00,82.72,59.41,28.18,60.0
SC-104,2026-07-01 16:30:00,83.92,56.18,33.05,60.0
SC-104,2026-07-01 17:00:00,79.89,56.66,29.07,60.0
SC-104,2026-07-01 17:30:00,81.52,58.83,27.83,60.0
SC-104,2026-07-01 18:00:00,57.26,43.03,24.85,60.0
SC-104,2026-07-01 18:30:00,49.01,36.04,26.47,60.0
SC-104,2026-07-01 19:00:00,42.19,29.58,29.89,60.0
SC-104,2026-07-01 19:30:00,44.9,32.2,28.29,60.0
SC-104,2026-07-01 20:00:00,34.75,24.46,29.6,60.0
SC-104,2026-07-01 20:30:00,35.72,24.73,30.75,60.0
SC-104,2026-07-01 21:00:00,34.19,24.71,27.72,60.0
SC-104,2026-07-01 21:30:00,25.85,17.69,31.59,60.0
SC-104,2026-07-01 22:00:00,31.32,20.14,35.69,60.0
SC-104,2026-07-01 22:30:00,19.44,15.93,18.08,60.0
SC-104,2026-07-01 23:00:00,25.62,18.0,29.74,60.0
SC-104,2026-07-01 23:30:00,26.01,19.38,25.49,60.0
SC-104,2026-07-02 00:00:00,21.97,16.11,26.67,60.0
SC-104,2026-07-02 00:30:00,20.11,14.93,25.76,60.0
SC-104,2026-07-02 01:00:00,24.24,15.99,34.05,60.0
SC-104,2026-07-02 01:30:00,26.61,18.03,32.25,60.0
SC-104,2026-07-02 02:00:00,22.99,16.55,28.0,60.0
SC-104,2026-07-02 02:30:00,20.52,13.87,32.41,60.0
SC-104,2026-07-02 03:00:00,25.1,16.58,33.96,60.0
SC-104,2026-07-02 03:30:00,25.08,18.38,26.7,60.0
SC-104,2026-07-02 04:00:00,24.38,17.23,29.3,60.0
SC-104,2026-07-02 04:30:00,23.26,16.83,27.63,60.0
SC-104,2026-07-02 05:00:00,31.32,21.84,30.27,60.0
SC-104,2026-07-02 05:30:00,28.09,20.05,28.63,60.0
SC-104,2026-07-02 06:00:00,30.49,22.08,27.57,60.0
SC-104,2026-07-02 06:30:00,38.14,26.17,31.38,60.0
SC-104,2026-07-02 07:00:00,53.64,37.08,30.87,60.0
SC-104,2026-07-02 07:30:00,54.99,36.07,34.4,60.0
SC-104,2026-07-02 08:00:00,68.85,44.23,35.76,60.0
SC-104,2026-07-02 08:30:00,74.71,52.61,29.59,60.0
SC-104,2026-07-02 09:00:00,97.45,72.28,25.83,60.0
SC-104,2026-07-02 09:30:00,105.91,78.71,25.69,60.0
SC-104,2026-07-02 10:00:00,107.34,83.24,22.46,60.0
SC-104,2026-07-02 10:30:00,138.51,102.54,25.97,60.0
SC-104,2026-07-02 11:00:00,114.03,82.49,27.66,60.0
SC-104,2026-07-02 11:30:00,145.76,101.16,30.6,60.0
SC-104,2026-07-02 12:00:00,120.62,94.28,21.84,60.0
SC-104,2026-07-02 12:30:00,124.95,94.05,24.73,60.0
SC-104,2026-07-02 13:00:00,107.86,80.03,25.8,60.0
SC-104,2026-07-02 13:30:00,96.05,73.55,23.43,60.0
SC-104,2026-07-02 14:00:00,95.88,74.95,21.83,60.0
SC-104,2026-07-02 14:30:00,93.16,68.67,26.29,60.0
SC-104,2026-07-02 15:00:00,97.36,65.02,33.22,60.0
SC-104,2026-07-02 15:30:00,87.95,68.38,22.25,60.0
SC-104,2026-07-02 16:00:00,94.9,62.19,34.47,60.0
SC-104,2026-07-02 16:30:00,78.69,54.8,30.36,60.0
SC-104,2026-07-02 17:00:00,69.56,52.01,25.23,60.0
SC-104,2026-07-02 17:30:00,69.22,46.35,33.04,60.0
SC-104,2026-07-02 18:00:00,47.83,36.56,23.57,60.0
SC-104,2026-07-02 18:30:00,50.07,36.12,27.86,60.0
SC-104,2026-07-02 19:00:00,43.92,31.6,28.05,60.0
SC-104,2026-07-02 19:30:00,37.29,27.94,25.08,60.0
SC-104,2026-07-02 20:00:00,31.93,24.2,24.21,60.0
SC-104,2026-07-02 20:30:00,29.94,22.71,24.14,60.0
SC-104,2026-07-02 21:00:00,27.97,20.93,25.19,60.0
SC-104,2026-07-02 21:30:00,27.64,21.05,23.87,60.0
SC-104,2026-07-02 22:00:00,27.47,20.42,25.66,60.0
SC-104,2026-07-02 22:30:00,23.73,18.56,21.79,60.0
SC-104,2026-07-02 23:00:00,26.49,18.41,30.49,60.0
SC-104,2026-07-02 23:30:00,25.45,16.66,34.54,60.0
SC-104,2026-07-03 00:00:00,11.07,8.32,24.87,60.0
SC-104,2026-07-03 00:30:00,12.96,8.78,32.25,60.0
SC-104,2026-07-03 01:00:00,11.54,8.31,27.97,60.0
SC-104,2026-07-03 01:30:00,12.34,9.04,26.79,60.0
SC-104,2026-07-03 02:00:00,10.87,8.41,22.61,60.0
SC-104,2026-07-03 02:30:00,11.35,8.57,24.57,60.0
SC-104,2026-07-03 03:00:00,11.51,8.47,26.41,60.0
SC-104,2026-07-03 03:30:00,10.35,7.76,24.98,60.0
SC-104,2026-07-03 04:00:00,12.65,9.27,26.73,60.0
SC-104,2026-07-03 04:30:00,12.58,9.6,23.66,60.0
SC-104,2026-07-03 05:00:00,13.93,9.96,28.5,60.0
SC-104,2026-07-03 05:30:00,15.22,11.03,27.49,60.0
SC-104,2026-07-03 06:00:00,16.36,12.88,21.28,60.0
SC-104,2026-07-03 06:30:00,19.04,13.34,29.9,60.0
SC-104,2026-07-03 07:00:00,20.1,14.81,26.3,60.0
SC-104,2026-07-03 07:30:00,30.44,20.14,33.85,60.0
SC-104,2026-07-03 08:00:00,37.42,25.9,30.78,60.0
SC-104,2026-07-03 08:30:00,43.49,29.07,33.16,60.0
SC-104,2026-07-03 09:00:00,47.38,33.33,29.66,60.0
SC-104,2026-07-03 09:30:00,54.44,37.65,30.84,60.0
SC-104,2026-07-03 10:00:00,55.96,40.89,26.93,60.0
SC-104,2026-07-03 10:30:00,64.37,44.11,31.48,60.0
SC-104,2026-07-03 11:00:00,63.46,46.52,26.7,60.0
SC-104,2026-07-03 11:30:00,57.6,45.19,21.54,60.0
SC-104,2026-07-03 12:00:00,63.89,48.35,24.32,60.0
SC-104,2026-07-03 12:30:00,54.71,39.63,27.56,60.0
SC-104,2026-07-03 13:00:00,61.46,46.1,24.99,60.0
SC-104,2026-07-03 13:30:00,53.08,37.0,30.3,60.0
SC-104,2026-07-03 14:00:00,53.03,36.52,31.12,60.0
SC-104,2026-07-03 14:30:00,51.39,34.86,32.17,60.0
SC-104,2026-07-03 15:00:00,47.38,35.37,25.36,60.0
SC-104,2026-07-03 15:30:00,40.3,28.51,29.26,60.0
SC-104,2026-07-03 16:00:00,46.38,32.77,29.35,60.0
SC-104,2026-07-03 16:30:00,37.45,27.03,27.84,60.0
SC-104,2026-07-03 17:00:00,37.34,26.06,30.2,60.0
SC-104,2026-07-03 17:30:00,33.48,22.7,32.2,60.0
SC-104,2026-07-03 18:00:00,27.59,20.41,26.03,60.0
SC-104,2026-07-03 18:30:00,24.54,17.58,28.38,60.0
SC-104,2026-07-03 19:00:00,23.23,16.63,28.44,60.0
SC-104,2026-07-03 19:30:00,20.43,14.49,29.05,60.0
SC-104,2026-07-03 20:00:00,19.47,14.24,26.87,60.0
SC-104,2026-07-03 20:30:00,14.4,11.09,22.97,60.0
SC-104,2026-07-03 21:00:00,14.53,9.6,33.97,60.0
SC-104,2026-07-03 21:30:00,14.35,10.1,29.62,60.0
SC-104,2026-07-03 22:00:00,15.06,10.66,29.24,60.0
SC-104,2026-07-03 22:30:00,12.87,9.21,28.41,60.0
SC-104,2026-07-03 23:00:00,10.97,8.53,22.26,60.0
SC-104,2026-07-03 23:30:00,10.98,7.85,28.54,60.0
SC-104,2026-07-04 00:00:00,10.06,7.16,28.81,60.0
SC-104,2026-07-04 00:30:00,9.6,7.72,19.53,60.0
SC-104,2026-07-04 01:00:00,8.96,6.53,27.1,60.0
SC-104,2026-07-04 01:30:00,9.05,6.55,27.61,60.0
SC-104,2026-07-04 02:00:00,8.63,6.39,25.96,60.0
SC-104,2026-07-04 02:30:00,7.72,6.4,17.16,60.0
SC-104,2026-07-04 03:00:00,10.49,6.4,38.95,60.0
SC-104,2026-07-04 03:30:00,10.13,6.9,31.89,60.0
SC-104,2026-07-04 04:00:00,9.96,7.02,29.47,60.0
SC-104,2026-07-04 04:30:00,10.42,6.93,33.51,60.0
SC-104,2026-07-04 05:00:00,10.41,7.47,28.18,60.0
SC-104,2026-07-04 05:30:00,12.82,8.7,32.17,60.0
SC-104,2026-07-04 06:00:00,14.12,9.85,30.24,60.0
SC-104,2026-07-04 06:30:00,14.48,10.7,26.11,60.0
SC-104,2026-07-04 07:00:00,17.99,13.11,27.12,60.0
SC-104,2026-07-04 07:30:00,19.87,14.47,27.16,60.0
SC-104,2026-07-04 08:00:00,27.09,20.02,26.1,60.0
SC-104,2026-07-04 08:30:00,30.17,22.13,26.65,60.0
SC-104,2026-07-04 09:00:00,33.67,24.04,28.6,60.0
SC-104,2026-07-04 09:30:00,44.13,27.56,37.54,60.0
SC-104,2026-07-04 10:00:00,48.74,35.1,28.0,60.0
SC-104,2026-07-04 10:30:00,53.86,35.86,33.42,60.0
SC-104,2026-07-04 11:00:00,51.51,34.86,32.32,60.0
SC-104,2026-07-04 11:30:00,40.64,33.37,17.89,60.0
SC-104,2026-07-04 12:00:00,52.85,38.4,27.34,60.0
SC-104,2026-07-04 12:30:00,47.15,34.47,26.89,60.0
SC-104,2026-07-04 13:00:00,47.89,32.51,32.12,60.0
SC-104,2026-07-04 13:30:00,45.38,31.29,31.05,60.0
SC-104,2026-07-04 14:00:00,37.85,27.33,27.8,60.0
SC-104,2026-07-04 14:30:00,37.88,27.11,28.45,60.0
SC-104,2026-07-04 15:00:00,45.25,30.2,33.27,60.0
SC-104,2026-07-04 15:30:00,29.35,24.34,17.08,60.0
SC-104,2026-07-04 16:00:00,32.63,23.11,29.19,60.0
SC-104,2026-07-04 16:30:00,29.67,22.48,24.25,60.0
SC-104,2026-07-04 17:00:00,31.97,22.45,29.79,60.0
SC-104,2026-07-04 17:30:00,23.64,17.42,26.3,60.0
SC-104,2026-07-04 18:00:00,18.58,14.81,20.29,60.0
SC-104,2026-07-04 18:30:00,20.33,14.74,27.5,60.0
SC-104,2026-07-04 19:00:00,18.77,13.25,29.45,60.0
SC-104,2026-07-04 19:30:00,15.84,11.49,27.45,60.0
SC-104,2026-07-04 20:00:00,13.44,10.17,24.31,60.0
SC-104,2026-07-04 20:30:00,11.74,9.19,21.69,60.0
SC-104,2026-07-04 21:00:00,12.37,8.79,28.95,60.0
SC-104,2026-07-04 21:30:00,12.4,8.81,28.94,60.0
SC-104,2026-07-04 22:00:00,10.49,7.6,27.54,60.0
SC-104,2026-07-04 22:30:00,10.15,7.13,29.7,60.0
SC-104,2026-07-04 23:00:00,9.04,6.8,24.79,60.0
SC-104,2026-07-04 23:30:00,9.34,7.08,24.22,60.0
SC-104,2026-07-05 00:00:00,25.37,18.82,25.8,60.0
SC-104,2026-07-05 00:30:00,22.78,17.31,24.01,60.0
SC-104,2026-07-05 01:00:00,25.42,17.03,33.0,60.0
SC-104,2026-07-05 01:30:00,27.47,20.02,27.13,60.0
SC-104,2026-07-05 02:00:00,27.78,18.27,34.24,60.0
SC-104,2026-07-05 02:30:00,21.73,16.37,24.66,60.0
SC-104,2026-07-05 03:00:00,26.5,18.97,28.4,60.0
SC-104,2026-07-05 03:30:00,28.07,19.52,30.44,60.0
SC-104,2026-07-05 04:00:00,25.6,17.22,32.72,60.0
SC-104,2026-07-05 04:30:00,22.93,18.13,20.96,60.0
SC-104,2026-07-05 05:00:00,30.41,20.77,31.72,60.0
SC-104,2026-07-05 05:30:00,31.01,22.59,27.14,60.0
SC-104,2026-07-05 06:00:00,31.37,23.7,24.44,60.0
SC-104,2026-07-05 06:30:00,42.48,29.37,30.88,60.0
SC-104,2026-07-05 07:00:00,47.24,33.55,28.98,60.0
SC-104,2026-07-05 07:30:00,57.64,39.55,31.39,60.0
SC-104,2026-07-05 08:00:00,74.24,53.43,28.04,60.0
SC-104,2026-07-05 08:30:00,105.97,70.19,33.77,60.0
SC-104,2026-07-05 09:00:00,99.7,70.85,28.93,60.0
SC-104,2026-07-05 09:30:00,115.92,86.83,25.09,60.0
SC-104,2026-07-05 10:00:00,122.5,90.53,26.1,60.0
SC-104,2026-07-05 10:30:00,149.11,102.11,31.52,60.0
SC-104,2026-07-05 11:00:00,123.28,96.06,22.08,60.0
SC-104,2026-07-05 11:30:00,157.9,104.06,34.1,60.0
SC-104,2026-07-05 12:00:00,142.81,98.83,30.79,60.0
SC-104,2026-07-05 12:30:00,129.71,96.32,25.74,60.0
SC-104,2026-07-05 13:00:00,123.83,91.88,25.8,60.0
SC-104,2026-07-05 13:30:00,144.37,98.46,31.8,60.0
SC-104,2026-07-05 14:00:00,120.05,86.0,28.37,60.0
SC-104,2026-07-05 14:30:00,118.46,81.88,30.88,60.0
SC-104,2026-07-05 15:00:00,97.65,68.24,30.12,60.0
SC-104,2026-07-05 15:30:00,94.83,70.25,25.92,60.0
SC-104,2026-07-05 16:00:00,84.64,63.75,24.68,60.0
SC-104,2026-07-05 16:30:00,83.33,58.32,30.01,60.0
SC-104,2026-07-05 17:00:00,68.65,53.83,21.6,60.0
SC-104,2026-07-05 17:30:00,75.28,55.74,25.95,60.0
SC-104,2026-07-05 18:00:00,66.36,48.1,27.51,60.0
SC-104,2026-07-05 18:30:00,53.76,39.0,27.45,60.0
SC-104,2026-07-05 19:00:00,55.45,37.33,32.68,60.0
SC-104,2026-07-05 19:30:00,39.36,28.01,28.83,60.0
SC-104,2026-07-05 20:00:00,39.39,28.9,26.64,60.0
SC-104,2026-07-05 20:30:00,33.5,24.84,25.85,60.0
SC-104,2026-07-05 21:00:00,31.3,22.35,28.59,60.0
SC-104,2026-07-05 21:30:00,31.51,21.87,30.61,60.0
SC-104,2026-07-05 22:00:00,29.14,21.4,26.55,60.0
SC-104,2026-07-05 22:30:00,27.25,18.68,31.47,60.0
SC-104,2026-07-05 23:00:00,26.45,18.8,28.93,60.0
SC-104,2026-07-05 23:30:00,22.2,17.37,21.74,60.0
SC-104,2026-07-06 00:00:00,29.99,18.83,37.22,60.0
SC-104,2026-07-06 00:30:00,25.72,17.39,32.4,60.0
SC-104,2026-07-06 01:00:00,24.02,18.0,25.03,60.0
SC-104,2026-07-06 01:30:00,24.98,18.75,24.94,60.0
SC-104,2026-07-06 02:00:00,26.59,18.78,29.39,60.0
SC-104,2026-07-06 02:30:00,27.3,18.87,30.88,60.0
SC-104,2026-07-06 03:00:00,27.9,20.55,26.32,60.0
SC-104,2026-07-06 03:30:00,30.77,20.96,31.86,60.0
SC-104,2026-07-06 04:00:00,25.25,18.95,24.95,60.0
SC-104,2026-07-06 04:30:00,27.83,20.23,27.33,60.0
SC-104,2026-07-06 05:00:00,28.43,19.12,32.76,60.0
SC-104,2026-07-06 05:30:00,27.38,20.57,24.88,60.0
SC-104,2026-07-06 06:00:00,37.79,27.33,27.69,60.0
SC-104,2026-07-06 06:30:00,47.49,33.35,29.76,60.0
SC-104,2026-07-06 07:00:00,53.15,37.73,29.0,60.0
SC-104,2026-07-06 07:30:00,66.9,47.2,29.44,60.0
SC-104,2026-07-06 08:00:00,85.96,63.33,26.33,60.0
SC-104,2026-07-06 08:30:00,100.9,72.96,27.7,60.0
SC-104,2026-07-06 09:00:00,110.85,81.73,26.27,60.0
SC-104,2026-07-06 09:30:00,135.52,92.11,32.04,60.0
SC-104,2026-07-06 10:00:00,143.26,104.86,26.8,60.0
SC-104,2026-07-06 10:30:00,142.89,98.75,30.89,60.0
SC-104,2026-07-06 11:00:00,155.9,115.24,26.08,60.0
SC-104,2026-07-06 11:30:00,155.6,114.9,26.16,60.0
SC-104,2026-07-06 12:00:00,142.0,104.34,26.52,60.0
SC-104,2026-07-06 12:30:00,178.33,122.53,31.29,60.0
SC-104,2026-07-06 13:00:00,148.15,103.89,29.88,60.0
SC-104,2026-07-06 13:30:00,135.45,98.21,27.49,60.0
SC-104,2026-07-06 14:00:00,120.3,88.8,26.19,60.0
SC-104,2026-07-06 14:30:00,110.19,79.1,28.21,60.0
SC-104,2026-07-06 15:00:00,114.1,83.11,27.16,60.0
SC-104,2026-07-06 15:30:00,92.73,70.33,24.15,60.0
SC-104,2026-07-06 16:00:00,91.84,67.04,27.0,60.0
SC-104,2026-07-06 16:30:00,84.03,62.51,25.61,60.0
SC-104,2026-07-06 17:00:00,72.19,53.21,26.29,60.0
SC-104,2026-07-06 17:30:00,81.8,57.92,29.19,60.0
SC-104,2026-07-06 18:00:00,58.84,43.43,26.19,60.0
SC-104,2026-07-06 18:30:00,48.92,35.58,27.27,60.0
SC-104,2026-07-06 19:00:00,46.01,32.65,29.03,60.0
SC-104,2026-07-06 19:30:00,45.03,31.51,30.04,60.0
SC-104,2026-07-06 20:00:00,35.86,25.92,27.72,60.0
SC-104,2026-07-06 20:30:00,32.89,24.44,25.69,60.0
SC-104,2026-07-06 21:00:00,33.21,23.95,27.89,60.0
SC-104,2026-07-06 21:30:00,30.25,20.86,31.04,60.0
SC-104,2026-07-06 22:00:00,29.2,21.43,26.59,60.0
SC-104,2026-07-06 22:30:00,26.18,20.94,20.0,60.0
SC-104,2026-07-06 23:00:00,27.89,20.6,26.14,60.0
SC-104,2026-07-06 23:30:00,34.66,22.46,35.2,60.0
SC-104,2026-07-07 00:00:00,26.12,17.9,31.47,60.0
SC-104,2026-07-07 00:30:00,24.73,17.82,27.96,60.0
SC-104,2026-07-07 01:00:00,20.9,15.63,25.18,60.0
SC-104,2026-07-07 01:30:00,26.01,18.47,29.01,60.0
SC-104,2026-07-07 02:00:00,28.79,20.87,27.53,60.0
SC-104,2026-07-07 02:30:00,26.39,18.75,28.98,60.0
SC-104,2026-07-07 03:00:00,23.16,16.45,28.97,60.0
SC-104,2026-07-07 03:30:00,24.08,17.59,26.96,60.0
SC-104,2026-07-07 04:00:00,24.1,17.24,28.47,60.0
SC-104,2026-07-07 04:30:00,23.37,17.43,25.43,60.0
SC-104,2026-07-07 05:00:00,28.09,19.0,32.36,60.0
SC-104,2026-07-07 05:30:00,25.97,20.21,22.19,60.0
SC-104,2026-07-07 06:00:00,35.32,23.97,32.14,60.0
SC-104,2026-07-07 06:30:00,37.39,27.01,27.74,60.0
SC-104,2026-07-07 07:00:00,50.32,37.87,24.75,60.0
SC-104,2026-07-07 07:30:00,66.73,44.21,33.75,60.0
SC-104,2026-07-07 08:00:00,67.88,49.39,27.24,60.0
SC-104,2026-07-07 08:30:00,90.91,69.2,23.88,60.0
SC-104,2026-07-07 09:00:00,107.67,76.95,28.53,60.0
SC-104,2026-07-07 09:30:00,108.33,76.76,29.14,60.0
SC-104,2026-07-07 10:00:00,131.9,101.3,23.2,60.0
SC-104,2026-07-07 10:30:00,147.64,108.97,26.2,60.0
SC-104,2026-07-07 11:00:00,168.62,116.77,30.75,60.0
SC-104,2026-07-07 11:30:00,131.39,98.21,25.25,60.0
SC-104,2026-07-07 12:00:00,146.23,104.71,28.4,60.0
SC-104,2026-07-07 12:30:00,141.36,92.0,34.92,60.0
SC-104,2026-07-07 13:00:00,133.58,96.37,27.86,60.0
SC-104,2026-07-07 13:30:00,126.13,86.91,31.09,60.0
SC-104,2026-07-07 14:00:00,103.5,75.12,27.42,60.0
SC-104,2026-07-07 14:30:00,101.56,71.55,29.55,60.0
SC-104,2026-07-07 15:00:00,95.26,75.67,20.57,60.0
SC-104,2026-07-07 15:30:00,95.86,72.18,24.7,60.0
SC-104,2026-07-07 16:00:00,89.9,68.34,23.98,60.0
SC-104,2026-07-07 16:30:00,89.59,62.95,29.74,60.0
SC-104,2026-07-07 17:00:00,67.53,48.19,28.64,60.0
SC-104,2026-07-07 17:30:00,64.24,48.44,24.59,60.0
SC-104,2026-07-07 18:00:00,61.77,47.92,22.43,60.0
SC-104,2026-07-07 18:30:00,50.98,39.03,23.44,60.0
SC-104,2026-07-07 19:00:00,47.53,34.45,27.52,60.0
SC-104,2026-07-07 19:30:00,43.13,31.55,26.85,60.0
SC-104,2026-07-07 20:00:00,33.96,25.44,25.08,60.0
SC-104,2026-07-07 20:30:00,32.26,23.96,25.73,60.0
SC-104,2026-07-07 21:00:00,29.86,23.24,22.16,60.0
SC-104,2026-07-07 21:30:00,28.98,20.2,30.3,60.0
SC-104,2026-07-07 22:00:00,27.68,19.49,29.57,60.0
SC-104,2026-07-07 22:30:00,27.72,17.94,35.28,60.0
SC-104,2026-07-07 23:00:00,25.99,18.52,28.77,60.0
SC-104,2026-07-07 23:30:00,23.9,19.06,20.24,60.0
SC-104,2026-07-08 00:00:00,23.67,16.57,30.01,60.0
SC-104,2026-07-08 00:30:00,23.87,17.23,27.83,60.0
SC-104,2026-07-08 01:00:00,25.77,18.3,28.98,60.0
SC-104,2026-07-08 01:30:00,23.52,17.44,25.88,60.0
SC-104,2026-07-08 02:00:00,21.24,14.4,32.2,60.0
SC-104,2026-07-08 02:30:00,24.84,18.26,26.5,60.0
SC-104,2026-07-08 03:00:00,27.02,19.25,28.77,60.0
SC-104,2026-07-08 03:30:00,31.74,20.58,35.16,60.0
SC-104,2026-07-08 04:00:00,23.54,17.3,26.54,60.0
SC-104,2026-07-08 04:30:00,26.61,17.41,34.57,60.0
SC-104,2026-07-08 05:00:00,27.61,19.24,30.32,60.0
SC-104,2026-07-08 05:30:00,24.55,18.5,24.65,60.0
SC-104,2026-07-08 06:00:00,31.79,24.24,23.74,60.0
SC-104,2026-07-08 06:30:00,38.79,30.46,21.49,60.0
SC-104,2026-07-08 07:00:00,45.24,36.78,18.7,60.0
SC-104,2026-07-08 07:30:00,59.15,42.7,27.81,60.0
SC-104,2026-07-08 08:00:00,75.89,54.03,28.81,60.0
SC-104,2026-07-08 08:30:00,77.56,55.64,28.26,60.0
SC-104,2026-07-08 09:00:00,102.21,75.88,25.76,60.0
SC-104,2026-07-08 09:30:00,126.4,88.97,29.61,60.0
SC-104,2026-07-08 10:00:00,137.06,99.12,27.68,60.0
SC-104,2026-07-08 10:30:00,142.97,101.1,29.29,60.0
SC-104,2026-07-08 11:00:00,144.45,106.83,26.04,60.0
SC-104,2026-07-08 11:30:00,136.52,96.0,29.68,60.0
SC-104,2026-07-08 12:00:00,128.91,91.19,29.27,60.0
SC-104,2026-07-08 12:30:00,139.08,97.53,29.88,60.0
SC-104,2026-07-08 13:00:00,107.35,82.37,23.26,60.0
SC-104,2026-07-08 13:30:00,107.57,80.15,25.49,60.0
SC-104,2026-07-08 14:00:00,121.37,86.49,28.74,60.0
SC-104,2026-07-08 14:30:00,105.52,78.39,25.71,60.0
SC-104,2026-07-08 15:00:00,93.58,68.66,26.63,60.0
SC-104,2026-07-08 15:30:00,89.78,67.19,25.16,60.0
SC-104,2026-07-08 16:00:00,83.16,56.69,31.82,60.0
SC-104,2026-07-08 16:30:00,80.33,55.06,31.45,60.0
SC-104,2026-07-08 17:00:00,71.58,53.61,25.1,60.0
SC-104,2026-07-08 17:30:00,61.04,44.4,27.27,60.0
SC-104,2026-07-08 18:00:00,49.84,38.24,23.29,60.0
SC-104,2026-07-08 18:30:00,51.74,39.19,24.26,60.0
SC-104,2026-07-08 19:00:00,43.94,32.08,27.0,60.0
SC-104,2026-07-08 19:30:00,38.89,28.48,26.77,60.0
SC-104,2026-07-08 20:00:00,30.95,22.13,28.51,60.0
SC-104,2026-07-08 20:30:00,27.95,22.39,19.89,60.0
SC-104,2026-07-08 21:00:00,24.16,19.47,19.38,60.0
SC-104,2026-07-08 21:30:00,26.67,18.77,29.61,60.0
SC-104,2026-07-08 22:00:00,24.75,17.95,27.46,60.0
SC-104,2026-07-08 22:30:00,23.68,16.92,28.57,60.0
SC-104,2026-07-08 23:00:00,24.95,18.05,27.65,60.0
SC-104,2026-07-08 23:30:00,22.6,17.02,24.68,60.0
SC-104,2026-07-09 00:00:00,26.06,18.13,30.42,60.0
SC-104,2026-07-09 00:30:00,23.35,17.19,26.35,60.0
SC-104,2026-07-09 01:00:00,21.22,15.16,28.55,60.0
SC-104,2026-07-09 01:30:00,19.15,14.39,24.85,60.0
SC-104,2026-07-09 02:00:00,24.17,16.7,30.91,60.0
SC-104,2026-07-09 02:30:00,25.88,17.43,32.65,60.0
SC-104,2026-07-09 03:00:00,21.17,15.53,26.63,60.0
SC-104,2026-07-09 03:30:00,23.06,16.31,29.27,60.0
SC-104,2026-07-09 04:00:00,23.25,17.0,26.88,60.0
SC-104,2026-07-09 04:30:00,23.7,17.31,26.96,60.0
SC-104,2026-07-09 05:00:00,28.25,19.29,31.71,60.0
SC-104,2026-07-09 05:30:00,28.63,21.59,24.61,60.0
SC-104,2026-07-09 06:00:00,36.7,26.5,27.8,60.0
SC-104,2026-07-09 06:30:00,40.3,28.58,29.08,60.0
SC-104,2026-07-09 07:00:00,45.84,31.39,31.52,60.0
SC-104,2026-07-09 07:30:00,49.34,40.51,17.9,60.0
SC-104,2026-07-09 08:00:00,74.31,56.14,24.45,60.0
SC-104,2026-07-09 08:30:00,79.65,54.85,31.13,60.0
SC-104,2026-07-09 09:00:00,85.29,62.78,26.39,60.0
SC-104,2026-07-09 09:30:00,105.54,82.04,22.27,60.0
SC-104,2026-07-09 10:00:00,120.66,90.04,25.38,60.0
SC-104,2026-07-09 10:30:00,133.03,89.85,32.46,60.0
SC-104,2026-07-09 11:00:00,127.8,96.12,24.79,60.0
SC-104,2026-07-09 11:30:00,121.3,85.95,29.14,60.0
SC-104,2026-07-09 12:00:00,115.06,85.85,25.38,60.0
SC-104,2026-07-09 12:30:00,130.59,94.3,27.79,60.0
SC-104,2026-07-09 13:00:00,113.18,84.73,25.14,60.0
SC-104,2026-07-09 13:30:00,97.18,77.92,19.81,60.0
SC-104,2026-07-09 14:00:00,103.37,77.94,24.6,60.0
SC-104,2026-07-09 14:30:00,97.9,66.97,31.6,60.0
SC-104,2026-07-09 15:00:00,90.71,65.63,27.64,60.0
SC-104,2026-07-09 15:30:00,89.03,64.25,27.83,60.0
SC-104,2026-07-09 16:00:00,81.88,61.19,25.27,60.0
SC-104,2026-07-09 16:30:00,73.28,55.17,24.72,60.0
SC-104,2026-07-09 17:00:00,81.97,58.75,28.33,60.0
SC-104,2026-07-09 17:30:00,66.46,44.28,33.38,60.0
SC-104,2026-07-09 18:00:00,54.07,39.76,26.46,60.0
SC-104,2026-07-09 18:30:00,54.5,38.45,29.44,60.0
SC-104,2026-07-09 19:00:00,38.85,26.97,30.6,60.0
SC-104,2026-07-09 19:30:00,37.3,27.27,26.89,60.0
SC-104,2026-07-09 20:00:00,33.6,25.16,25.12,60.0
SC-104,2026-07-09 20:30:00,29.62,22.31,24.68,60.0
SC-104,2026-07-09 21:00:00,26.88,19.81,26.3,60.0
SC-104,2026-07-09 21:30:00,26.47,19.67,25.7,60.0
SC-104,2026-07-09 22:00:00,25.51,17.43,31.67,60.0
SC-104,2026-07-09 22:30:00,23.7,17.04,28.08,60.0
SC-104,2026-07-09 23:00:00,21.22,15.13,28.66,60.0
SC-104,2026-07-09 23:30:00,22.29,15.22,31.7,60.0
SC-104,2026-07-10 00:00:00,13.72,8.91,35.08,60.0
SC-104,2026-07-10 00:30:00,13.7,9.36,31.73,60.0
SC-104,2026-07-10 01:00:00,11.81,9.07,23.21,60.0
SC-104,2026-07-10 01:30:00,13.98,9.52,31.95,60.0
SC-104,2026-07-10 02:00:00,11.73,9.34,20.38,60.0
SC-104,2026-07-10 02:30:00,13.49,9.16,32.14,60.0
SC-104,2026-07-10 03:00:00,13.76,10.15,26.24,60.0
SC-104,2026-07-10 03:30:00,12.91,9.83,23.85,60.0
SC-104,2026-07-10 04:00:00,11.17,8.79,21.32,60.0
SC-104,2026-07-10 04:30:00,13.59,10.3,24.23,60.0
SC-104,2026-07-10 05:00:00,15.21,10.81,28.88,60.0
SC-104,2026-07-10 05:30:00,14.31,10.63,25.72,60.0
SC-104,2026-07-10 06:00:00,17.96,12.7,29.29,60.0
SC-104,2026-07-10 06:30:00,23.42,16.4,29.96,60.0
SC-104,2026-07-10 07:00:00,25.54,17.99,29.55,60.0
SC-104,2026-07-10 07:30:00,29.48,21.19,28.13,60.0
SC-104,2026-07-10 08:00:00,34.3,26.37,23.13,60.0
SC-104,2026-07-10 08:30:00,42.11,32.51,22.79,60.0
SC-104,2026-07-10 09:00:00,48.43,33.51,30.81,60.0
SC-104,2026-07-10 09:30:00,56.84,41.02,27.83,60.0
SC-104,2026-07-10 10:00:00,64.61,47.97,25.75,60.0
SC-104,2026-07-10 10:30:00,69.39,50.73,26.9,60.0
SC-104,2026-07-10 11:00:00,67.01,48.4,27.77,60.0
SC-104,2026-07-10 11:30:00,66.75,48.44,27.43,60.0
SC-104,2026-07-10 12:00:00,64.28,48.18,25.04,60.0
SC-104,2026-07-10 12:30:00,61.11,42.89,29.82,60.0
SC-104,2026-07-10 13:00:00,54.75,40.68,25.7,60.0
SC-104,2026-07-10 13:30:00,56.53,37.72,33.26,60.0
SC-104,2026-07-10 14:00:00,51.18,38.2,25.37,60.0
SC-104,2026-07-10 14:30:00,48.0,35.5,26.04,60.0
SC-104,2026-07-10 15:00:00,50.85,38.09,25.09,60.0
SC-104,2026-07-10 15:30:00,51.44,38.08,25.97,60.0
SC-104,2026-07-10 16:00:00,46.19,33.81,26.79,60.0
SC-104,2026-07-10 16:30:00,41.97,31.43,25.12,60.0
SC-104,2026-07-10 17:00:00,35.03,25.3,27.76,60.0
SC-104,2026-07-10 17:30:00,34.28,23.81,30.54,60.0
SC-104,2026-07-10 18:00:00,32.24,23.27,27.81,60.0
SC-104,2026-07-10 18:30:00,24.1,17.26,28.37,60.0
SC-104,2026-07-10 19:00:00,20.88,15.24,27.04,60.0
SC-104,2026-07-10 19:30:00,20.02,13.78,31.14,60.0
SC-104,2026-07-10 20:00:00,18.68,13.36,28.46,60.0
SC-104,2026-07-10 20:30:00,18.2,12.65,30.52,60.0
SC-104,2026-07-10 21:00:00,16.19,11.2,30.82,60.0
SC-104,2026-07-10 21:30:00,13.49,10.16,24.68,60.0
SC-104,2026-07-10 22:00:00,15.87,10.59,33.27,60.0
SC-104,2026-07-10 22:30:00,13.72,9.78,28.71,60.0
SC-104,2026-07-10 23:00:00,11.83,8.68,26.65,60.0
SC-104,2026-07-10 23:30:00,12.69,9.67,23.77,60.0
SC-104,2026-07-11 00:00:00,9.67,6.94,28.28,60.0
SC-104,2026-07-11 00:30:00,8.35,6.66,20.23,60.0
SC-104,2026-07-11 01:00:00,10.34,7.13,31.08,60.0
SC-104,2026-07-11 01:30:00,9.24,6.77,26.73,60.0
SC-104,2026-07-11 02:00:00,9.4,6.82,27.42,60.0
SC-104,2026-07-11 02:30:00,8.59,6.1,28.98,60.0
SC-104,2026-07-11 03:00:00,10.27,6.83,33.5,60.0
SC-104,2026-07-11 03:30:00,9.25,6.95,24.92,60.0
SC-104,2026-07-11 04:00:00,10.86,7.57,30.29,60.0
SC-104,2026-07-11 04:30:00,11.02,8.29,24.79,60.0
SC-104,2026-07-11 05:00:00,10.78,7.72,28.39,60.0
SC-104,2026-07-11 05:30:00,11.39,8.52,25.22,60.0
SC-104,2026-07-11 06:00:00,11.68,8.51,27.1,60.0
SC-104,2026-07-11 06:30:00,17.11,12.46,27.19,60.0
SC-104,2026-07-11 07:00:00,18.79,13.88,26.12,60.0
SC-104,2026-07-11 07:30:00,22.0,15.17,31.05,60.0
SC-104,2026-07-11 08:00:00,26.87,19.53,27.34,60.0
SC-104,2026-07-11 08:30:00,37.34,26.14,30.0,60.0
SC-104,2026-07-11 09:00:00,33.02,24.26,26.55,60.0
SC-104,2026-07-11 09:30:00,40.1,29.75,25.81,60.0
SC-104,2026-07-11 10:00:00,47.48,32.57,31.4,60.0
SC-104,2026-07-11 10:30:00,47.11,32.08,31.9,60.0
SC-104,2026-07-11 11:00:00,41.55,32.7,21.31,60.0
SC-104,2026-07-11 11:30:00,47.62,33.96,28.69,60.0
SC-104,2026-07-11 12:00:00,54.71,36.69,32.93,60.0
SC-104,2026-07-11 12:30:00,48.88,32.7,33.11,60.0
SC-104,2026-07-11 13:00:00,45.17,32.86,27.25,60.0
SC-104,2026-07-11 13:30:00,39.44,27.92,29.21,60.0
SC-104,2026-07-11 14:00:00,36.3,27.4,24.5,60.0
SC-104,2026-07-11 14:30:00,34.21,24.56,28.2,60.0
SC-104,2026-07-11 15:00:00,41.36,30.88,25.33,60.0
SC-104,2026-07-11 15:30:00,41.72,26.1,37.45,60.0
SC-104,2026-07-11 16:00:00,32.13,23.58,26.62,60.0
SC-104,2026-07-11 16:30:00,31.41,22.74,27.62,60.0
SC-104,2026-07-11 17:00:00,28.72,21.44,25.34,60.0
SC-104,2026-07-11 17:30:00,23.7,17.73,25.16,60.0
SC-104,2026-07-11 18:00:00,21.64,15.69,27.52,60.0
SC-104,2026-07-11 18:30:00,17.94,12.54,30.1,60.0
SC-104,2026-07-11 19:00:00,19.71,13.68,30.6,60.0
SC-104,2026-07-11 19:30:00,15.44,10.5,31.95,60.0
SC-104,2026-07-11 20:00:00,13.78,9.48,31.21,60.0
SC-104,2026-07-11 20:30:00,12.21,9.22,24.53,60.0
SC-104,2026-07-11 21:00:00,11.71,8.81,24.77,60.0
SC-104,2026-07-11 21:30:00,10.68,7.84,26.57,60.0
SC-104,2026-07-11 22:00:00,10.0,6.88,31.16,60.0
SC-104,2026-07-11 22:30:00,8.2,6.35,22.57,60.0
SC-104,2026-07-11 23:00:00,10.54,7.1,32.61,60.0
SC-104,2026-07-11 23:30:00,11.2,7.76,30.77,60.0
SC-104,2026-07-12 00:00:00,22.66,16.31,28.03,60.0
SC-104,2026-07-12 00:30:00,24.78,17.75,28.39,60.0
SC-104,2026-07-12 01:00:00,21.8,15.59,28.46,60.0
SC-104,2026-07-12 01:30:00,21.75,16.99,21.88,60.0
SC-104,2026-07-12 02:00:00,26.07,17.73,31.98,60.0
SC-104,2026-07-12 02:30:00,21.56,15.5,28.13,60.0
SC-104,2026-07-12 03:00:00,21.77,16.3,25.11,60.0
SC-104,2026-07-12 03:30:00,22.12,16.75,24.25,60.0
SC-104,2026-07-12 04:00:00,27.79,19.36,30.33,60.0
SC-104,2026-07-12 04:30:00,23.34,16.32,30.07,60.0
SC-104,2026-07-12 05:00:00,28.57,20.64,27.77,60.0
SC-104,2026-07-12 05:30:00,26.67,20.06,24.77,60.0
SC-104,2026-07-12 06:00:00,36.89,25.14,31.85,60.0
SC-104,2026-07-12 06:30:00,37.47,27.75,25.93,60.0
SC-104,2026-07-12 07:00:00,47.21,32.51,31.13,60.0
SC-104,2026-07-12 07:30:00,58.38,40.9,29.95,60.0
SC-104,2026-07-12 08:00:00,86.78,60.0,30.87,60.0
SC-104,2026-07-12 08:30:00,70.71,55.54,21.45,60.0
SC-104,2026-07-12 09:00:00,88.12,66.42,24.63,60.0
SC-104,2026-07-12 09:30:00,125.37,88.91,29.08,60.0
SC-104,2026-07-12 10:00:00,146.91,97.26,33.8,60.0
SC-104,2026-07-12 10:30:00,127.95,94.62,26.05,60.0
SC-104,2026-07-12 11:00:00,145.0,103.48,28.64,60.0
SC-104,2026-07-12 11:30:00,140.9,97.57,30.75,60.0
SC-104,2026-07-12 12:00:00,143.9,97.82,32.02,60.0
SC-104,2026-07-12 12:30:00,124.99,90.22,27.82,60.0
SC-104,2026-07-12 13:00:00,128.38,87.04,32.2,60.0
SC-104,2026-07-12 13:30:00,122.79,81.85,33.35,60.0
SC-104,2026-07-12 14:00:00,116.54,82.87,28.89,60.0
SC-104,2026-07-12 14:30:00,112.56,79.59,29.29,60.0
SC-104,2026-07-12 15:00:00,97.01,76.41,21.24,60.0
SC-104,2026-07-12 15:30:00,80.28,61.52,23.37,60.0
SC-104,2026-07-12 16:00:00,82.24,61.9,24.74,60.0
SC-104,2026-07-12 16:30:00,85.02,58.94,30.68,60.0
SC-104,2026-07-12 17:00:00,86.32,56.84,34.15,60.0
SC-104,2026-07-12 17:30:00,63.66,47.76,24.98,60.0
SC-104,2026-07-12 18:00:00,53.68,36.96,31.15,60.0
SC-104,2026-07-12 18:30:00,49.05,36.63,25.32,60.0
SC-104,2026-07-12 19:00:00,44.58,31.94,28.35,60.0
SC-104,2026-07-12 19:30:00,36.02,26.92,25.25,60.0
SC-104,2026-07-12 20:00:00,35.92,25.26,29.68,60.0
SC-104,2026-07-12 20:30:00,31.09,22.84,26.52,60.0
SC-104,2026-07-12 21:00:00,34.94,21.96,37.16,60.0
SC-104,2026-07-12 21:30:00,26.18,18.49,29.39,60.0
SC-104,2026-07-12 22:00:00,24.2,17.31,28.47,60.0
SC-104,2026-07-12 22:30:00,26.08,18.12,30.53,60.0
SC-104,2026-07-12 23:00:00,25.66,18.28,28.74,60.0
SC-104,2026-07-12 23:30:00,23.31,17.56,24.67,60.0
SC-104,2026-07-13 00:00:00,24.69,18.2,26.29,60.0
SC-104,2026-07-13 00:30:00,24.49,18.03,26.4,60.0
SC-104,2026-07-13 01:00:00,27.58,17.73,35.69,60.0
SC-104,2026-07-13 01:30:00,25.98,18.71,27.99,60.0
SC-104,2026-07-13 02:00:00,22.17,17.19,22.49,60.0
SC-104,2026-07-13 02:30:00,27.4,18.31,33.16,60.0
SC-104,2026-07-13 03:00:00,26.5,18.31,30.9,60.0
SC-104,2026-07-13 03:30:00,25.26,17.86,29.29,60.0
SC-104,2026-07-13 04:00:00,24.89,18.57,25.41,60.0
SC-104,2026-07-13 04:30:00,23.63,16.8,28.9,60.0
SC-104,2026-07-13 05:00:00,26.88,20.41,24.05,60.0
SC-104,2026-07-13 05:30:00,30.05,22.06,26.58,60.0
SC-104,2026-07-13 06:00:00,32.21,25.16,21.88,60.0
SC-104,2026-07-13 06:30:00,46.92,32.33,31.1,60.0
SC-104,2026-07-13 07:00:00,50.75,35.02,30.99,60.0
SC-104,2026-07-13 07:30:00,67.59,49.82,26.29,60.0
SC-104,2026-07-13 08:00:00,71.81,49.7,30.79,60.0
SC-104,2026-07-13 08:30:00,91.12,65.3,28.34,60.0
SC-104,2026-07-13 09:00:00,114.14,79.5,30.35,60.0
SC-104,2026-07-13 09:30:00,118.91,85.19,28.35,60.0
SC-104,2026-07-13 10:00:00,111.44,82.5,25.97,60.0
SC-104,2026-07-13 10:30:00,141.46,98.86,30.11,60.0
SC-104,2026-07-13 11:00:00,121.86,92.01,24.49,60.0
SC-104,2026-07-13 11:30:00,145.46,106.18,27.0,60.0
SC-104,2026-07-13 12:00:00,131.92,99.21,24.8,60.0
SC-104,2026-07-13 12:30:00,132.73,93.32,29.69,60.0
SC-104,2026-07-13 13:00:00,115.0,86.1,25.13,60.0
SC-104,2026-07-13 13:30:00,114.83,81.18,29.3,60.0
SC-104,2026-07-13 14:00:00,97.71,73.82,24.45,60.0
SC-104,2026-07-13 14:30:00,104.7,76.84,26.61,60.0
SC-104,2026-07-13 15:00:00,109.84,79.46,27.66,60.0
SC-104,2026-07-13 15:30:00,111.43,74.56,33.09,60.0
SC-104,2026-07-13 16:00:00,99.86,69.84,30.06,60.0
SC-104,2026-07-13 16:30:00,83.94,59.52,29.09,60.0
SC-104,2026-07-13 17:00:00,65.06,47.07,27.65,60.0
SC-104,2026-07-13 17:30:00,76.02,52.39,31.08,60.0
SC-104,2026-07-13 18:00:00,55.67,40.12,27.93,60.0
SC-104,2026-07-13 18:30:00,55.64,41.19,25.97,60.0
SC-104,2026-07-13 19:00:00,46.48,34.01,26.84,60.0
SC-104,2026-07-13 19:30:00,44.44,31.09,30.04,60.0
SC-104,2026-07-13 20:00:00,35.68,23.96,32.84,60.0
SC-104,2026-07-13 20:30:00,29.26,20.76,29.06,60.0
SC-104,2026-07-13 21:00:00,31.19,22.82,26.82,60.0
SC-104,2026-07-13 21:30:00,30.91,22.34,27.72,60.0
SC-104,2026-07-13 22:00:00,25.92,18.7,27.86,60.0
SC-104,2026-07-13 22:30:00,31.37,22.48,28.34,60.0
SC-104,2026-07-13 23:00:00,25.58,18.11,29.18,60.0
SC-104,2026-07-13 23:30:00,25.5,17.69,30.64,60.0
SC-104,2026-07-14 00:00:00,18.97,14.63,22.88,60.0
SC-104,2026-07-14 00:30:00,23.46,17.4,25.83,60.0
SC-104,2026-07-14 01:00:00,22.16,16.61,25.06,60.0
SC-104,2026-07-14 01:30:00,25.16,17.41,30.79,60.0
SC-104,2026-07-14 02:00:00,29.8,19.91,33.2,60.0
SC-104,2026-07-14 02:30:00,27.13,19.17,29.35,60.0
SC-104,2026-07-14 03:00:00,23.14,17.77,23.23,60.0
SC-104,2026-07-14 03:30:00,25.62,18.65,27.21,60.0
SC-104,2026-07-14 04:00:00,26.5,20.33,23.27,60.0
SC-104,2026-07-14 04:30:00,24.19,19.61,18.94,60.0
SC-104,2026-07-14 05:00:00,26.14,19.78,24.32,60.0
SC-104,2026-07-14 05:30:00,33.5,24.11,28.01,60.0
SC-104,2026-07-14 06:00:00,39.65,26.14,34.07,60.0
SC-104,2026-07-14 06:30:00,47.53,31.25,34.25,60.0
SC-104,2026-07-14 07:00:00,44.72,33.91,24.17,60.0
SC-104,2026-07-14 07:30:00,66.83,45.54,31.86,60.0
SC-104,2026-07-14 08:00:00,66.8,50.57,24.29,60.0
SC-104,2026-07-14 08:30:00,88.66,65.48,26.15,60.0
SC-104,2026-07-14 09:00:00,87.3,63.3,27.49,60.0
SC-104,2026-07-14 09:30:00,127.19,93.2,26.72,60.0
SC-104,2026-07-14 10:00:00,137.18,102.22,25.49,60.0
SC-104,2026-07-14 10:30:00,150.03,101.68,32.23,60.0
SC-104,2026-07-14 11:00:00,129.39,94.79,26.74,60.0
SC-104,2026-07-14 11:30:00,163.21,111.98,31.39,60.0
SC-104,2026-07-14 12:00:00,126.32,83.18,34.15,60.0
SC-104,2026-07-14 12:30:00,121.13,90.1,25.62,60.0
SC-104,2026-07-14 13:00:00,114.05,86.45,24.21,60.0
SC-104,2026-07-14 13:30:00,110.16,83.78,23.95,60.0
SC-104,2026-07-14 14:00:00,107.64,76.05,29.35,60.0
SC-104,2026-07-14 14:30:00,118.68,80.77,31.95,60.0
SC-104,2026-07-14 15:00:00,98.56,70.98,27.98,60.0
SC-104,2026-07-14 15:30:00,91.79,68.42,25.46,60.0
SC-104,2026-07-14 16:00:00,78.45,58.86,24.97,60.0
SC-104,2026-07-14 16:30:00,79.73,56.78,28.79,60.0
SC-104,2026-07-14 17:00:00,83.62,55.2,33.99,60.0
SC-104,2026-07-14 17:30:00,59.77,45.17,24.42,60.0
SC-104,2026-07-14 18:00:00,61.16,43.13,29.48,60.0
SC-104,2026-07-14 18:30:00,57.53,39.29,31.71,60.0
SC-104,2026-07-14 19:00:00,45.13,32.48,28.04,60.0
SC-104,2026-07-14 19:30:00,51.84,35.11,32.27,60.0
SC-104,2026-07-14 20:00:00,32.22,25.24,21.66,60.0
SC-104,2026-07-14 20:30:00,29.15,22.96,21.24,60.0
SC-104,2026-07-14 21:00:00,33.37,21.74,34.84,60.0
SC-104,2026-07-14 21:30:00,29.86,19.84,33.56,60.0
SC-104,2026-07-14 22:00:00,27.76,21.08,24.07,60.0
SC-104,2026-07-14 22:30:00,25.23,17.1,32.23,60.0
SC-104,2026-07-14 23:00:00,24.94,18.11,27.38,60.0
SC-104,2026-07-14 23:30:00,26.98,18.81,30.27,60.0
SC-104,2026-07-15 00:00:00,23.14,17.44,24.62,60.0
SC-104,2026-07-15 00:30:00,23.04,18.12,21.36,60.0
SC-104,2026-07-15 01:00:00,21.13,16.28,22.94,60.0
SC-104,2026-07-15 01:30:00,23.69,16.26,31.34,60.0
SC-104,2026-07-15 02:00:00,23.77,18.66,21.47,60.0
SC-104,2026-07-15 02:30:00,27.68,17.56,36.57,60.0
SC-104,2026-07-15 03:00:00,22.48,16.97,24.51,60.0
SC-104,2026-07-15 03:30:00,24.35,17.75,27.13,60.0
SC-104,2026-07-15 04:00:00,24.84,17.38,30.02,60.0
SC-104,2026-07-15 04:30:00,27.42,19.23,29.87,60.0
SC-104,2026-07-15 05:00:00,30.91,20.38,34.07,60.0
SC-104,2026-07-15 05:30:00,30.89,24.67,20.13,60.0
SC-104,2026-07-15 06:00:00,32.98,23.99,27.27,60.0
SC-104,2026-07-15 06:30:00,35.92,27.88,22.39,60.0
SC-104,2026-07-15 07:00:00,49.84,34.46,30.86,60.0
SC-104,2026-07-15 07:30:00,57.38,44.13,23.08,60.0
SC-104,2026-07-15 08:00:00,72.93,59.04,19.04,60.0
SC-104,2026-07-15 08:30:00,95.66,69.51,27.34,60.0
SC-104,2026-07-15 09:00:00,108.08,77.72,28.09,60.0
SC-104,2026-07-15 09:30:00,106.72,79.5,25.5,60.0
SC-104,2026-07-15 10:00:00,120.18,81.11,32.5,60.0
SC-104,2026-07-15 10:30:00,131.72,94.22,28.47,60.0
SC-104,2026-07-15 11:00:00,136.49,104.17,23.68,60.0
SC-104,2026-07-15 11:30:00,144.63,106.38,26.45,60.0
SC-104,2026-07-15 12:00:00,132.2,84.91,35.78,60.0
SC-104,2026-07-15 12:30:00,147.57,102.04,30.85,60.0
SC-104,2026-07-15 13:00:00,114.01,81.84,28.21,60.0
SC-104,2026-07-15 13:30:00,114.61,78.54,31.47,60.0
SC-104,2026-07-15 14:00:00,121.01,88.04,27.24,60.0
SC-104,2026-07-15 14:30:00,94.21,62.97,33.16,60.0
SC-104,2026-07-15 15:00:00,96.66,67.54,30.13,60.0
SC-104,2026-07-15 15:30:00,97.46,70.37,27.79,60.0
SC-104,2026-07-15 16:00:00,81.89,60.9,25.63,60.0
SC-104,2026-07-15 16:30:00,70.47,54.91,22.08,60.0
SC-104,2026-07-15 17:00:00,77.29,53.69,30.53,60.0
SC-104,2026-07-15 17:30:00,74.5,50.86,31.73,60.0
SC-104,2026-07-15 18:00:00,51.74,38.0,26.54,60.0
SC-104,2026-07-15 18:30:00,52.86,38.88,26.45,60.0
SC-104,2026-07-15 19:00:00,45.41,30.53,32.77,60.0
SC-104,2026-07-15 19:30:00,34.84,26.32,24.46,60.0
SC-104,2026-07-15 20:00:00,34.71,24.5,29.43,60.0
SC-104,2026-07-15 20:30:00,35.15,22.56,35.81,60.0
SC-104,2026-07-15 21:00:00,28.48,20.58,27.71,60.0
SC-104,2026-07-15 21:30:00,25.41,17.66,30.49,60.0
SC-104,2026-07-15 22:00:00,30.1,20.84,30.76,60.0
SC-104,2026-07-15 22:30:00,24.31,17.6,27.62,60.0
SC-104,2026-07-15 23:00:00,26.2,18.71,28.58,60.0
SC-104,2026-07-15 23:30:00,25.41,17.86,29.71,60.0
SC-104,2026-07-16 00:00:00,24.93,17.85,28.4,60.0
SC-104,2026-07-16 00:30:00,22.83,17.16,24.84,60.0
SC-104,2026-07-16 01:00:00,21.83,16.01,26.65,60.0
SC-104,2026-07-16 01:30:00,22.3,15.9,28.71,60.0
SC-104,2026-07-16 02:00:00,18.41,14.56,20.93,60.0
SC-104,2026-07-16 02:30:00,21.63,15.51,28.29,60.0
SC-104,2026-07-16 03:00:00,22.7,15.67,30.99,60.0
SC-104,2026-07-16 03:30:00,21.6,16.63,23.0,60.0
SC-104,2026-07-16 04:00:00,22.06,16.47,25.34,60.0
SC-104,2026-07-16 04:30:00,26.21,18.32,30.1,60.0
SC-104,2026-07-16 05:00:00,28.32,19.41,31.46,60.0
SC-104,2026-07-16 05:30:00,29.19,20.84,28.59,60.0
SC-104,2026-07-16 06:00:00,32.18,25.52,20.71,60.0
SC-104,2026-07-16 06:30:00,35.07,27.53,21.51,60.0
SC-104,2026-07-16 07:00:00,45.22,31.38,30.6,60.0
SC-104,2026-07-16 07:30:00,63.86,45.55,28.67,60.0
SC-104,2026-07-16 08:00:00,64.3,47.65,25.89,60.0
SC-104,2026-07-16 08:30:00,87.68,60.65,30.83,60.0
SC-104,2026-07-16 09:00:00,101.53,72.71,28.38,60.0
SC-104,2026-07-16 09:30:00,106.68,71.96,32.54,60.0
SC-104,2026-07-16 10:00:00,128.33,86.1,32.91,60.0
SC-104,2026-07-16 10:30:00,124.57,93.09,25.27,60.0
SC-104,2026-07-16 11:00:00,133.71,100.49,24.84,60.0
SC-104,2026-07-16 11:30:00,129.98,94.83,27.04,60.0
SC-104,2026-07-16 12:00:00,114.52,85.69,25.18,60.0
SC-104,2026-07-16 12:30:00,126.46,93.48,26.08,60.0
SC-104,2026-07-16 13:00:00,92.12,70.65,23.3,60.0
SC-104,2026-07-16 13:30:00,111.2,74.83,32.7,60.0
SC-104,2026-07-16 14:00:00,96.27,70.85,26.4,60.0
SC-104,2026-07-16 14:30:00,103.83,70.07,32.51,60.0
SC-104,2026-07-16 15:00:00,99.06,68.68,30.67,60.0
SC-104,2026-07-16 15:30:00,79.15,59.99,24.2,60.0
SC-104,2026-07-16 16:00:00,78.29,58.02,25.89,60.0
SC-104,2026-07-16 16:30:00,76.73,54.34,29.18,60.0
SC-104,2026-07-16 17:00:00,80.92,54.9,32.15,60.0
SC-104,2026-07-16 17:30:00,69.29,46.75,32.53,60.0
SC-104,2026-07-16 18:00:00,66.21,46.78,29.34,60.0
SC-104,2026-07-16 18:30:00,52.23,36.16,30.76,60.0
SC-104,2026-07-16 19:00:00,45.17,32.48,28.09,60.0
SC-104,2026-07-16 19:30:00,42.73,27.82,34.9,60.0
SC-104,2026-07-16 20:00:00,30.6,24.45,20.09,60.0
SC-104,2026-07-16 20:30:00,33.23,23.38,29.64,60.0
SC-104,2026-07-16 21:00:00,28.74,21.07,26.7,60.0
SC-104,2026-07-16 21:30:00,29.7,20.57,30.76,60.0
SC-104,2026-07-16 22:00:00,25.31,17.29,31.7,60.0
SC-104,2026-07-16 22:30:00,21.85,16.16,26.02,60.0
SC-104,2026-07-16 23:00:00,23.09,16.52,28.45,60.0
SC-104,2026-07-16 23:30:00,22.95,15.97,30.38,60.0
SC-104,2026-07-17 00:00:00,14.44,9.7,32.84,60.0
SC-104,2026-07-17 00:30:00,11.65,8.97,22.96,60.0
SC-104,2026-07-17 01:00:00,12.91,9.09,29.59,60.0
SC-104,2026-07-17 01:30:00,12.5,9.22,26.23,60.0
SC-104,2026-07-17 02:00:00,12.01,8.4,30.07,60.0
SC-104,2026-07-17 02:30:00,12.5,8.74,30.09,60.0
SC-104,2026-07-17 03:00:00,12.3,9.41,23.47,60.0
SC-104,2026-07-17 03:30:00,11.75,9.54,18.83,60.0
SC-104,2026-07-17 04:00:00,13.01,9.01,30.73,60.0
SC-104,2026-07-17 04:30:00,13.93,9.89,28.97,60.0
SC-104,2026-07-17 05:00:00,12.58,9.68,23.04,60.0
SC-104,2026-07-17 05:30:00,16.04,10.99,31.51,60.0
SC-104,2026-07-17 06:00:00,15.56,11.8,24.18,60.0
SC-104,2026-07-17 06:30:00,20.35,15.18,25.38,60.0
SC-104,2026-07-17 07:00:00,26.5,18.3,30.94,60.0
SC-104,2026-07-17 07:30:00,25.49,19.02,25.36,60.0
SC-104,2026-07-17 08:00:00,39.3,27.95,28.89,60.0
SC-104,2026-07-17 08:30:00,57.06,33.16,41.89,60.0
SC-104,2026-07-17 09:00:00,48.2,36.25,24.8,60.0
SC-104,2026-07-17 09:30:00,56.34,39.24,30.34,60.0
SC-104,2026-07-17 10:00:00,62.27,47.51,23.7,60.0
SC-104,2026-07-17 10:30:00,67.86,47.38,30.18,60.0
SC-104,2026-07-17 11:00:00,81.8,53.37,34.75,60.0
SC-104,2026-07-17 11:30:00,71.46,47.49,33.55,60.0
SC-104,2026-07-17 12:00:00,69.57,51.45,26.04,60.0
SC-104,2026-07-17 12:30:00,67.54,50.01,25.95,60.0
SC-104,2026-07-17 13:00:00,58.74,42.38,27.86,60.0
SC-104,2026-07-17 13:30:00,56.87,39.76,30.09,60.0
SC-104,2026-07-17 14:00:00,57.19,39.91,30.22,60.0
SC-104,2026-07-17 14:30:00,51.84,38.25,26.22,60.0
SC-104,2026-07-17 15:00:00,57.32,37.26,35.0,60.0
SC-104,2026-07-17 15:30:00,44.15,32.21,27.04,60.0
SC-104,2026-07-17 16:00:00,46.32,32.41,30.03,60.0
SC-104,2026-07-17 16:30:00,37.79,28.2,25.38,60.0
SC-104,2026-07-17 17:00:00,35.95,26.33,26.77,60.0
SC-104,2026-07-17 17:30:00,34.97,23.24,33.53,60.0
SC-104,2026-07-17 18:00:00,30.55,21.49,29.68,60.0
SC-104,2026-07-17 18:30:00,26.62,18.67,29.86,60.0
SC-104,2026-07-17 19:00:00,23.41,16.48,29.62,60.0
SC-104,2026-07-17 19:30:00,20.88,14.99,28.19,60.0
SC-104,2026-07-17 20:00:00,18.14,12.31,32.13,60.0
SC-104,2026-07-17 20:30:00,17.59,12.92,26.54,60.0
SC-104,2026-07-17 21:00:00,15.3,10.41,31.95,60.0
SC-104,2026-07-17 21:30:00,16.72,11.32,32.32,60.0
SC-104,2026-07-17 22:00:00,12.46,8.94,28.24,60.0
SC-104,2026-07-17 22:30:00,13.39,9.93,25.84,60.0
SC-104,2026-07-17 23:00:00,12.78,8.7,31.92,60.0
SC-104,2026-07-17 23:30:00,13.17,9.47,28.11,60.0
SC-104,2026-07-18 00:00:00,8.53,5.93,30.44,60.0
SC-104,2026-07-18 00:30:00,8.7,6.43,26.09,60.0
SC-104,2026-07-18 01:00:00,7.26,5.44,25.06,60.0
SC-104,2026-07-18 01:30:00,8.99,6.26,30.43,60.0
SC-104,2026-07-18 02:00:00,8.06,6.04,25.02,60.0
SC-104,2026-07-18 02:30:00,9.01,6.57,27.08,60.0
SC-104,2026-07-18 03:00:00,9.63,6.82,29.22,60.0
SC-104,2026-07-18 03:30:00,8.97,6.23,30.55,60.0
SC-104,2026-07-18 04:00:00,8.86,6.02,32.08,60.0
SC-104,2026-07-18 04:30:00,8.51,6.53,23.32,60.0
SC-104,2026-07-18 05:00:00,10.06,7.21,28.36,60.0
SC-104,2026-07-18 05:30:00,11.1,7.79,29.85,60.0
SC-104,2026-07-18 06:00:00,12.9,8.86,31.34,60.0
SC-104,2026-07-18 06:30:00,13.06,8.96,31.38,60.0
SC-104,2026-07-18 07:00:00,19.43,13.4,31.04,60.0
SC-104,2026-07-18 07:30:00,18.1,14.05,22.38,60.0
SC-104,2026-07-18 08:00:00,24.59,17.89,27.23,60.0
SC-104,2026-07-18 08:30:00,27.05,19.67,27.27,60.0
SC-104,2026-07-18 09:00:00,35.99,25.08,30.32,60.0
SC-104,2026-07-18 09:30:00,39.68,30.1,24.15,60.0
SC-104,2026-07-18 10:00:00,38.86,30.46,21.62,60.0
SC-104,2026-07-18 10:30:00,47.18,32.82,30.45,60.0
SC-104,2026-07-18 11:00:00,48.09,34.06,29.17,60.0
SC-104,2026-07-18 11:30:00,44.57,32.09,27.99,60.0
SC-104,2026-07-18 12:00:00,40.42,28.78,28.8,60.0
SC-104,2026-07-18 12:30:00,45.84,32.84,28.37,60.0
SC-104,2026-07-18 13:00:00,35.73,27.55,22.88,60.0
SC-104,2026-07-18 13:30:00,34.59,25.75,25.54,60.0
SC-104,2026-07-18 14:00:00,43.09,30.26,29.77,60.0
SC-104,2026-07-18 14:30:00,35.88,25.61,28.61,60.0
SC-104,2026-07-18 15:00:00,36.29,25.35,30.14,60.0
SC-104,2026-07-18 15:30:00,30.5,22.31,26.86,60.0
SC-104,2026-07-18 16:00:00,26.09,19.19,26.46,60.0
SC-104,2026-07-18 16:30:00,28.2,21.03,25.41,60.0
SC-104,2026-07-18 17:00:00,27.12,18.87,30.41,60.0
SC-104,2026-07-18 17:30:00,23.15,16.51,28.67,60.0
SC-104,2026-07-18 18:00:00,21.05,15.51,26.31,60.0
SC-104,2026-07-18 18:30:00,15.91,12.17,23.52,60.0
SC-104,2026-07-18 19:00:00,19.5,12.52,35.8,60.0
SC-104,2026-07-18 19:30:00,15.27,10.39,32.0,60.0
SC-104,2026-07-18 20:00:00,13.56,9.84,27.42,60.0
SC-104,2026-07-18 20:30:00,10.06,7.58,24.64,60.0
SC-104,2026-07-18 21:00:00,10.47,7.55,27.86,60.0
SC-104,2026-07-18 21:30:00,9.43,7.08,24.95,60.0
SC-104,2026-07-18 22:00:00,8.82,7.28,17.48,60.0
SC-104,2026-07-18 22:30:00,9.99,7.0,29.96,60.0
SC-104,2026-07-18 23:00:00,10.07,6.42,36.24,60.0
SC-104,2026-07-18 23:30:00,8.97,6.58,26.63,60.0
SC-104,2026-07-19 00:00:00,27.31,20.13,26.3,60.0
SC-104,2026-07-19 00:30:00,29.96,20.67,31.01,60.0
SC-104,2026-07-19 01:00:00,26.95,19.93,26.07,60.0
SC-104,2026-07-19 01:30:00,31.47,23.19,26.3,60.0
SC-104,2026-07-19 02:00:00,25.5,18.51,27.42,60.0
SC-104,2026-07-19 02:30:00,26.86,18.75,30.19,60.0
SC-104,2026-07-19 03:00:00,28.13,19.96,29.04,60.0
SC-104,2026-07-19 03:30:00,29.46,21.99,25.37,60.0
SC-104,2026-07-19 04:00:00,28.71,20.96,27.0,60.0
SC-104,2026-07-19 04:30:00,28.55,21.17,25.86,60.0
SC-104,2026-07-19 05:00:00,28.74,22.71,20.96,60.0
SC-104,2026-07-19 05:30:00,34.7,25.74,25.82,60.0
SC-104,2026-07-19 06:00:00,45.29,31.91,29.55,60.0
SC-104,2026-07-19 06:30:00,45.62,32.05,29.73,60.0
SC-104,2026-07-19 07:00:00,49.88,37.29,25.24,60.0
SC-104,2026-07-19 07:30:00,72.77,51.79,28.84,60.0
SC-104,2026-07-19 08:00:00,80.34,61.59,23.34,60.0
SC-104,2026-07-19 08:30:00,113.85,83.62,26.55,60.0
SC-104,2026-07-19 09:00:00,124.49,83.47,32.95,60.0
SC-104,2026-07-19 09:30:00,139.42,99.41,28.7,60.0
SC-104,2026-07-19 10:00:00,173.51,130.34,24.88,60.0
SC-104,2026-07-19 10:30:00,148.83,113.98,23.42,60.0
SC-104,2026-07-19 11:00:00,170.0,123.95,27.09,60.0
SC-104,2026-07-19 11:30:00,152.64,112.08,26.57,60.0
SC-104,2026-07-19 12:00:00,168.62,118.21,29.9,60.0
SC-104,2026-07-19 12:30:00,169.74,126.72,25.34,60.0
SC-104,2026-07-19 13:00:00,148.44,104.14,29.85,60.0
SC-104,2026-07-19 13:30:00,119.64,89.63,25.09,60.0
SC-104,2026-07-19 14:00:00,126.17,91.76,27.28,60.0
SC-104,2026-07-19 14:30:00,119.37,93.85,21.38,60.0
SC-104,2026-07-19 15:00:00,113.69,74.64,34.35,60.0
SC-104,2026-07-19 15:30:00,135.12,85.57,36.67,60.0
SC-104,2026-07-19 16:00:00,111.78,76.77,31.32,60.0
SC-104,2026-07-19 16:30:00,108.58,78.29,27.9,60.0
SC-104,2026-07-19 17:00:00,88.92,63.51,28.57,60.0
SC-104,2026-07-19 17:30:00,89.02,60.96,31.52,60.0
SC-104,2026-07-19 18:00:00,72.92,54.58,25.15,60.0
SC-104,2026-07-19 18:30:00,53.22,39.67,25.46,60.0
SC-104,2026-07-19 19:00:00,58.55,41.11,29.8,60.0
SC-104,2026-07-19 19:30:00,51.96,36.62,29.53,60.0
SC-104,2026-07-19 20:00:00,38.02,26.43,30.48,60.0
SC-104,2026-07-19 20:30:00,43.66,29.68,32.02,60.0
SC-104,2026-07-19 21:00:00,32.7,26.32,19.51,60.0
SC-104,2026-07-19 21:30:00,39.26,25.13,36.01,60.0
SC-104,2026-07-19 22:00:00,30.72,22.88,25.51,60.0
SC-104,2026-07-19 22:30:00,31.29,22.23,28.96,60.0
SC-104,2026-07-19 23:00:00,28.93,19.6,32.26,60.0
SC-104,2026-07-19 23:30:00,32.53,22.98,29.38,60.0
SC-104,2026-07-20 00:00:00,25.35,18.82,25.73,60.0
SC-104,2026-07-20 00:30:00,29.37,19.07,35.06,60.0
SC-104,2026-07-20 01:00:00,22.28,17.0,23.72,60.0
SC-104,2026-07-20 01:30:00,25.75,18.06,29.87,60.0
SC-104,2026-07-20 02:00:00,23.49,17.31,26.32,60.0
SC-104,2026-07-20 02:30:00,25.11,17.23,31.37,60.0
SC-104,2026-07-20 03:00:00,26.52,18.36,30.78,60.0
SC-104,2026-07-20 03:30:00,27.58,18.93,31.36,60.0
SC-104,2026-07-20 04:00:00,25.32,18.08,28.59,60.0
SC-104,2026-07-20 04:30:00,24.42,17.39,28.82,60.0
SC-104,2026-07-20 05:00:00,26.65,21.1,20.83,60.0
SC-104,2026-07-20 05:30:00,33.91,24.06,29.06,60.0
SC-104,2026-07-20 06:00:00,35.12,25.6,27.1,60.0
SC-104,2026-07-20 06:30:00,47.5,31.27,34.17,60.0
SC-104,2026-07-20 07:00:00,58.27,39.84,31.64,60.0
SC-104,2026-07-20 07:30:00,62.57,42.84,31.54,60.0
SC-104,2026-07-20 08:00:00,75.38,54.57,27.61,60.0
SC-104,2026-07-20 08:30:00,77.79,56.2,27.75,60.0
SC-104,2026-07-20 09:00:00,103.25,78.9,23.58,60.0
SC-104,2026-07-20 09:30:00,127.45,91.18,28.46,60.0
SC-104,2026-07-20 10:00:00,149.5,114.65,23.31,60.0
SC-104,2026-07-20 10:30:00,161.2,115.56,28.31,60.0
SC-104,2026-07-20 11:00:00,148.06,104.52,29.41,60.0
SC-104,2026-07-20 11:30:00,140.08,93.17,33.49,60.0
SC-104,2026-07-20 12:00:00,129.58,88.9,31.39,60.0
SC-104,2026-07-20 12:30:00,142.58,95.02,33.35,60.0
SC-104,2026-07-20 13:00:00,102.43,81.34,20.59,60.0
SC-104,2026-07-20 13:30:00,111.53,79.04,29.14,60.0
SC-104,2026-07-20 14:00:00,130.14,86.36,33.64,60.0
SC-104,2026-07-20 14:30:00,83.3,67.9,18.49,60.0
SC-104,2026-07-20 15:00:00,119.96,78.06,34.93,60.0
SC-104,2026-07-20 15:30:00,104.49,70.85,32.2,60.0
SC-104,2026-07-20 16:00:00,100.89,69.59,31.02,60.0
SC-104,2026-07-20 16:30:00,78.99,61.15,22.59,60.0
SC-104,2026-07-20 17:00:00,81.37,56.5,30.56,60.0
SC-104,2026-07-20 17:30:00,65.33,46.02,29.55,60.0
SC-104,2026-07-20 18:00:00,60.94,43.23,29.06,60.0
SC-104,2026-07-20 18:30:00,59.17,40.31,31.87,60.0
SC-104,2026-07-20 19:00:00,50.81,35.3,30.51,60.0
SC-104,2026-07-20 19:30:00,45.44,31.51,30.65,60.0
SC-104,2026-07-20 20:00:00,41.49,27.26,34.3,60.0
SC-104,2026-07-20 20:30:00,36.19,25.61,29.24,60.0
SC-104,2026-07-20 21:00:00,27.64,21.0,24.02,60.0
SC-104,2026-07-20 21:30:00,25.4,17.76,30.09,60.0
SC-104,2026-07-20 22:00:00,30.17,20.73,31.26,60.0
SC-104,2026-07-20 22:30:00,25.98,18.48,28.89,60.0
SC-104,2026-07-20 23:00:00,24.55,18.37,25.17,60.0
SC-104,2026-07-20 23:30:00,27.44,17.94,34.6,60.0
SC-104,2026-07-21 00:00:00,23.84,16.16,32.23,60.0
SC-104,2026-07-21 00:30:00,21.25,15.88,25.26,60.0
SC-104,2026-07-21 01:00:00,20.23,15.15,25.14,60.0
SC-104,2026-07-21 01:30:00,28.13,18.04,35.88,60.0
SC-104,2026-07-21 02:00:00,24.47,17.9,26.83,60.0
SC-104,2026-07-21 02:30:00,23.49,17.32,26.29,60.0
SC-104,2026-07-21 03:00:00,21.72,15.91,26.77,60.0
SC-104,2026-07-21 03:30:00,27.87,19.78,29.01,60.0
SC-104,2026-07-21 04:00:00,25.38,19.17,24.49,60.0
SC-104,2026-07-21 04:30:00,25.14,17.87,28.91,60.0
SC-104,2026-07-21 05:00:00,28.62,19.11,33.22,60.0
SC-104,2026-07-21 05:30:00,28.12,20.21,28.11,60.0
SC-104,2026-07-21 06:00:00,39.34,26.17,33.48,60.0
SC-104,2026-07-21 06:30:00,45.46,30.85,32.14,60.0
SC-104,2026-07-21 07:00:00,47.47,35.42,25.37,60.0
SC-104,2026-07-21 07:30:00,71.2,49.24,30.83,60.0
SC-104,2026-07-21 08:00:00,74.27,51.27,30.97,60.0
SC-104,2026-07-21 08:30:00,85.24,63.8,25.15,60.0
SC-104,2026-07-21 09:00:00,118.14,81.45,31.06,60.0
SC-104,2026-07-21 09:30:00,124.18,87.32,29.68,60.0
SC-104,2026-07-21 10:00:00,131.4,99.58,24.22,60.0
SC-104,2026-07-21 10:30:00,127.8,95.32,25.41,60.0
SC-104,2026-07-21 11:00:00,146.93,100.85,31.36,60.0
SC-104,2026-07-21 11:30:00,158.72,114.67,27.75,60.0
SC-104,2026-07-21 12:00:00,118.93,90.63,23.8,60.0
SC-104,2026-07-21 12:30:00,144.09,103.41,28.23,60.0
SC-104,2026-07-21 13:00:00,104.12,76.36,26.66,60.0
SC-104,2026-07-21 13:30:00,109.75,77.54,29.35,60.0
SC-104,2026-07-21 14:00:00,114.24,79.89,30.07,60.0
SC-104,2026-07-21 14:30:00,119.87,78.38,34.61,60.0
SC-104,2026-07-21 15:00:00,112.66,79.24,29.66,60.0
SC-104,2026-07-21 15:30:00,84.07,63.24,24.77,60.0
SC-104,2026-07-21 16:00:00,106.86,82.86,22.45,60.0
SC-104,2026-07-21 16:30:00,87.72,64.76,26.17,60.0
SC-104,2026-07-21 17:00:00,82.06,57.32,30.15,60.0
SC-104,2026-07-21 17:30:00,65.44,47.23,27.83,60.0
SC-104,2026-07-21 18:00:00,55.24,40.81,26.12,60.0
SC-104,2026-07-21 18:30:00,54.88,37.33,31.97,60.0
SC-104,2026-07-21 19:00:00,45.26,35.11,22.42,60.0
SC-104,2026-07-21 19:30:00,41.89,29.81,28.83,60.0
SC-104,2026-07-21 20:00:00,37.94,28.07,26.02,60.0
SC-104,2026-07-21 20:30:00,33.6,24.77,26.28,60.0
SC-104,2026-07-21 21:00:00,32.48,22.04,32.15,60.0
SC-104,2026-07-21 21:30:00,30.83,20.77,32.65,60.0
SC-104,2026-07-21 22:00:00,28.71,20.15,29.82,60.0
SC-104,2026-07-21 22:30:00,23.88,17.65,26.08,60.0
SC-104,2026-07-21 23:00:00,24.75,19.04,23.06,60.0
SC-104,2026-07-21 23:30:00,27.01,18.81,30.37,60.0
SC-104,2026-07-22 00:00:00,23.9,16.86,29.48,60.0
SC-104,2026-07-22 00:30:00,26.48,17.97,32.15,60.0
SC-104,2026-07-22 01:00:00,22.87,15.65,31.56,60.0
SC-104,2026-07-22 01:30:00,23.15,17.58,24.06,60.0
SC-104,2026-07-22 02:00:00,23.19,16.01,30.95,60.0
SC-104,2026-07-22 02:30:00,22.97,16.94,26.23,60.0
SC-104,2026-07-22 03:00:00,24.18,16.96,29.86,60.0
SC-104,2026-07-22 03:30:00,25.15,18.05,28.24,60.0
SC-104,2026-07-22 04:00:00,21.69,17.06,21.34,60.0
SC-104,2026-07-22 04:30:00,23.03,16.26,29.42,60.0
SC-104,2026-07-22 05:00:00,28.75,19.99,30.47,60.0
SC-104,2026-07-22 05:30:00,29.38,20.72,29.49,60.0
SC-104,2026-07-22 06:00:00,33.4,23.5,29.63,60.0
SC-104,2026-07-22 06:30:00,40.84,28.91,29.21,60.0
SC-104,2026-07-22 07:00:00,46.6,33.08,29.03,60.0
SC-104,2026-07-22 07:30:00,65.91,44.18,32.96,60.0
SC-104,2026-07-22 08:00:00,71.28,53.47,24.99,60.0
SC-104,2026-07-22 08:30:00,88.13,63.49,27.95,60.0
SC-104,2026-07-22 09:00:00,95.51,71.25,25.4,60.0
SC-104,2026-07-22 09:30:00,118.75,81.71,31.19,60.0
SC-104,2026-07-22 10:00:00,117.46,86.79,26.11,60.0
SC-104,2026-07-22 10:30:00,121.13,88.51,26.93,60.0
SC-104,2026-07-22 11:00:00,124.55,91.79,26.31,60.0
SC-104,2026-07-22 11:30:00,134.62,97.33,27.7,60.0
SC-104,2026-07-22 12:00:00,131.09,97.42,25.68,60.0
SC-104,2026-07-22 12:30:00,132.83,95.02,28.46,60.0
SC-104,2026-07-22 13:00:00,96.35,75.83,21.3,60.0
SC-104,2026-07-22 13:30:00,127.1,90.89,28.49,60.0
SC-104,2026-07-22 14:00:00,116.18,87.22,24.93,60.0
SC-104,2026-07-22 14:30:00,111.25,83.45,24.99,60.0
SC-104,2026-07-22 15:00:00,88.45,68.54,22.52,60.0
SC-104,2026-07-22 15:30:00,92.24,63.85,30.79,60.0
SC-104,2026-07-22 16:00:00,86.68,61.31,29.27,60.0
SC-104,2026-07-22 16:30:00,76.82,56.97,25.84,60.0
SC-104,2026-07-22 17:00:00,78.75,51.64,34.42,60.0
SC-104,2026-07-22 17:30:00,63.37,44.56,29.68,60.0
SC-104,2026-07-22 18:00:00,57.29,41.66,27.28,60.0
SC-104,2026-07-22 18:30:00,54.36,39.44,27.45,60.0
SC-104,2026-07-22 19:00:00,42.11,32.64,22.5,60.0
SC-104,2026-07-22 19:30:00,35.83,26.42,26.26,60.0
SC-104,2026-07-22 20:00:00,37.7,25.76,31.68,60.0
SC-104,2026-07-22 20:30:00,27.26,19.95,26.82,60.0
SC-104,2026-07-22 21:00:00,29.43,18.67,36.56,60.0
SC-104,2026-07-22 21:30:00,26.07,18.57,28.76,60.0
SC-104,2026-07-22 22:00:00,27.3,20.41,25.22,60.0
SC-104,2026-07-22 22:30:00,25.53,18.54,27.38,60.0
SC-104,2026-07-22 23:00:00,25.97,18.19,29.93,60.0
SC-104,2026-07-22 23:30:00,22.38,16.21,27.58,60.0
SC-104,2026-07-23 00:00:00,25.38,17.25,32.03,60.0
SC-104,2026-07-23 00:30:00,24.26,16.7,31.17,60.0
SC-104,2026-07-23 01:00:00,22.25,15.87,28.65,60.0
SC-104,2026-07-23 01:30:00,24.3,16.02,34.08,60.0
SC-104,2026-07-23 02:00:00,21.87,14.78,32.44,60.0
SC-104,2026-07-23 02:30:00,23.01,16.69,27.47,60.0
SC-104,2026-07-23 03:00:00,23.85,17.01,28.69,60.0
SC-104,2026-07-23 03:30:00,22.18,16.65,24.95,60.0
SC-104,2026-07-23 04:00:00,23.37,16.36,29.99,60.0
SC-104,2026-07-23 04:30:00,25.76,19.43,24.55,60.0
SC-104,2026-07-23 05:00:00,24.04,18.5,23.04,60.0
SC-104,2026-07-23 05:30:00,27.38,19.61,28.38,60.0
SC-104,2026-07-23 06:00:00,30.34,23.32,23.14,60.0
SC-104,2026-07-23 06:30:00,44.16,30.87,30.1,60.0
SC-104,2026-07-23 07:00:00,41.31,31.1,24.72,60.0
SC-104,2026-07-23 07:30:00,60.12,42.39,29.49,60.0
SC-104,2026-07-23 08:00:00,76.21,50.45,33.81,60.0
SC-104,2026-07-23 08:30:00,93.49,63.15,32.45,60.0
SC-104,2026-07-23 09:00:00,92.71,71.66,22.7,60.0
SC-104,2026-07-23 09:30:00,108.15,75.03,30.62,60.0
SC-104,2026-07-23 10:00:00,126.32,90.78,28.13,60.0
SC-104,2026-07-23 10:30:00,114.98,85.0,26.07,60.0
SC-104,2026-07-23 11:00:00,133.32,97.47,26.89,60.0
SC-104,2026-07-23 11:30:00,138.86,93.32,32.79,60.0
SC-104,2026-07-23 12:00:00,138.06,104.7,24.16,60.0
SC-104,2026-07-23 12:30:00,118.58,95.47,19.49,60.0
SC-104,2026-07-23 13:00:00,110.94,80.94,27.04,60.0
SC-104,2026-07-23 13:30:00,102.5,80.16,21.8,60.0
SC-104,2026-07-23 14:00:00,116.71,81.92,29.81,60.0
SC-104,2026-07-23 14:30:00,98.79,73.49,25.61,60.0
SC-104,2026-07-23 15:00:00,102.14,74.56,27.0,60.0
SC-104,2026-07-23 15:30:00,85.55,62.06,27.45,60.0
SC-104,2026-07-23 16:00:00,78.65,55.68,29.21,60.0
SC-104,2026-07-23 16:30:00,77.86,54.12,30.5,60.0
SC-104,2026-07-23 17:00:00,78.33,53.47,31.74,60.0
SC-104,2026-07-23 17:30:00,56.89,40.22,29.31,60.0
SC-104,2026-07-23 18:00:00,57.77,42.23,26.9,60.0
SC-104,2026-07-23 18:30:00,55.52,37.28,32.86,60.0
SC-104,2026-07-23 19:00:00,41.64,29.9,28.18,60.0
SC-104,2026-07-23 19:30:00,37.86,28.65,24.34,60.0
SC-104,2026-07-23 20:00:00,35.82,25.91,27.67,60.0
SC-104,2026-07-23 20:30:00,27.87,21.1,24.31,60.0
SC-104,2026-07-23 21:00:00,30.09,19.85,34.02,60.0
SC-104,2026-07-23 21:30:00,23.8,18.93,20.46,60.0
SC-104,2026-07-23 22:00:00,25.59,18.02,29.56,60.0
SC-104,2026-07-23 22:30:00,22.51,15.88,29.44,60.0
SC-104,2026-07-23 23:00:00,26.83,18.94,29.41,60.0
SC-104,2026-07-23 23:30:00,26.39,17.06,35.36,60.0
SC-104,2026-07-24 00:00:00,12.5,9.11,27.11,60.0
SC-104,2026-07-24 00:30:00,11.95,8.79,26.47,60.0
SC-104,2026-07-24 01:00:00,13.44,9.86,26.66,60.0
SC-104,2026-07-24 01:30:00,12.25,8.7,28.96,60.0
SC-104,2026-07-24 02:00:00,12.19,9.34,23.39,60.0
SC-104,2026-07-24 02:30:00,10.91,8.05,26.22,60.0
SC-104,2026-07-24 03:00:00,13.37,9.67,27.65,60.0
SC-104,2026-07-24 03:30:00,11.22,8.85,21.14,60.0
SC-104,2026-07-24 04:00:00,11.08,8.48,23.4,60.0
SC-104,2026-07-24 04:30:00,12.38,9.47,23.52,60.0
SC-104,2026-07-24 05:00:00,13.77,10.04,27.09,60.0
SC-104,2026-07-24 05:30:00,16.11,11.29,29.9,60.0
SC-104,2026-07-24 06:00:00,18.47,12.88,30.27,60.0
SC-104,2026-07-24 06:30:00,22.39,15.8,29.46,60.0
SC-104,2026-07-24 07:00:00,22.44,17.55,21.79,60.0
SC-104,2026-07-24 07:30:00,26.13,19.06,27.06,60.0
SC-104,2026-07-24 08:00:00,30.03,20.83,30.63,60.0
SC-104,2026-07-24 08:30:00,41.36,27.73,32.97,60.0
SC-104,2026-07-24 09:00:00,47.02,32.24,31.43,60.0
SC-104,2026-07-24 09:30:00,54.32,37.06,31.77,60.0
SC-104,2026-07-24 10:00:00,60.5,44.15,27.03,60.0
SC-104,2026-07-24 10:30:00,56.91,38.87,31.7,60.0
SC-104,2026-07-24 11:00:00,63.07,48.72,22.75,60.0
SC-104,2026-07-24 11:30:00,70.32,48.77,30.65,60.0
SC-104,2026-07-24 12:00:00,70.59,48.43,31.4,60.0
SC-104,2026-07-24 12:30:00,61.0,43.37,28.9,60.0
SC-104,2026-07-24 13:00:00,62.83,41.38,34.14,60.0
SC-104,2026-07-24 13:30:00,55.35,43.04,22.24,60.0
SC-104,2026-07-24 14:00:00,53.33,38.67,27.48,60.0
SC-104,2026-07-24 14:30:00,39.35,29.79,24.31,60.0
SC-104,2026-07-24 15:00:00,43.06,31.6,26.63,60.0
SC-104,2026-07-24 15:30:00,41.91,31.92,23.83,60.0
SC-104,2026-07-24 16:00:00,41.22,28.25,31.46,60.0
SC-104,2026-07-24 16:30:00,40.69,27.16,33.27,60.0
SC-104,2026-07-24 17:00:00,34.16,23.51,31.18,60.0
SC-104,2026-07-24 17:30:00,32.3,24.51,24.11,60.0
SC-104,2026-07-24 18:00:00,29.46,21.23,27.94,60.0
SC-104,2026-07-24 18:30:00,26.87,18.55,30.96,60.0
SC-104,2026-07-24 19:00:00,21.92,15.61,28.79,60.0
SC-104,2026-07-24 19:30:00,20.34,14.78,27.31,60.0
SC-104,2026-07-24 20:00:00,20.56,13.7,33.36,60.0
SC-104,2026-07-24 20:30:00,17.53,12.66,27.81,60.0
SC-104,2026-07-24 21:00:00,13.15,10.03,23.7,60.0
SC-104,2026-07-24 21:30:00,13.91,10.07,27.63,60.0
SC-104,2026-07-24 22:00:00,12.89,9.85,23.57,60.0
SC-104,2026-07-24 22:30:00,10.87,8.76,19.41,60.0
SC-104,2026-07-24 23:00:00,12.18,8.51,30.13,60.0
SC-104,2026-07-24 23:30:00,12.34,8.92,27.71,60.0
SC-104,2026-07-25 00:00:00,8.75,6.04,30.97,60.0
SC-104,2026-07-25 00:30:00,11.3,7.79,31.06,60.0
SC-104,2026-07-25 01:00:00,9.88,7.01,29.11,60.0
SC-104,2026-07-25 01:30:00,9.89,7.1,28.21,60.0
SC-104,2026-07-25 02:00:00,10.07,7.2,28.52,60.0
SC-104,2026-07-25 02:30:00,10.53,7.24,31.2,60.0
SC-104,2026-07-25 03:00:00,9.08,6.74,25.78,60.0
SC-104,2026-07-25 03:30:00,9.22,6.9,25.09,60.0
SC-104,2026-07-25 04:00:00,8.5,6.55,22.93,60.0
SC-104,2026-07-25 04:30:00,10.42,8.04,22.8,60.0
SC-104,2026-07-25 05:00:00,11.94,8.6,27.99,60.0
SC-104,2026-07-25 05:30:00,12.82,8.78,31.49,60.0
SC-104,2026-07-25 06:00:00,14.12,10.25,27.43,60.0
SC-104,2026-07-25 06:30:00,15.79,10.44,33.92,60.0
SC-104,2026-07-25 07:00:00,19.85,13.6,31.47,60.0
SC-104,2026-07-25 07:30:00,23.13,17.56,24.1,60.0
SC-104,2026-07-25 08:00:00,26.87,18.12,32.58,60.0
SC-104,2026-07-25 08:30:00,31.92,21.64,32.2,60.0
SC-104,2026-07-25 09:00:00,38.83,28.27,27.19,60.0
SC-104,2026-07-25 09:30:00,47.14,34.05,27.77,60.0
SC-104,2026-07-25 10:00:00,46.7,34.12,26.93,60.0
SC-104,2026-07-25 10:30:00,50.0,32.33,35.34,60.0
SC-104,2026-07-25 11:00:00,58.05,39.26,32.36,60.0
SC-104,2026-07-25 11:30:00,44.51,33.55,24.63,60.0
SC-104,2026-07-25 12:00:00,49.43,36.59,25.97,60.0
SC-104,2026-07-25 12:30:00,46.25,33.24,28.13,60.0
SC-104,2026-07-25 13:00:00,42.41,31.31,26.17,60.0
SC-104,2026-07-25 13:30:00,41.26,29.7,28.01,60.0
SC-104,2026-07-25 14:00:00,36.0,25.82,28.27,60.0
SC-104,2026-07-25 14:30:00,37.12,28.35,23.63,60.0
SC-104,2026-07-25 15:00:00,44.17,31.03,29.74,60.0
SC-104,2026-07-25 15:30:00,34.24,23.89,30.23,60.0
SC-104,2026-07-25 16:00:00,30.37,22.43,26.17,60.0
SC-104,2026-07-25 16:30:00,30.37,21.62,28.79,60.0
SC-104,2026-07-25 17:00:00,26.59,20.03,24.68,60.0
SC-104,2026-07-25 17:30:00,27.7,19.73,28.78,60.0
SC-104,2026-07-25 18:00:00,23.36,16.8,28.07,60.0
SC-104,2026-07-25 18:30:00,24.16,16.02,33.71,60.0
SC-104,2026-07-25 19:00:00,19.23,14.36,25.35,60.0
SC-104,2026-07-25 19:30:00,15.5,10.73,30.75,60.0
SC-104,2026-07-25 20:00:00,12.65,9.0,28.85,60.0
SC-104,2026-07-25 20:30:00,12.22,8.43,31.0,60.0
SC-104,2026-07-25 21:00:00,12.41,8.64,30.42,60.0
SC-104,2026-07-25 21:30:00,12.22,8.67,29.06,60.0
SC-104,2026-07-25 22:00:00,10.98,8.14,25.84,60.0
SC-104,2026-07-25 22:30:00,9.55,6.69,29.93,60.0
SC-104,2026-07-25 23:00:00,9.58,7.53,21.45,60.0
SC-104,2026-07-25 23:30:00,10.66,7.14,33.06,60.0
SC-104,2026-07-26 00:00:00,31.06,21.35,31.25,60.0
SC-104,2026-07-26 00:30:00,25.02,20.24,19.1,60.0
SC-104,2026-07-26 01:00:00,28.86,22.29,22.77,60.0
SC-104,2026-07-26 01:30:00,27.63,19.11,30.85,60.0
SC-104,2026-07-26 02:00:00,28.3,21.04,25.66,60.0
SC-104,2026-07-26 02:30:00,30.97,21.23,31.44,60.0
SC-104,2026-07-26 03:00:00,30.76,21.82,29.06,60.0
SC-104,2026-07-26 03:30:00,26.91,20.06,25.46,60.0
SC-104,2026-07-26 04:00:00,32.76,22.64,30.9,60.0
SC-104,2026-07-26 04:30:00,30.23,20.25,33.0,60.0
SC-104,2026-07-26 05:00:00,28.08,20.47,27.1,60.0
SC-104,2026-07-26 05:30:00,39.05,27.46,29.69,60.0
SC-104,2026-07-26 06:00:00,38.43,29.44,23.39,60.0
SC-104,2026-07-26 06:30:00,44.86,32.32,27.96,60.0
SC-104,2026-07-26 07:00:00,59.75,45.04,24.63,60.0
SC-104,2026-07-26 07:30:00,81.0,54.61,32.57,60.0
SC-104,2026-07-26 08:00:00,91.31,65.96,27.77,60.0
SC-104,2026-07-26 08:30:00,92.24,67.88,26.41,60.0
SC-104,2026-07-26 09:00:00,109.55,83.1,24.14,60.0
SC-104,2026-07-26 09:30:00,147.27,104.04,29.35,60.0
SC-104,2026-07-26 10:00:00,141.46,102.97,27.21,60.0
SC-104,2026-07-26 10:30:00,181.17,132.66,26.78,60.0
SC-104,2026-07-26 11:00:00,156.54,110.5,29.41,60.0
SC-104,2026-07-26 11:30:00,174.34,132.51,24.0,60.0
SC-104,2026-07-26 12:00:00,171.39,122.97,28.25,60.0
SC-104,2026-07-26 12:30:00,156.8,118.16,24.65,60.0
SC-104,2026-07-26 13:00:00,133.72,98.18,26.58,60.0
SC-104,2026-07-26 13:30:00,144.09,105.13,27.03,60.0
SC-104,2026-07-26 14:00:00,146.61,103.26,29.57,60.0
SC-104,2026-07-26 14:30:00,127.49,89.68,29.66,60.0
SC-104,2026-07-26 15:00:00,128.21,90.49,29.42,60.0
SC-104,2026-07-26 15:30:00,126.88,85.36,32.72,60.0
SC-104,2026-07-26 16:00:00,107.77,72.54,32.69,60.0
SC-104,2026-07-26 16:30:00,100.36,72.52,27.74,60.0
SC-104,2026-07-26 17:00:00,104.23,71.73,31.18,60.0
SC-104,2026-07-26 17:30:00,71.29,54.71,23.25,60.0
SC-104,2026-07-26 18:00:00,64.52,51.75,19.8,60.0
SC-104,2026-07-26 18:30:00,67.49,46.52,31.07,60.0
SC-104,2026-07-26 19:00:00,57.42,42.05,26.77,60.0
SC-104,2026-07-26 19:30:00,56.3,36.38,35.37,60.0
SC-104,2026-07-26 20:00:00,42.84,31.25,27.05,60.0
SC-104,2026-07-26 20:30:00,43.86,29.61,32.49,60.0
SC-104,2026-07-26 21:00:00,35.36,25.75,27.18,60.0
SC-104,2026-07-26 21:30:00,30.0,21.54,28.19,60.0
SC-104,2026-07-26 22:00:00,27.77,20.26,27.06,60.0
SC-104,2026-07-26 22:30:00,29.39,21.15,28.04,60.0
SC-104,2026-07-26 23:00:00,27.74,20.35,26.63,60.0
SC-104,2026-07-26 23:30:00,35.56,24.31,31.65,60.0
SC-104,2026-07-27 00:00:00,30.6,20.98,31.42,60.0
SC-104,2026-07-27 00:30:00,28.34,19.91,29.77,60.0
SC-104,2026-07-27 01:00:00,25.83,19.45,24.68,60.0
SC-104,2026-07-27 01:30:00,30.03,19.44,35.26,60.0
SC-104,2026-07-27 02:00:00,26.55,17.93,32.46,60.0
SC-104,2026-07-27 02:30:00,25.61,19.13,25.31,60.0
SC-104,2026-07-27 03:00:00,23.65,17.38,26.51,60.0
SC-104,2026-07-27 03:30:00,26.22,19.37,26.11,60.0
SC-104,2026-07-27 04:00:00,30.36,22.11,27.17,60.0
SC-104,2026-07-27 04:30:00,26.32,19.39,26.35,60.0
SC-104,2026-07-27 05:00:00,34.06,24.36,28.49,60.0
SC-104,2026-07-27 05:30:00,33.98,24.78,27.09,60.0
SC-104,2026-07-27 06:00:00,37.37,25.89,30.72,60.0
SC-104,2026-07-27 06:30:00,49.41,33.07,33.06,60.0
SC-104,2026-07-27 07:00:00,49.36,35.44,28.22,60.0
SC-104,2026-07-27 07:30:00,79.63,55.32,30.53,60.0
SC-104,2026-07-27 08:00:00,86.34,60.41,30.03,60.0
SC-104,2026-07-27 08:30:00,96.06,74.74,22.19,60.0
SC-104,2026-07-27 09:00:00,104.15,77.03,26.04,60.0
SC-104,2026-07-27 09:30:00,146.58,96.6,34.1,60.0
SC-104,2026-07-27 10:00:00,153.53,108.67,29.22,60.0
SC-104,2026-07-27 10:30:00,140.82,101.47,27.95,60.0
SC-104,2026-07-27 11:00:00,130.03,100.81,22.47,60.0
SC-104,2026-07-27 11:30:00,152.61,116.3,23.8,60.0
SC-104,2026-07-27 12:00:00,141.24,105.94,24.99,60.0
SC-104,2026-07-27 12:30:00,145.01,106.98,26.22,60.0
SC-104,2026-07-27 13:00:00,122.72,89.57,27.01,60.0
SC-104,2026-07-27 13:30:00,127.47,92.3,27.59,60.0
SC-104,2026-07-27 14:00:00,126.59,86.74,31.48,60.0
SC-104,2026-07-27 14:30:00,103.4,76.67,25.85,60.0
SC-104,2026-07-27 15:00:00,107.02,80.8,24.51,60.0
SC-104,2026-07-27 15:30:00,110.22,81.64,25.93,60.0
SC-104,2026-07-27 16:00:00,100.73,70.27,30.24,60.0
SC-104,2026-07-27 16:30:00,96.57,67.87,29.72,60.0
SC-104,2026-07-27 17:00:00,89.52,59.96,33.01,60.0
SC-104,2026-07-27 17:30:00,72.83,52.14,28.41,60.0
SC-104,2026-07-27 18:00:00,69.99,51.05,27.06,60.0
SC-104,2026-07-27 18:30:00,54.34,40.17,26.08,60.0
SC-104,2026-07-27 19:00:00,48.9,35.27,27.87,60.0
SC-104,2026-07-27 19:30:00,42.47,31.76,25.23,60.0
SC-104,2026-07-27 20:00:00,38.12,28.71,24.68,60.0
SC-104,2026-07-27 20:30:00,36.93,28.23,23.57,60.0
SC-104,2026-07-27 21:00:00,31.44,24.84,21.0,60.0
SC-104,2026-07-27 21:30:00,31.48,23.73,24.62,60.0
SC-104,2026-07-27 22:00:00,30.64,22.94,25.15,60.0
SC-104,2026-07-27 22:30:00,29.32,21.23,27.59,60.0
SC-104,2026-07-27 23:00:00,28.25,20.13,28.72,60.0
SC-104,2026-07-27 23:30:00,26.73,19.41,27.39,60.0
SC-105,2026-06-30 08:00:00,7.97,6.1,23.46,90.0
SC-105,2026-06-30 08:30:00,16.5,11.29,31.55,90.0
SC-105,2026-06-30 09:00:00,18.05,12.93,28.35,90.0
SC-105,2026-06-30 09:30:00,20.93,15.24,27.15,90.0
SC-105,2026-06-30 10:00:00,23.59,15.26,35.32,90.0
SC-105,2026-06-30 10:30:00,23.75,18.12,23.7,90.0
SC-105,2026-06-30 11:00:00,22.73,18.45,18.84,90.0
SC-105,2026-06-30 11:30:00,28.28,19.35,31.57,90.0
SC-105,2026-06-30 12:00:00,23.55,17.88,24.09,90.0
SC-105,2026-06-30 12:30:00,22.76,16.33,28.26,90.0
SC-105,2026-06-30 13:00:00,24.89,16.27,34.63,90.0
SC-105,2026-06-30 13:30:00,20.67,14.51,29.8,90.0
SC-105,2026-06-30 14:00:00,20.15,14.46,28.22,90.0
SC-105,2026-06-30 14:30:00,17.78,12.41,30.19,90.0
SC-105,2026-06-30 15:00:00,15.86,12.56,20.8,90.0
SC-105,2026-06-30 15:30:00,13.71,10.3,24.86,90.0
SC-105,2026-06-30 16:00:00,16.1,10.8,32.92,90.0
SC-105,2026-06-30 16:30:00,11.98,9.02,24.69,90.0
SC-105,2026-06-30 17:00:00,11.68,8.37,28.34,90.0
SC-105,2026-06-30 17:30:00,9.72,7.32,24.63,90.0
SC-105,2026-07-01 08:00:00,8.64,6.54,24.29,90.0
SC-105,2026-07-01 08:30:00,15.66,11.52,26.45,90.0
SC-105,2026-07-01 09:00:00,18.42,11.64,36.8,90.0
SC-105,2026-07-01 09:30:00,18.39,13.56,26.28,90.0
SC-105,2026-07-01 10:00:00,22.94,16.32,28.85,90.0
SC-105,2026-07-01 10:30:00,23.27,17.54,24.6,90.0
SC-105,2026-07-01 11:00:00,21.61,16.0,25.96,90.0
SC-105,2026-07-01 11:30:00,27.85,18.46,33.71,90.0
SC-105,2026-07-01 12:00:00,22.85,16.66,27.11,90.0
SC-105,2026-07-01 12:30:00,25.44,17.28,32.05,90.0
SC-105,2026-07-01 13:00:00,25.26,16.32,35.39,90.0
SC-105,2026-07-01 13:30:00,19.89,14.99,24.6,90.0
SC-105,2026-07-01 14:00:00,19.16,13.88,27.57,90.0
SC-105,2026-07-01 14:30:00,17.59,11.7,33.48,90.0
SC-105,2026-07-01 15:00:00,18.77,12.7,32.32,90.0
SC-105,2026-07-01 15:30:00,16.45,11.93,27.49,90.0
SC-105,2026-07-01 16:00:00,13.17,10.05,23.72,90.0
SC-105,2026-07-01 16:30:00,13.79,9.77,29.13,90.0
SC-105,2026-07-01 17:00:00,12.58,8.57,31.91,90.0
SC-105,2026-07-01 17:30:00,10.06,7.21,28.36,90.0
SC-105,2026-07-02 08:00:00,8.62,5.92,31.32,90.0
SC-105,2026-07-02 08:30:00,14.02,10.2,27.25,90.0
SC-105,2026-07-02 09:00:00,14.17,10.81,23.69,90.0
SC-105,2026-07-02 09:30:00,17.72,13.56,23.49,90.0
SC-105,2026-07-02 10:00:00,22.35,15.57,30.35,90.0
SC-105,2026-07-02 10:30:00,20.6,14.56,29.32,90.0
SC-105,2026-07-02 11:00:00,24.29,16.94,30.25,90.0
SC-105,2026-07-02 11:30:00,21.84,14.91,31.73,90.0
SC-105,2026-07-02 12:00:00,21.84,16.64,23.8,90.0
SC-105,2026-07-02 12:30:00,22.33,15.31,31.46,90.0
SC-105,2026-07-02 13:00:00,18.56,14.06,24.23,90.0
SC-105,2026-07-02 13:30:00,17.46,12.64,27.61,90.0
SC-105,2026-07-02 14:00:00,19.18,13.82,27.94,90.0
SC-105,2026-07-02 14:30:00,17.04,12.22,28.25,90.0
SC-105,2026-07-02 15:00:00,15.73,10.56,32.87,90.0
SC-105,2026-07-02 15:30:00,15.92,10.53,33.89,90.0
SC-105,2026-07-02 16:00:00,15.23,9.89,35.1,90.0
SC-105,2026-07-02 16:30:00,12.28,9.23,24.83,90.0
SC-105,2026-07-02 17:00:00,10.48,7.56,27.81,90.0
SC-105,2026-07-02 17:30:00,8.97,6.73,24.93,90.0
SC-105,2026-07-03 08:00:00,4.42,3.26,26.24,90.0
SC-105,2026-07-03 08:30:00,5.82,4.36,25.04,90.0
SC-105,2026-07-03 09:00:00,6.77,4.96,26.71,90.0
SC-105,2026-07-03 09:30:00,9.22,6.58,28.61,90.0
SC-105,2026-07-03 10:00:00,9.11,6.99,23.21,90.0
SC-105,2026-07-03 10:30:00,9.63,7.04,26.88,90.0
SC-105,2026-07-03 11:00:00,11.93,7.93,33.51,90.0
SC-105,2026-07-03 11:30:00,12.25,8.68,29.14,90.0
SC-105,2026-07-03 12:00:00,11.42,8.06,29.41,90.0
SC-105,2026-07-03 12:30:00,10.73,7.59,29.27,90.0
SC-105,2026-07-03 13:00:00,10.06,7.11,29.36,90.0
SC-105,2026-07-03 13:30:00,8.47,6.28,25.83,90.0
SC-105,2026-07-03 14:00:00,7.95,6.06,23.77,90.0
SC-105,2026-07-03 14:30:00,7.41,5.23,29.44,90.0
SC-105,2026-07-03 15:00:00,8.11,5.67,29.99,90.0
SC-105,2026-07-03 15:30:00,5.99,4.58,23.54,90.0
SC-105,2026-07-03 16:00:00,5.43,3.97,26.88,90.0
SC-105,2026-07-03 16:30:00,5.97,4.28,28.22,90.0
SC-105,2026-07-03 17:00:00,5.69,3.78,33.66,90.0
SC-105,2026-07-03 17:30:00,5.03,3.54,29.53,90.0
SC-105,2026-07-04 08:00:00,3.06,2.44,20.31,90.0
SC-105,2026-07-04 08:30:00,5.53,4.09,26.17,90.0
SC-105,2026-07-04 09:00:00,5.71,4.48,21.64,90.0
SC-105,2026-07-04 09:30:00,6.6,5.1,22.78,90.0
SC-105,2026-07-04 10:00:00,8.87,5.78,34.8,90.0
SC-105,2026-07-04 10:30:00,7.86,5.87,25.29,90.0
SC-105,2026-07-04 11:00:00,9.58,6.88,28.13,90.0
SC-105,2026-07-04 11:30:00,9.48,6.77,28.65,90.0
SC-105,2026-07-04 12:00:00,9.37,6.84,27.0,90.0
SC-105,2026-07-04 12:30:00,7.95,5.88,25.99,90.0
SC-105,2026-07-04 13:00:00,7.55,5.25,30.47,90.0
SC-105,2026-07-04 13:30:00,8.42,5.64,32.97,90.0
SC-105,2026-07-04 14:00:00,7.31,5.27,27.82,90.0
SC-105,2026-07-04 14:30:00,6.59,4.74,28.07,90.0
SC-105,2026-07-04 15:00:00,5.73,3.95,31.06,90.0
SC-105,2026-07-04 15:30:00,5.79,3.91,32.47,90.0
SC-105,2026-07-04 16:00:00,4.74,3.56,24.95,90.0
SC-105,2026-07-04 16:30:00,5.23,3.73,28.7,90.0
SC-105,2026-07-04 17:00:00,4.46,3.06,31.34,90.0
SC-105,2026-07-04 17:30:00,4.43,3.28,25.84,90.0
SC-105,2026-07-05 08:00:00,11.03,7.79,29.4,90.0
SC-105,2026-07-05 08:30:00,17.34,11.81,31.88,90.0
SC-105,2026-07-05 09:00:00,19.04,13.39,29.67,90.0
SC-105,2026-07-05 09:30:00,19.79,13.94,29.59,90.0
SC-105,2026-07-05 10:00:00,25.65,17.29,32.59,90.0
SC-105,2026-07-05 10:30:00,30.22,20.61,31.79,90.0
SC-105,2026-07-05 11:00:00,31.18,21.11,32.29,90.0
SC-105,2026-07-05 11:30:00,26.61,19.66,26.13,90.0
SC-105,2026-07-05 12:00:00,30.14,21.16,29.77,90.0
SC-105,2026-07-05 12:30:00,23.86,18.19,23.76,90.0
SC-105,2026-07-05 13:00:00,22.93,17.63,23.11,90.0
SC-105,2026-07-05 13:30:00,22.2,16.32,26.51,90.0
SC-105,2026-07-05 14:00:00,19.4,14.92,23.08,90.0
SC-105,2026-07-05 14:30:00,18.79,13.59,27.67,90.0
SC-105,2026-07-05 15:00:00,19.88,13.78,30.67,90.0
SC-105,2026-07-05 15:30:00,17.75,13.06,26.4,90.0
SC-105,2026-07-05 16:00:00,14.75,10.65,27.79,90.0
SC-105,2026-07-05 16:30:00,17.08,12.32,27.85,90.0
SC-105,2026-07-05 17:00:00,14.83,10.68,27.97,90.0
SC-105,2026-07-05 17:30:00,10.86,7.54,30.53,90.0
SC-105,2026-07-06 08:00:00,11.65,8.1,30.47,90.0
SC-105,2026-07-06 08:30:00,17.32,11.76,32.1,90.0
SC-105,2026-07-06 09:00:00,19.47,13.29,31.76,90.0
SC-105,2026-07-06 09:30:00,21.75,15.35,29.44,90.0
SC-105,2026-07-06 10:00:00,27.3,20.56,24.69,90.0
SC-105,2026-07-06 10:30:00,27.23,19.85,27.1,90.0
SC-105,2026-07-06 11:00:00,30.03,22.05,26.57,90.0
SC-105,2026-07-06 11:30:00,31.04,22.27,28.27,90.0
SC-105,2026-07-06 12:00:00,26.78,19.94,25.54,90.0
SC-105,2026-07-06 12:30:00,26.76,19.98,25.34,90.0
SC-105,2026-07-06 13:00:00,24.37,17.38,28.68,90.0
SC-105,2026-07-06 13:30:00,23.02,17.52,23.89,90.0
SC-105,2026-07-06 14:00:00,17.87,13.75,23.09,90.0
SC-105,2026-07-06 14:30:00,20.03,14.74,26.42,90.0
SC-105,2026-07-06 15:00:00,20.74,15.15,26.93,90.0
SC-105,2026-07-06 15:30:00,18.48,13.65,26.14,90.0
SC-105,2026-07-06 16:00:00,16.69,12.19,27.0,90.0
SC-105,2026-07-06 16:30:00,15.39,10.67,30.64,90.0
SC-105,2026-07-06 17:00:00,13.72,8.94,34.85,90.0
SC-105,2026-07-06 17:30:00,10.14,7.98,21.29,90.0
SC-105,2026-07-07 08:00:00,8.74,6.47,25.93,90.0
SC-105,2026-07-07 08:30:00,14.93,10.36,30.61,90.0
SC-105,2026-07-07 09:00:00,16.69,13.02,21.96,90.0
SC-105,2026-07-07 09:30:00,21.47,14.88,30.73,90.0
SC-105,2026-07-07 10:00:00,24.1,16.06,33.37,90.0
SC-105,2026-07-07 10:30:00,24.6,16.91,31.26,90.0
SC-105,2026-07-07 11:00:00,22.96,16.87,26.51,90.0
SC-105,2026-07-07 11:30:00,25.49,18.63,26.9,90.0
SC-105,2026-07-07 12:00:00,26.13,16.66,36.23,90.0
SC-105,2026-07-07 12:30:00,23.25,16.45,29.22,90.0
SC-105,2026-07-07 13:00:00,21.61,15.33,29.06,90.0
SC-105,2026-07-07 13:30:00,17.53,13.0,25.82,90.0
SC-105,2026-07-07 14:00:00,17.81,13.64,23.38,90.0
SC-105,2026-07-07 14:30:00,17.21,12.5,27.35,90.0
SC-105,2026-07-07 15:00:00,15.08,11.98,20.57,90.0
SC-105,2026-07-07 15:30:00,16.87,11.09,34.27,90.0
SC-105,2026-07-07 16:00:00,11.91,8.69,27.0,90.0
SC-105,2026-07-07 16:30:00,12.42,8.83,28.9,90.0
SC-105,2026-07-07 17:00:00,11.56,8.6,25.61,90.0
SC-105,2026-07-07 17:30:00,10.06,6.89,31.48,90.0
SC-105,2026-07-08 08:00:00,9.88,6.9,30.2,90.0
SC-105,2026-07-08 08:30:00,16.61,12.24,26.31,90.0
SC-105,2026-07-08 09:00:00,22.44,15.36,31.56,90.0
SC-105,2026-07-08 09:30:00,24.14,16.84,30.24,90.0
SC-105,2026-07-08 10:00:00,30.85,20.1,34.85,90.0
SC-105,2026-07-08 10:30:00,24.93,18.69,25.03,90.0
SC-105,2026-07-08 11:00:00,31.37,22.82,27.25,90.0
SC-105,2026-07-08 11:30:00,29.1,20.62,29.13,90.0
SC-105,2026-07-08 12:00:00,27.12,19.43,28.35,90.0
SC-105,2026-07-08 12:30:00,28.0,21.39,23.6,90.0
SC-105,2026-07-08 13:00:00,23.13,16.97,26.61,90.0
SC-105,2026-07-08 13:30:00,23.29,17.28,25.78,90.0
SC-105,2026-07-08 14:00:00,20.76,14.05,32.3,90.0
SC-105,2026-07-08 14:30:00,17.31,12.55,27.5,90.0
SC-105,2026-07-08 15:00:00,18.98,13.37,29.53,90.0
SC-105,2026-07-08 15:30:00,17.61,13.43,23.78,90.0
SC-105,2026-07-08 16:00:00,16.6,12.35,25.61,90.0
SC-105,2026-07-08 16:30:00,13.8,9.98,27.67,90.0
SC-105,2026-07-08 17:00:00,13.56,9.15,32.51,90.0
SC-105,2026-07-08 17:30:00,11.04,7.97,27.84,90.0
SC-105,2026-07-09 08:00:00,9.91,6.47,34.73,90.0
SC-105,2026-07-09 08:30:00,15.09,10.54,30.16,90.0
SC-105,2026-07-09 09:00:00,17.83,12.75,28.46,90.0
SC-105,2026-07-09 09:30:00,19.84,14.38,27.52,90.0
SC-105,2026-07-09 10:00:00,23.92,16.88,29.42,90.0
SC-105,2026-07-09 10:30:00,24.67,17.09,30.71,90.0
SC-105,2026-07-09 11:00:00,27.1,18.76,30.78,90.0
SC-105,2026-07-09 11:30:00,29.19,18.55,36.44,90.0
SC-105,2026-07-09 12:00:00,24.47,16.92,30.84,90.0
SC-105,2026-07-09 12:30:00,27.03,17.49,35.29,90.0
SC-105,2026-07-09 13:00:00,21.72,15.5,28.63,90.0
SC-105,2026-07-09 13:30:00,22.04,14.68,33.41,90.0
SC-105,2026-07-09 14:00:00,18.57,13.04,29.74,90.0
SC-105,2026-07-09 14:30:00,18.43,12.83,30.37,90.0
SC-105,2026-07-09 15:00:00,17.6,12.39,29.6,90.0
SC-105,2026-07-09 15:30:00,12.55,10.7,14.74,90.0
SC-105,2026-07-09 16:00:00,12.93,9.77,24.49,90.0
SC-105,2026-07-09 16:30:00,11.81,9.2,22.1,90.0
SC-105,2026-07-09 17:00:00,10.82,8.1,25.16,90.0
SC-105,2026-07-09 17:30:00,9.76,7.6,22.08,90.0
SC-105,2026-07-10 08:00:00,4.17,3.04,27.22,90.0
SC-105,2026-07-10 08:30:00,7.71,5.2,32.52,90.0
SC-105,2026-07-10 09:00:00,8.37,5.78,30.95,90.0
SC-105,2026-07-10 09:30:00,9.34,6.81,27.06,90.0
SC-105,2026-07-10 10:00:00,10.86,7.37,32.15,90.0
SC-105,2026-07-10 10:30:00,10.38,7.62,26.6,90.0
SC-105,2026-07-10 11:00:00,10.99,8.22,25.23,90.0
SC-105,2026-07-10 11:30:00,12.5,8.53,31.79,90.0
SC-105,2026-07-10 12:00:00,11.3,8.53,24.5,90.0
SC-105,2026-07-10 12:30:00,8.7,6.33,27.2,90.0
SC-105,2026-07-10 13:00:00,10.5,7.19,31.52,90.0
SC-105,2026-07-10 13:30:00,8.56,6.3,26.4,90.0
SC-105,2026-07-10 14:00:00,9.54,6.37,33.22,90.0
SC-105,2026-07-10 14:30:00,7.12,5.57,21.8,90.0
SC-105,2026-07-10 15:00:00,7.22,5.43,24.78,90.0
SC-105,2026-07-10 15:30:00,7.3,5.61,23.22,90.0
SC-105,2026-07-10 16:00:00,6.6,4.82,26.95,90.0
SC-105,2026-07-10 16:30:00,5.66,4.17,26.37,90.0
SC-105,2026-07-10 17:00:00,6.55,4.33,33.84,90.0
SC-105,2026-07-10 17:30:00,4.99,3.41,31.65,90.0
SC-105,2026-07-11 08:00:00,3.08,2.23,27.72,90.0
SC-105,2026-07-11 08:30:00,5.12,3.54,30.78,90.0
SC-105,2026-07-11 09:00:00,6.1,4.57,25.0,90.0
SC-105,2026-07-11 09:30:00,6.22,4.44,28.71,90.0
SC-105,2026-07-11 10:00:00,6.6,4.93,25.36,90.0
SC-105,2026-07-11 10:30:00,7.29,5.61,23.1,90.0
SC-105,2026-07-11 11:00:00,7.64,5.51,27.81,90.0
SC-105,2026-07-11 11:30:00,8.76,6.46,26.19,90.0
SC-105,2026-07-11 12:00:00,7.31,5.57,23.88,90.0
SC-105,2026-07-11 12:30:00,7.84,5.33,32.0,90.0
SC-105,2026-07-11 13:00:00,7.31,5.13,29.86,90.0
SC-105,2026-07-11 13:30:00,5.83,4.4,24.54,90.0
SC-105,2026-07-11 14:00:00,6.32,4.69,25.9,90.0
SC-105,2026-07-11 14:30:00,5.8,4.32,25.5,90.0
SC-105,2026-07-11 15:00:00,5.36,3.97,26.04,90.0
SC-105,2026-07-11 15:30:00,5.2,3.67,29.4,90.0
SC-105,2026-07-11 16:00:00,4.98,3.54,28.98,90.0
SC-105,2026-07-11 16:30:00,4.27,3.22,24.73,90.0
SC-105,2026-07-11 17:00:00,3.91,2.79,28.61,90.0
SC-105,2026-07-11 17:30:00,3.37,2.48,26.39,90.0
SC-105,2026-07-12 08:00:00,8.98,6.8,24.28,90.0
SC-105,2026-07-12 08:30:00,15.81,11.79,25.39,90.0
SC-105,2026-07-12 09:00:00,17.56,13.28,24.39,90.0
SC-105,2026-07-12 09:30:00,20.19,14.69,27.22,90.0
SC-105,2026-07-12 10:00:00,25.22,17.7,29.82,90.0
SC-105,2026-07-12 10:30:00,27.79,18.41,33.77,90.0
SC-105,2026-07-12 11:00:00,25.59,20.42,20.2,90.0
SC-105,2026-07-12 11:30:00,30.09,21.92,27.15,90.0
SC-105,2026-07-12 12:00:00,27.72,20.7,25.32,90.0
SC-105,2026-07-12 12:30:00,23.65,17.7,25.16,90.0
SC-105,2026-07-12 13:00:00,25.08,18.71,25.39,90.0
SC-105,2026-07-12 13:30:00,20.71,14.83,28.38,90.0
SC-105,2026-07-12 14:00:00,25.45,16.63,34.64,90.0
SC-105,2026-07-12 14:30:00,15.76,12.03,23.68,90.0
SC-105,2026-07-12 15:00:00,17.96,13.08,27.13,90.0
SC-105,2026-07-12 15:30:00,17.18,13.0,24.38,90.0
SC-105,2026-07-12 16:00:00,16.2,11.35,29.91,90.0
SC-105,2026-07-12 16:30:00,13.49,10.01,25.76,90.0
SC-105,2026-07-12 17:00:00,13.77,9.56,30.57,90.0
SC-105,2026-07-12 17:30:00,11.55,7.49,35.1,90.0
SC-105,2026-07-13 08:00:00,8.07,6.49,19.62,90.0
SC-105,2026-07-13 08:30:00,15.67,11.53,26.41,90.0
SC-105,2026-07-13 09:00:00,19.87,14.13,28.87,90.0
SC-105,2026-07-13 09:30:00,19.67,15.42,21.6,90.0
SC-105,2026-07-13 10:00:00,25.21,18.42,26.92,90.0
SC-105,2026-07-13 10:30:00,25.11,17.77,29.23,90.0
SC-105,2026-07-13 11:00:00,24.94,19.5,21.81,90.0
SC-105,2026-07-13 11:30:00,24.19,17.81,26.35,90.0
SC-105,2026-07-13 12:00:00,28.77,19.78,31.24,90.0
SC-105,2026-07-13 12:30:00,22.55,15.98,29.16,90.0
SC-105,2026-07-13 13:00:00,23.84,16.41,31.17,90.0
SC-105,2026-07-13 13:30:00,19.49,14.44,25.91,90.0
SC-105,2026-07-13 14:00:00,22.72,15.58,31.4,90.0
SC-105,2026-07-13 14:30:00,18.87,14.64,22.44,90.0
SC-105,2026-07-13 15:00:00,19.04,13.18,30.78,90.0
SC-105,2026-07-13 15:30:00,17.86,12.47,30.16,90.0
SC-105,2026-07-13 16:00:00,14.76,10.83,26.61,90.0
SC-105,2026-07-13 16:30:00,13.41,9.49,29.19,90.0
SC-105,2026-07-13 17:00:00,11.81,8.26,30.07,90.0
SC-105,2026-07-13 17:30:00,10.29,7.72,25.01,90.0
SC-105,2026-07-14 08:00:00,8.68,6.17,28.91,90.0
SC-105,2026-07-14 08:30:00,13.01,9.73,25.26,90.0
SC-105,2026-07-14 09:00:00,18.42,12.88,30.09,90.0
SC-105,2026-07-14 09:30:00,21.95,15.04,31.48,90.0
SC-105,2026-07-14 10:00:00,25.68,17.3,32.63,90.0
SC-105,2026-07-14 10:30:00,24.35,18.73,23.11,90.0
SC-105,2026-07-14 11:00:00,25.35,18.19,28.26,90.0
SC-105,2026-07-14 11:30:00,25.14,18.08,28.09,90.0
SC-105,2026-07-14 12:00:00,25.37,18.8,25.89,90.0
SC-105,2026-07-14 12:30:00,24.37,17.06,30.0,90.0
SC-105,2026-07-14 13:00:00,21.59,15.14,29.88,90.0
SC-105,2026-07-14 13:30:00,22.27,15.65,29.75,90.0
SC-105,2026-07-14 14:00:00,21.01,13.32,36.61,90.0
SC-105,2026-07-14 14:30:00,17.35,12.7,26.78,90.0
SC-105,2026-07-14 15:00:00,15.69,11.77,25.01,90.0
SC-105,2026-07-14 15:30:00,13.71,10.72,21.81,90.0
SC-105,2026-07-14 16:00:00,16.01,11.19,30.08,90.0
SC-105,2026-07-14 16:30:00,13.66,9.47,30.64,90.0
SC-105,2026-07-14 17:00:00,11.94,8.87,25.72,90.0
SC-105,2026-07-14 17:30:00,9.09,6.71,26.21,90.0
SC-105,2026-07-15 08:00:00,9.79,7.29,25.51,90.0
SC-105,2026-07-15 08:30:00,13.02,9.69,25.61,90.0
SC-105,2026-07-15 09:00:00,19.69,13.45,31.7,90.0
SC-105,2026-07-15 09:30:00,21.08,14.79,29.87,90.0
SC-105,2026-07-15 10:00:00,20.7,15.95,22.93,90.0
SC-105,2026-07-15 10:30:00,26.04,17.77,31.77,90.0
SC-105,2026-07-15 11:00:00,24.84,18.29,26.37,90.0
SC-105,2026-07-15 11:30:00,25.44,17.79,30.06,90.0
SC-105,2026-07-15 12:00:00,25.91,18.44,28.84,90.0
SC-105,2026-07-15 12:30:00,27.91,19.42,30.42,90.0
SC-105,2026-07-15 13:00:00,23.9,16.21,32.17,90.0
SC-105,2026-07-15 13:30:00,20.66,13.88,32.82,90.0
SC-105,2026-07-15 14:00:00,18.76,13.14,29.98,90.0
SC-105,2026-07-15 14:30:00,18.02,12.33,31.59,90.0
SC-105,2026-07-15 15:00:00,17.84,13.01,27.06,90.0
SC-105,2026-07-15 15:30:00,14.85,11.22,24.49,90.0
SC-105,2026-07-15 16:00:00,13.52,10.08,25.45,90.0
SC-105,2026-07-15 16:30:00,13.57,9.9,27.02,90.0
SC-105,2026-07-15 17:00:00,12.98,8.98,30.8,90.0
SC-105,2026-07-15 17:30:00,10.93,7.56,30.85,90.0
SC-105,2026-07-16 08:00:00,7.58,5.45,28.13,90.0
SC-105,2026-07-16 08:30:00,12.12,9.18,24.24,90.0
SC-105,2026-07-16 09:00:00,16.84,12.07,28.3,90.0
SC-105,2026-07-16 09:30:00,17.08,12.91,24.44,90.0
SC-105,2026-07-16 10:00:00,22.39,15.62,30.24,90.0
SC-105,2026-07-16 10:30:00,22.86,17.49,23.48,90.0
SC-105,2026-07-16 11:00:00,21.33,15.17,28.87,90.0
SC-105,2026-07-16 11:30:00,25.7,17.54,31.73,90.0
SC-105,2026-07-16 12:00:00,23.75,16.75,29.47,90.0
SC-105,2026-07-16 12:30:00,20.91,14.73,29.52,90.0
SC-105,2026-07-16 13:00:00,18.11,12.91,28.71,90.0
SC-105,2026-07-16 13:30:00,15.67,12.1,22.83,90.0
SC-105,2026-07-16 14:00:00,18.33,12.22,33.35,90.0
SC-105,2026-07-16 14:30:00,16.08,11.86,26.26,90.0
SC-105,2026-07-16 15:00:00,14.74,10.93,25.88,90.0
SC-105,2026-07-16 15:30:00,14.05,10.28,26.84,90.0
SC-105,2026-07-16 16:00:00,12.55,9.35,25.52,90.0
SC-105,2026-07-16 16:30:00,11.18,8.06,27.84,90.0
SC-105,2026-07-16 17:00:00,10.72,7.65,28.62,90.0
SC-105,2026-07-16 17:30:00,9.98,7.27,27.11,90.0
SC-105,2026-07-17 08:00:00,3.6,2.63,26.93,90.0
SC-105,2026-07-17 08:30:00,6.62,4.57,30.95,90.0
SC-105,2026-07-17 09:00:00,6.68,4.96,25.73,90.0
SC-105,2026-07-17 09:30:00,8.8,6.19,29.65,90.0
SC-105,2026-07-17 10:00:00,9.71,7.38,24.02,90.0
SC-105,2026-07-17 10:30:00,10.12,7.63,24.64,90.0
SC-105,2026-07-17 11:00:00,11.17,8.04,28.04,90.0
SC-105,2026-07-17 11:30:00,10.0,7.29,27.11,90.0
SC-105,2026-07-17 12:00:00,9.72,7.14,26.52,90.0
SC-105,2026-07-17 12:30:00,10.5,7.92,24.55,90.0
SC-105,2026-07-17 13:00:00,11.01,7.29,33.84,90.0
SC-105,2026-07-17 13:30:00,11.07,7.43,32.91,90.0
SC-105,2026-07-17 14:00:00,8.23,5.56,32.5,90.0
SC-105,2026-07-17 14:30:00,8.71,6.02,30.9,90.0
SC-105,2026-07-17 15:00:00,7.13,5.03,29.36,90.0
SC-105,2026-07-17 15:30:00,7.81,5.06,35.16,90.0
SC-105,2026-07-17 16:00:00,6.29,4.87,22.62,90.0
SC-105,2026-07-17 16:30:00,6.07,4.29,29.3,90.0
SC-105,2026-07-17 17:00:00,4.6,3.53,23.42,90.0
SC-105,2026-07-17 17:30:00,4.55,3.25,28.55,90.0
SC-105,2026-07-18 08:00:00,3.04,2.37,22.02,90.0
SC-105,2026-07-18 08:30:00,4.79,3.38,29.37,90.0
SC-105,2026-07-18 09:00:00,6.4,4.4,31.19,90.0
SC-105,2026-07-18 09:30:00,6.5,5.01,22.94,90.0
SC-105,2026-07-18 10:00:00,6.97,5.27,24.39,90.0
SC-105,2026-07-18 10:30:00,8.31,6.04,27.26,90.0
SC-105,2026-07-18 11:00:00,8.2,6.14,25.15,90.0
SC-105,2026-07-18 11:30:00,7.8,6.04,22.53,90.0
SC-105,2026-07-18 12:00:00,8.24,6.1,26.01,90.0
SC-105,2026-07-18 12:30:00,8.13,5.53,31.97,90.0
SC-105,2026-07-18 13:00:00,6.91,4.94,28.58,90.0
SC-105,2026-07-18 13:30:00,6.95,5.29,23.85,90.0
SC-105,2026-07-18 14:00:00,6.57,4.76,27.61,90.0
SC-105,2026-07-18 14:30:00,6.48,4.41,32.05,90.0
SC-105,2026-07-18 15:00:00,6.08,4.58,24.59,90.0
SC-105,2026-07-18 15:30:00,5.5,3.94,28.44,90.0
SC-105,2026-07-18 16:00:00,5.24,3.86,26.35,90.0
SC-105,2026-07-18 16:30:00,4.04,3.15,21.9,90.0
SC-105,2026-07-18 17:00:00,4.11,3.04,25.98,90.0
SC-105,2026-07-18 17:30:00,3.91,2.66,31.92,90.0
SC-105,2026-07-19 08:00:00,9.41,6.82,27.53,90.0
SC-105,2026-07-19 08:30:00,16.32,11.47,29.73,90.0
SC-105,2026-07-19 09:00:00,18.87,13.84,26.64,90.0
SC-105,2026-07-19 09:30:00,25.61,17.03,33.5,90.0
SC-105,2026-07-19 10:00:00,24.02,17.37,27.68,90.0
SC-105,2026-07-19 10:30:00,25.42,19.09,24.93,90.0
SC-105,2026-07-19 11:00:00,33.75,21.56,36.1,90.0
SC-105,2026-07-19 11:30:00,25.09,19.16,23.64,90.0
SC-105,2026-07-19 12:00:00,29.56,21.12,28.55,90.0
SC-105,2026-07-19 12:30:00,24.84,17.08,31.25,90.0
SC-105,2026-07-19 13:00:00,22.51,15.86,29.56,90.0
SC-105,2026-07-19 13:30:00,24.69,17.9,27.49,90.0
SC-105,2026-07-19 14:00:00,20.97,15.44,26.35,90.0
SC-105,2026-07-19 14:30:00,20.45,15.42,24.59,90.0
SC-105,2026-07-19 15:00:00,19.82,13.76,30.59,90.0
SC-105,2026-07-19 15:30:00,20.69,13.58,34.38,90.0
SC-105,2026-07-19 16:00:00,16.47,11.34,31.15,90.0
SC-105,2026-07-19 16:30:00,17.15,11.22,34.58,90.0
SC-105,2026-07-19 17:00:00,13.37,9.19,31.21,90.0
SC-105,2026-07-19 17:30:00,10.12,7.42,26.65,90.0
SC-105,2026-07-20 08:00:00,8.47,6.28,25.88,90.0
SC-105,2026-07-20 08:30:00,14.26,10.41,27.0,90.0
SC-105,2026-07-20 09:00:00,17.81,11.86,33.39,90.0
SC-105,2026-07-20 09:30:00,21.12,15.18,28.11,90.0
SC-105,2026-07-20 10:00:00,26.93,17.67,34.38,90.0
SC-105,2026-07-20 10:30:00,25.89,18.42,28.84,90.0
SC-105,2026-07-20 11:00:00,27.8,18.87,32.13,90.0
SC-105,2026-07-20 11:30:00,25.3,18.9,25.27,90.0
SC-105,2026-07-20 12:00:00,23.78,17.38,26.91,90.0
SC-105,2026-07-20 12:30:00,23.17,16.56,28.51,90.0
SC-105,2026-07-20 13:00:00,22.04,16.32,25.95,90.0
SC-105,2026-07-20 13:30:00,20.02,14.12,29.47,90.0
SC-105,2026-07-20 14:00:00,17.17,12.68,26.17,90.0
SC-105,2026-07-20 14:30:00,18.75,12.8,31.72,90.0
SC-105,2026-07-20 15:00:00,14.36,10.48,27.07,90.0
SC-105,2026-07-20 15:30:00,17.25,12.23,29.14,90.0
SC-105,2026-07-20 16:00:00,14.3,10.18,28.85,90.0
SC-105,2026-07-20 16:30:00,13.73,8.83,35.7,90.0
SC-105,2026-07-20 17:00:00,11.2,8.01,28.48,90.0
SC-105,2026-07-20 17:30:00,9.42,7.42,21.16,90.0
SC-105,2026-07-21 08:00:00,10.16,6.7,34.02,90.0
SC-105,2026-07-21 08:30:00,15.8,11.45,27.51,90.0
SC-105,2026-07-21 09:00:00,17.21,13.29,22.73,90.0
SC-105,2026-07-21 09:30:00,22.77,15.47,32.06,90.0
SC-105,2026-07-21 10:00:00,23.65,17.48,26.1,90.0
SC-105,2026-07-21 10:30:00,25.68,18.71,27.16,90.0
SC-105,2026-07-21 11:00:00,25.72,18.53,27.95,90.0
SC-105,2026-07-21 11:30:00,26.04,18.76,27.96,90.0
SC-105,2026-07-21 12:00:00,25.67,19.01,25.95,90.0
SC-105,2026-07-21 12:30:00,23.35,17.52,24.96,90.0
SC-105,2026-07-21 13:00:00,24.29,15.72,35.27,90.0
SC-105,2026-07-21 13:30:00,22.93,15.99,30.24,90.0
SC-105,2026-07-21 14:00:00,20.56,14.51,29.42,90.0
SC-105,2026-07-21 14:30:00,21.29,14.16,33.47,90.0
SC-105,2026-07-21 15:00:00,17.52,13.28,24.2,90.0
SC-105,2026-07-21 15:30:00,17.1,12.69,25.8,90.0
SC-105,2026-07-21 16:00:00,13.6,10.34,23.93,90.0
SC-105,2026-07-21 16:30:00,14.17,9.6,32.25,90.0
SC-105,2026-07-21 17:00:00,12.54,9.38,25.23,90.0
SC-105,2026-07-21 17:30:00,11.51,8.08,29.76,90.0
SC-105,2026-07-22 08:00:00,8.83,6.33,28.29,90.0
SC-105,2026-07-22 08:30:00,12.93,10.14,21.58,90.0
SC-105,2026-07-22 09:00:00,17.37,12.29,29.24,90.0
SC-105,2026-07-22 09:30:00,21.7,15.3,29.46,90.0
SC-105,2026-07-22 10:00:00,25.85,17.41,32.65,90.0
SC-105,2026-07-22 10:30:00,28.09,19.22,31.6,90.0
SC-105,2026-07-22 11:00:00,22.77,15.28,32.9,90.0
SC-105,2026-07-22 11:30:00,26.91,19.9,26.06,90.0
SC-105,2026-07-22 12:00:00,24.11,18.54,23.1,90.0
SC-105,2026-07-22 12:30:00,26.23,17.95,31.58,90.0
SC-105,2026-07-22 13:00:00,24.69,16.48,33.27,90.0
SC-105,2026-07-22 13:30:00,21.32,15.25,28.45,90.0
SC-105,2026-07-22 14:00:00,18.84,13.84,26.52,90.0
SC-105,2026-07-22 14:30:00,17.12,12.75,25.55,90.0
SC-105,2026-07-22 15:00:00,17.45,12.31,29.46,90.0
SC-105,2026-07-22 15:30:00,14.93,10.97,26.51,90.0
SC-105,2026-07-22 16:00:00,15.22,10.87,28.56,90.0
SC-105,2026-07-22 16:30:00,13.59,9.06,33.28,90.0
SC-105,2026-07-22 17:00:00,11.49,8.25,28.16,90.0
SC-105,2026-07-22 17:30:00,9.39,7.21,23.21,90.0
SC-105,2026-07-23 08:00:00,8.69,6.5,25.2,90.0
SC-105,2026-07-23 08:30:00,13.01,9.55,26.59,90.0
SC-105,2026-07-23 09:00:00,16.47,11.65,29.25,90.0
SC-105,2026-07-23 09:30:00,19.32,13.86,28.3,90.0
SC-105,2026-07-23 10:00:00,21.01,14.76,29.74,90.0
SC-105,2026-07-23 10:30:00,26.38,18.5,29.88,90.0
SC-105,2026-07-23 11:00:00,21.51,16.04,25.44,90.0
SC-105,2026-07-23 11:30:00,22.34,16.29,27.06,90.0
SC-105,2026-07-23 12:00:00,22.55,16.12,28.52,90.0
SC-105,2026-07-23 12:30:00,23.17,16.22,29.99,90.0
SC-105,2026-07-23 13:00:00,21.15,15.31,27.62,90.0
SC-105,2026-07-23 13:30:00,20.72,14.57,29.65,90.0
SC-105,2026-07-23 14:00:00,19.97,13.96,30.12,90.0
SC-105,2026-07-23 14:30:00,17.39,12.09,30.48,90.0
SC-105,2026-07-23 15:00:00,16.26,11.91,26.8,90.0
SC-105,2026-07-23 15:30:00,18.38,13.12,28.63,90.0
SC-105,2026-07-23 16:00:00,13.02,9.23,29.07,90.0
SC-105,2026-07-23 16:30:00,12.54,8.53,31.96,90.0
SC-105,2026-07-23 17:00:00,10.98,7.9,28.12,90.0
SC-105,2026-07-23 17:30:00,10.53,7.26,31.03,90.0
SC-105,2026-07-24 08:00:00,4.91,3.62,26.21,90.0
SC-105,2026-07-24 08:30:00,7.53,5.34,29.13,90.0
SC-105,2026-07-24 09:00:00,10.28,6.55,36.26,90.0
SC-105,2026-07-24 09:30:00,10.44,7.95,23.8,90.0
SC-105,2026-07-24 10:00:00,9.98,7.35,26.37,90.0
SC-105,2026-07-24 10:30:00,13.37,8.88,33.57,90.0
SC-105,2026-07-24 11:00:00,11.94,8.97,24.91,90.0
SC-105,2026-07-24 11:30:00,10.88,8.21,24.57,90.0
SC-105,2026-07-24 12:00:00,12.61,8.21,34.85,90.0
SC-105,2026-07-24 12:30:00,11.5,8.46,26.41,90.0
SC-105,2026-07-24 13:00:00,10.9,7.75,28.93,90.0
SC-105,2026-07-24 13:30:00,10.23,7.28,28.78,90.0
SC-105,2026-07-24 14:00:00,9.51,6.65,30.15,90.0
SC-105,2026-07-24 14:30:00,7.65,5.99,21.72,90.0
SC-105,2026-07-24 15:00:00,8.2,5.82,29.07,90.0
SC-105,2026-07-24 15:30:00,8.12,5.67,30.16,90.0
SC-105,2026-07-24 16:00:00,7.78,5.5,29.39,90.0
SC-105,2026-07-24 16:30:00,7.07,4.71,33.36,90.0
SC-105,2026-07-24 17:00:00,5.13,3.84,25.24,90.0
SC-105,2026-07-24 17:30:00,4.31,3.26,24.33,90.0
SC-105,2026-07-25 08:00:00,3.32,2.31,30.46,90.0
SC-105,2026-07-25 08:30:00,5.68,3.99,29.89,90.0
SC-105,2026-07-25 09:00:00,5.61,4.38,21.89,90.0
SC-105,2026-07-25 09:30:00,6.81,5.0,26.63,90.0
SC-105,2026-07-25 10:00:00,7.85,5.48,30.27,90.0
SC-105,2026-07-25 10:30:00,8.69,6.09,29.97,90.0
SC-105,2026-07-25 11:00:00,7.3,5.65,22.59,90.0
SC-105,2026-07-25 11:30:00,9.16,6.02,34.3,90.0
SC-105,2026-07-25 12:00:00,7.86,5.73,27.08,90.0
SC-105,2026-07-25 12:30:00,7.61,5.52,27.47,90.0
SC-105,2026-07-25 13:00:00,7.07,5.19,26.51,90.0
SC-105,2026-07-25 13:30:00,6.85,4.92,28.15,90.0
SC-105,2026-07-25 14:00:00,6.11,4.35,28.94,90.0
SC-105,2026-07-25 14:30:00,5.6,4.04,27.88,90.0
SC-105,2026-07-25 15:00:00,5.55,4.05,27.06,90.0
SC-105,2026-07-25 15:30:00,5.04,3.85,23.64,90.0
SC-105,2026-07-25 16:00:00,4.69,3.15,32.89,90.0
SC-105,2026-07-25 16:30:00,4.42,3.26,26.18,90.0
SC-105,2026-07-25 17:00:00,3.69,2.87,22.29,90.0
SC-105,2026-07-25 17:30:00,3.59,2.49,30.62,90.0
SC-105,2026-07-26 08:00:00,10.83,7.65,29.34,90.0
SC-105,2026-07-26 08:30:00,17.63,12.2,30.79,90.0
SC-105,2026-07-26 09:00:00,22.33,15.45,30.85,90.0
SC-105,2026-07-26 09:30:00,22.99,17.02,25.99,90.0
SC-105,2026-07-26 10:00:00,22.79,18.0,21.03,90.0
SC-105,2026-07-26 10:30:00,30.13,21.5,28.63,90.0
SC-105,2026-07-26 11:00:00,34.57,24.6,28.84,90.0
SC-105,2026-07-26 11:30:00,25.0,20.36,18.56,90.0
SC-105,2026-07-26 12:00:00,25.95,18.62,28.24,90.0
SC-105,2026-07-26 12:30:00,30.89,21.24,31.24,90.0
SC-105,2026-07-26 13:00:00,23.05,17.04,26.09,90.0
SC-105,2026-07-26 13:30:00,25.57,17.18,32.8,90.0
SC-105,2026-07-26 14:00:00,22.92,16.5,28.02,90.0
SC-105,2026-07-26 14:30:00,23.61,15.48,34.43,90.0
SC-105,2026-07-26 15:00:00,19.59,13.96,28.71,90.0
SC-105,2026-07-26 15:30:00,17.52,12.56,28.32,90.0
SC-105,2026-07-26 16:00:00,15.88,11.49,27.65,90.0
SC-105,2026-07-26 16:30:00,14.36,10.62,26.05,90.0
SC-105,2026-07-26 17:00:00,13.46,9.47,29.66,90.0
SC-105,2026-07-26 17:30:00,11.87,8.98,24.35,90.0
SC-105,2026-07-27 08:00:00,10.1,6.93,31.33,90.0
SC-105,2026-07-27 08:30:00,16.18,11.24,30.53,90.0
SC-105,2026-07-27 09:00:00,21.82,15.19,30.36,90.0
SC-105,2026-07-27 09:30:00,21.41,15.41,28.03,90.0
SC-105,2026-07-27 10:00:00,29.33,19.5,33.51,90.0
SC-105,2026-07-27 10:30:00,25.73,19.22,25.3,90.0
SC-105,2026-07-27 11:00:00,26.88,19.98,25.68,90.0
SC-105,2026-07-27 11:30:00,25.96,20.23,22.06,90.0
SC-105,2026-07-27 12:00:00,30.79,21.26,30.95,90.0
SC-105,2026-07-27 12:30:00,25.58,17.33,32.24,90.0
SC-105,2026-07-27 13:00:00,23.89,17.14,28.25,90.0
SC-105,2026-07-27 13:30:00,20.8,16.09,22.68,90.0
SC-105,2026-07-27 14:00:00,21.94,15.17,30.88,90.0
SC-105,2026-07-27 14:30:00,18.95,13.89,26.74,90.0
SC-105,2026-07-27 15:00:00,18.19,13.18,27.53,90.0
SC-105,2026-07-27 15:30:00,17.96,12.73,29.11,90.0
SC-105,2026-07-27 16:00:00,14.7,11.47,22.01,90.0
SC-105,2026-07-27 16:30:00,14.93,10.99,26.43,90.0
SC-105,2026-07-27 17:00:00,13.35,9.28,30.52,90.0
SC-105,2026-07-27 17:30:00,10.7,7.56,29.34,90.0
SC-106,2026-06-30 08:00:00,24.62,16.89,31.42,60.0
SC-106,2026-06-30 08:30:00,42.57,30.11,29.27,60.0
SC-106,2026-06-30 09:00:00,51.22,34.76,32.15,60.0
SC-106,2026-06-30 09:30:00,49.17,36.38,26.02,60.0
SC-106,2026-06-30 10:00:00,57.82,43.09,25.47,60.0
SC-106,2026-06-30 10:30:00,62.62,46.57,25.62,60.0
SC-106,2026-06-30 11:00:00,69.45,49.9,28.15,60.0
SC-106,2026-06-30 11:30:00,75.24,48.59,35.42,60.0
SC-106,2026-06-30 12:00:00,65.96,44.37,32.73,60.0
SC-106,2026-06-30 12:30:00,65.96,48.42,26.59,60.0
SC-106,2026-06-30 13:00:00,54.11,39.98,26.12,60.0
SC-106,2026-06-30 13:30:00,55.29,37.57,32.06,60.0
SC-106,2026-06-30 14:00:00,49.33,35.03,28.98,60.0
SC-106,2026-06-30 14:30:00,52.11,36.41,30.13,60.0
SC-106,2026-06-30 15:00:00,48.64,34.73,28.6,60.0
SC-106,2026-06-30 15:30:00,38.8,27.75,28.46,60.0
SC-106,2026-06-30 16:00:00,41.7,31.01,25.63,60.0
SC-106,2026-06-30 16:30:00,35.95,25.5,29.08,60.0
SC-106,2026-06-30 17:00:00,29.29,21.51,26.57,60.0
SC-106,2026-06-30 17:30:00,27.55,21.04,23.64,60.0
SC-106,2026-06-30 18:00:00,21.22,15.91,25.05,60.0
SC-106,2026-06-30 18:30:00,17.25,12.72,26.27,60.0
SC-106,2026-06-30 19:00:00,16.34,12.07,26.11,60.0
SC-106,2026-06-30 19:30:00,9.45,7.29,22.86,60.0
SC-106,2026-07-01 08:00:00,22.66,16.53,27.08,60.0
SC-106,2026-07-01 08:30:00,37.3,28.4,23.85,60.0
SC-106,2026-07-01 09:00:00,56.5,37.23,34.1,60.0
SC-106,2026-07-01 09:30:00,56.34,43.23,23.28,60.0
SC-106,2026-07-01 10:00:00,73.41,49.95,31.96,60.0
SC-106,2026-07-01 10:30:00,80.3,56.03,30.22,60.0
SC-106,2026-07-01 11:00:00,70.92,50.02,29.47,60.0
SC-106,2026-07-01 11:30:00,83.4,56.85,31.84,60.0
SC-106,2026-07-01 12:00:00,70.33,50.03,28.87,60.0
SC-106,2026-07-01 12:30:00,62.3,45.62,26.78,60.0
SC-106,2026-07-01 13:00:00,62.65,45.24,27.78,60.0
SC-106,2026-07-01 13:30:00,61.03,43.62,28.53,60.0
SC-106,2026-07-01 14:00:00,53.84,39.64,26.37,60.0
SC-106,2026-07-01 14:30:00,54.66,37.39,31.6,60.0
SC-106,2026-07-01 15:00:00,59.78,40.23,32.7,60.0
SC-106,2026-07-01 15:30:00,48.3,35.34,26.84,60.0
SC-106,2026-07-01 16:00:00,43.91,31.94,27.25,60.0
SC-106,2026-07-01 16:30:00,36.5,27.1,25.73,60.0
SC-106,2026-07-01 17:00:00,35.19,25.09,28.7,60.0
SC-106,2026-07-01 17:30:00,29.81,22.94,23.05,60.0
SC-106,2026-07-01 18:00:00,22.28,16.48,26.02,60.0
SC-106,2026-07-01 18:30:00,18.11,13.41,25.98,60.0
SC-106,2026-07-01 19:00:00,15.28,11.88,22.24,60.0
SC-106,2026-07-01 19:30:00,12.94,9.14,29.4,60.0
SC-106,2026-07-02 08:00:00,24.88,17.29,30.5,60.0
SC-106,2026-07-02 08:30:00,34.8,25.92,25.52,60.0
SC-106,2026-07-02 09:00:00,43.61,31.45,27.89,60.0
SC-106,2026-07-02 09:30:00,52.96,40.69,23.17,60.0
SC-106,2026-07-02 10:00:00,56.0,42.27,24.52,60.0
SC-106,2026-07-02 10:30:00,79.14,55.44,29.95,60.0
SC-106,2026-07-02 11:00:00,66.16,46.25,30.09,60.0
SC-106,2026-07-02 11:30:00,72.76,51.31,29.48,60.0
SC-106,2026-07-02 12:00:00,68.71,50.39,26.65,60.0
SC-106,2026-07-02 12:30:00,57.95,41.91,27.68,60.0
SC-106,2026-07-02 13:00:00,57.98,44.61,23.07,60.0
SC-106,2026-07-02 13:30:00,56.37,38.03,32.55,60.0
SC-106,2026-07-02 14:00:00,60.16,39.59,34.18,60.0
SC-106,2026-07-02 14:30:00,51.95,35.25,32.16,60.0
SC-106,2026-07-02 15:00:00,44.97,33.73,24.98,60.0
SC-106,2026-07-02 15:30:00,41.44,31.32,24.4,60.0
SC-106,2026-07-02 16:00:00,38.66,28.12,27.26,60.0
SC-106,2026-07-02 16:30:00,38.8,27.02,30.36,60.0
SC-106,2026-07-02 17:00:00,32.25,22.32,30.81,60.0
SC-106,2026-07-02 17:30:00,26.93,19.89,26.13,60.0
SC-106,2026-07-02 18:00:00,23.15,15.87,31.44,60.0
SC-106,2026-07-02 18:30:00,17.77,12.91,27.33,60.0
SC-106,2026-07-02 19:00:00,16.18,11.54,28.66,60.0
SC-106,2026-07-02 19:30:00,12.28,9.02,26.49,60.0
SC-106,2026-07-03 08:00:00,11.51,7.92,31.25,60.0
SC-106,2026-07-03 08:30:00,16.21,11.87,26.76,60.0
SC-106,2026-07-03 09:00:00,21.54,14.94,30.61,60.0
SC-106,2026-07-03 09:30:00,27.15,19.8,27.07,60.0
SC-106,2026-07-03 10:00:00,27.27,19.72,27.69,60.0
SC-106,2026-07-03 10:30:00,25.73,19.03,26.04,60.0
SC-106,2026-07-03 11:00:00,28.74,20.82,27.58,60.0
SC-106,2026-07-03 11:30:00,27.81,20.53,26.17,60.0
SC-106,2026-07-03 12:00:00,29.72,20.49,31.07,60.0
SC-106,2026-07-03 12:30:00,31.3,19.86,36.54,60.0
SC-106,2026-07-03 13:00:00,24.51,18.65,23.92,60.0
SC-106,2026-07-03 13:30:00,23.55,17.84,24.24,60.0
SC-106,2026-07-03 14:00:00,24.83,17.92,27.81,60.0
SC-106,2026-07-03 14:30:00,25.99,17.09,34.25,60.0
SC-106,2026-07-03 15:00:00,21.53,14.26,33.76,60.0
SC-106,2026-07-03 15:30:00,16.33,13.38,18.08,60.0
SC-106,2026-07-03 16:00:00,14.02,10.56,24.72,60.0
SC-106,2026-07-03 16:30:00,15.12,11.61,23.25,60.0
SC-106,2026-07-03 17:00:00,13.75,10.08,26.73,60.0
SC-106,2026-07-03 17:30:00,12.17,8.1,33.44,60.0
SC-106,2026-07-03 18:00:00,10.1,7.33,27.45,60.0
SC-106,2026-07-03 18:30:00,8.98,6.71,25.34,60.0
SC-106,2026-07-03 19:00:00,6.36,4.63,27.2,60.0
SC-106,2026-07-03 19:30:00,5.59,4.06,27.38,60.0
SC-106,2026-07-04 08:00:00,9.25,6.63,28.34,60.0
SC-106,2026-07-04 08:30:00,13.93,9.74,30.09,60.0
SC-106,2026-07-04 09:00:00,15.88,11.4,28.22,60.0
SC-106,2026-07-04 09:30:00,18.95,13.52,28.62,60.0
SC-106,2026-07-04 10:00:00,19.07,13.15,31.05,60.0
SC-106,2026-07-04 10:30:00,24.8,16.92,31.77,60.0
SC-106,2026-07-04 11:00:00,23.56,16.51,29.92,60.0
SC-106,2026-07-04 11:30:00,26.21,18.16,30.73,60.0
SC-106,2026-07-04 12:00:00,25.0,17.66,29.35,60.0
SC-106,2026-07-04 12:30:00,21.76,16.2,25.53,60.0
SC-106,2026-07-04 13:00:00,20.79,15.28,26.5,60.0
SC-106,2026-07-04 13:30:00,16.14,11.51,28.7,60.0
SC-106,2026-07-04 14:00:00,17.34,12.82,26.05,60.0
SC-106,2026-07-04 14:30:00,14.64,10.97,25.09,60.0
SC-106,2026-07-04 15:00:00,16.19,11.43,29.44,60.0
SC-106,2026-07-04 15:30:00,15.98,10.94,31.5,60.0
SC-106,2026-07-04 16:00:00,14.89,10.25,31.15,60.0
SC-106,2026-07-04 16:30:00,10.45,8.19,21.69,60.0
SC-106,2026-07-04 17:00:00,10.41,7.73,25.75,60.0
SC-106,2026-07-04 17:30:00,8.91,6.63,25.68,60.0
SC-106,2026-07-04 18:00:00,8.72,6.03,30.85,60.0
SC-106,2026-07-04 18:30:00,6.13,4.46,27.26,60.0
SC-106,2026-07-04 19:00:00,5.39,3.8,29.56,60.0
SC-106,2026-07-04 19:30:00,4.08,2.82,30.91,60.0
SC-106,2026-07-05 08:00:00,26.05,19.62,24.69,60.0
SC-106,2026-07-05 08:30:00,43.97,32.55,25.96,60.0
SC-106,2026-07-05 09:00:00,47.73,35.39,25.85,60.0
SC-106,2026-07-05 09:30:00,64.63,43.13,33.27,60.0
SC-106,2026-07-05 10:00:00,62.62,49.76,20.55,60.0
SC-106,2026-07-05 10:30:00,69.67,50.69,27.24,60.0
SC-106,2026-07-05 11:00:00,76.28,52.14,31.64,60.0
SC-106,2026-07-05 11:30:00,76.93,57.42,25.36,60.0
SC-106,2026-07-05 12:00:00,79.28,56.27,29.02,60.0
SC-106,2026-07-05 12:30:00,67.44,48.62,27.9,60.0
SC-106,2026-07-05 13:00:00,64.82,48.43,25.29,60.0
SC-106,2026-07-05 13:30:00,70.62,47.86,32.23,60.0
SC-106,2026-07-05 14:00:00,63.05,43.03,31.76,60.0
SC-106,2026-07-05 14:30:00,54.45,39.8,26.9,60.0
SC-106,2026-07-05 15:00:00,54.43,38.21,29.81,60.0
SC-106,2026-07-05 15:30:00,50.25,38.4,23.59,60.0
SC-106,2026-07-05 16:00:00,47.79,31.51,34.08,60.0
SC-106,2026-07-05 16:30:00,40.5,29.48,27.2,60.0
SC-106,2026-07-05 17:00:00,32.48,25.63,21.08,60.0
SC-106,2026-07-05 17:30:00,30.79,21.35,30.64,60.0
SC-106,2026-07-05 18:00:00,26.73,19.73,26.2,60.0
SC-106,2026-07-05 18:30:00,17.62,13.33,24.39,60.0
SC-106,2026-07-05 19:00:00,15.41,11.15,27.65,60.0
SC-106,2026-07-05 19:30:00,13.56,9.84,27.46,60.0
SC-106,2026-07-06 08:00:00,24.19,17.99,25.62,60.0
SC-106,2026-07-06 08:30:00,44.82,31.83,28.98,60.0
SC-106,2026-07-06 09:00:00,59.9,41.48,30.75,60.0
SC-106,2026-07-06 09:30:00,59.53,40.29,32.32,60.0
SC-106,2026-07-06 10:00:00,72.0,50.89,29.32,60.0
SC-106,2026-07-06 10:30:00,68.73,53.54,22.1,60.0
SC-106,2026-07-06 11:00:00,74.68,51.36,31.22,60.0
SC-106,2026-07-06 11:30:00,75.57,54.11,28.39,60.0
SC-106,2026-07-06 12:00:00,65.64,49.54,24.53,60.0
SC-106,2026-07-06 12:30:00,70.63,47.52,32.73,60.0
SC-106,2026-07-06 13:00:00,66.97,47.1,29.68,60.0
SC-106,2026-07-06 13:30:00,54.42,44.04,19.06,60.0
SC-106,2026-07-06 14:00:00,56.75,41.46,26.93,60.0
SC-106,2026-07-06 14:30:00,56.72,41.26,27.26,60.0
SC-106,2026-07-06 15:00:00,48.74,35.08,28.03,60.0
SC-106,2026-07-06 15:30:00,54.2,39.47,27.18,60.0
SC-106,2026-07-06 16:00:00,46.89,31.5,32.82,60.0
SC-106,2026-07-06 16:30:00,36.1,26.55,26.46,60.0
SC-106,2026-07-06 17:00:00,37.43,26.37,29.56,60.0
SC-106,2026-07-06 17:30:00,25.55,19.42,23.99,60.0
SC-106,2026-07-06 18:00:00,26.21,18.73,28.54,60.0
SC-106,2026-07-06 18:30:00,19.66,13.51,31.29,60.0
SC-106,2026-07-06 19:00:00,16.58,12.0,27.64,60.0
SC-106,2026-07-06 19:30:00,11.31,8.04,28.91,60.0
SC-106,2026-07-07 08:00:00,26.12,18.23,30.22,60.0
SC-106,2026-07-07 08:30:00,39.2,29.88,23.77,60.0
SC-106,2026-07-07 09:00:00,50.31,40.78,18.94,60.0
SC-106,2026-07-07 09:30:00,57.63,42.34,26.53,60.0
SC-106,2026-07-07 10:00:00,66.57,50.12,24.71,60.0
SC-106,2026-07-07 10:30:00,75.44,55.58,26.33,60.0
SC-106,2026-07-07 11:00:00,84.18,56.91,32.4,60.0
SC-106,2026-07-07 11:30:00,77.83,55.32,28.93,60.0
SC-106,2026-07-07 12:00:00,75.47,56.08,25.68,60.0
SC-106,2026-07-07 12:30:00,78.27,52.53,32.89,60.0
SC-106,2026-07-07 13:00:00,72.18,49.83,30.97,60.0
SC-106,2026-07-07 13:30:00,64.51,44.82,30.53,60.0
SC-106,2026-07-07 14:00:00,54.19,37.39,31.0,60.0
SC-106,2026-07-07 14:30:00,49.73,35.15,29.32,60.0
SC-106,2026-07-07 15:00:00,50.22,35.79,28.72,60.0
SC-106,2026-07-07 15:30:00,50.3,36.83,26.79,60.0
SC-106,2026-07-07 16:00:00,41.97,30.81,26.6,60.0
SC-106,2026-07-07 16:30:00,35.9,26.52,26.13,60.0
SC-106,2026-07-07 17:00:00,35.95,25.24,29.81,60.0
SC-106,2026-07-07 17:30:00,28.62,21.49,24.91,60.0
SC-106,2026-07-07 18:00:00,26.0,19.32,25.68,60.0
SC-106,2026-07-07 18:30:00,17.81,13.46,24.43,60.0
SC-106,2026-07-07 19:00:00,17.45,12.33,29.31,60.0
SC-106,2026-07-07 19:30:00,12.4,8.72,29.74,60.0
SC-106,2026-07-08 08:00:00,28.0,20.3,27.5,60.0
SC-106,2026-07-08 08:30:00,41.07,28.14,31.47,60.0
SC-106,2026-07-08 09:00:00,48.77,35.97,26.26,60.0
SC-106,2026-07-08 09:30:00,61.44,41.32,32.76,60.0
SC-106,2026-07-08 10:00:00,72.09,51.52,28.53,60.0
SC-106,2026-07-08 10:30:00,70.76,50.48,28.66,60.0
SC-106,2026-07-08 11:00:00,72.92,55.05,24.5,60.0
SC-106,2026-07-08 11:30:00,72.7,56.72,21.99,60.0
SC-106,2026-07-08 12:00:00,61.8,47.13,23.74,60.0
SC-106,2026-07-08 12:30:00,55.41,40.68,26.58,60.0
SC-106,2026-07-08 13:00:00,57.68,43.43,24.7,60.0
SC-106,2026-07-08 13:30:00,56.77,41.77,26.43,60.0
SC-106,2026-07-08 14:00:00,56.01,39.98,28.61,60.0
SC-106,2026-07-08 14:30:00,56.11,40.36,28.07,60.0
SC-106,2026-07-08 15:00:00,50.3,34.11,32.19,60.0
SC-106,2026-07-08 15:30:00,47.07,32.19,31.61,60.0
SC-106,2026-07-08 16:00:00,44.55,29.6,33.56,60.0
SC-106,2026-07-08 16:30:00,38.49,27.95,27.39,60.0
SC-106,2026-07-08 17:00:00,33.76,24.75,26.69,60.0
SC-106,2026-07-08 17:30:00,27.65,19.98,27.75,60.0
SC-106,2026-07-08 18:00:00,26.42,19.71,25.4,60.0
SC-106,2026-07-08 18:30:00,19.95,13.22,33.73,60.0
SC-106,2026-07-08 19:00:00,15.76,12.05,23.52,60.0
SC-106,2026-07-08 19:30:00,11.77,8.04,31.73,60.0
SC-106,2026-07-09 08:00:00,27.61,18.24,33.94,60.0
SC-106,2026-07-09 08:30:00,45.87,30.98,32.45,60.0
SC-106,2026-07-09 09:00:00,56.89,36.87,35.2,60.0
SC-106,2026-07-09 09:30:00,60.25,43.12,28.43,60.0
SC-106,2026-07-09 10:00:00,63.85,47.18,26.11,60.0
SC-106,2026-07-09 10:30:00,63.82,44.71,29.95,60.0
SC-106,2026-07-09 11:00:00,72.12,49.74,31.03,60.0
SC-106,2026-07-09 11:30:00,65.62,47.56,27.53,60.0
SC-106,2026-07-09 12:00:00,69.8,51.27,26.55,60.0
SC-106,2026-07-09 12:30:00,62.72,42.38,32.43,60.0
SC-106,2026-07-09 13:00:00,53.78,40.19,25.28,60.0
SC-106,2026-07-09 13:30:00,58.76,43.25,26.38,60.0
SC-106,2026-07-09 14:00:00,54.88,39.78,27.51,60.0
SC-106,2026-07-09 14:30:00,45.55,33.52,26.41,60.0
SC-106,2026-07-09 15:00:00,43.41,32.47,25.19,60.0
SC-106,2026-07-09 15:30:00,46.11,31.35,32.0,60.0
SC-106,2026-07-09 16:00:00,42.06,29.57,29.7,60.0
SC-106,2026-07-09 16:30:00,36.42,25.66,29.54,60.0
SC-106,2026-07-09 17:00:00,37.62,24.56,34.7,60.0
SC-106,2026-07-09 17:30:00,27.34,20.02,26.79,60.0
SC-106,2026-07-09 18:00:00,18.56,13.76,25.84,60.0
SC-106,2026-07-09 18:30:00,19.65,13.99,28.81,60.0
SC-106,2026-07-09 19:00:00,16.32,12.17,25.43,60.0
SC-106,2026-07-09 19:30:00,11.29,8.72,22.77,60.0
SC-106,2026-07-10 08:00:00,13.43,9.14,31.91,60.0
SC-106,2026-07-10 08:30:00,19.11,12.44,34.88,60.0
SC-106,2026-07-10 09:00:00,17.56,13.58,22.65,60.0
SC-106,2026-07-10 09:30:00,25.16,18.29,27.28,60.0
SC-106,2026-07-10 10:00:00,30.22,21.89,27.56,60.0
SC-106,2026-07-10 10:30:00,28.8,21.87,24.06,60.0
SC-106,2026-07-10 11:00:00,34.0,24.24,28.71,60.0
SC-106,2026-07-10 11:30:00,31.11,20.92,32.76,60.0
SC-106,2026-07-10 12:00:00,33.18,23.14,30.24,60.0
SC-106,2026-07-10 12:30:00,29.93,21.62,27.75,60.0
SC-106,2026-07-10 13:00:00,29.18,18.31,37.25,60.0
SC-106,2026-07-10 13:30:00,27.39,18.96,30.78,60.0
SC-106,2026-07-10 14:00:00,21.32,14.74,30.85,60.0
SC-106,2026-07-10 14:30:00,22.75,15.18,33.25,60.0
SC-106,2026-07-10 15:00:00,23.21,17.13,26.22,60.0
SC-106,2026-07-10 15:30:00,19.29,13.87,28.11,60.0
SC-106,2026-07-10 16:00:00,18.74,13.76,26.59,60.0
SC-106,2026-07-10 16:30:00,15.92,12.07,24.22,60.0
SC-106,2026-07-10 17:00:00,14.93,10.95,26.62,60.0
SC-106,2026-07-10 17:30:00,13.41,9.15,31.8,60.0
SC-106,2026-07-10 18:00:00,11.36,8.02,29.38,60.0
SC-106,2026-07-10 18:30:00,8.42,6.04,28.24,60.0
SC-106,2026-07-10 19:00:00,6.88,4.93,28.41,60.0
SC-106,2026-07-10 19:30:00,5.17,3.97,23.1,60.0
SC-106,2026-07-11 08:00:00,9.14,6.57,28.13,60.0
SC-106,2026-07-11 08:30:00,13.8,9.93,28.06,60.0
SC-106,2026-07-11 09:00:00,15.66,11.49,26.61,60.0
SC-106,2026-07-11 09:30:00,21.9,14.81,32.36,60.0
SC-106,2026-07-11 10:00:00,21.93,14.64,33.25,60.0
SC-106,2026-07-11 10:30:00,22.4,16.24,27.49,60.0
SC-106,2026-07-11 11:00:00,24.91,18.23,26.81,60.0
SC-106,2026-07-11 11:30:00,23.67,17.1,27.79,60.0
SC-106,2026-07-11 12:00:00,21.03,15.01,28.62,60.0
SC-106,2026-07-11 12:30:00,21.47,14.82,30.98,60.0
SC-106,2026-07-11 13:00:00,22.85,15.49,32.21,60.0
SC-106,2026-07-11 13:30:00,18.5,13.5,27.04,60.0
SC-106,2026-07-11 14:00:00,14.59,10.79,26.03,60.0
SC-106,2026-07-11 14:30:00,17.21,12.3,28.55,60.0
SC-106,2026-07-11 15:00:00,17.89,11.61,35.1,60.0
SC-106,2026-07-11 15:30:00,15.32,10.68,30.31,60.0
SC-106,2026-07-11 16:00:00,14.45,10.72,25.84,60.0
SC-106,2026-07-11 16:30:00,10.94,8.5,22.32,60.0
SC-106,2026-07-11 17:00:00,12.79,8.01,37.33,60.0
SC-106,2026-07-11 17:30:00,9.92,7.0,29.48,60.0
SC-106,2026-07-11 18:00:00,8.14,5.73,29.63,60.0
SC-106,2026-07-11 18:30:00,5.62,4.45,20.9,60.0
SC-106,2026-07-11 19:00:00,5.36,3.76,29.81,60.0
SC-106,2026-07-11 19:30:00,4.73,3.38,28.63,60.0
SC-106,2026-07-12 08:00:00,26.73,19.53,26.93,60.0
SC-106,2026-07-12 08:30:00,44.16,31.18,29.39,60.0
SC-106,2026-07-12 09:00:00,59.0,40.77,30.89,60.0
SC-106,2026-07-12 09:30:00,66.52,44.39,33.27,60.0
SC-106,2026-07-12 10:00:00,83.28,59.18,28.93,60.0
SC-106,2026-07-12 10:30:00,82.07,58.77,28.39,60.0
SC-106,2026-07-12 11:00:00,87.88,66.91,23.86,60.0
SC-106,2026-07-12 11:30:00,82.7,60.72,26.58,60.0
SC-106,2026-07-12 12:00:00,74.92,55.77,25.55,60.0
SC-106,2026-07-12 12:30:00,69.83,49.16,29.6,60.0
SC-106,2026-07-12 13:00:00,68.2,48.08,29.5,60.0
SC-106,2026-07-12 13:30:00,71.75,51.58,28.11,60.0
SC-106,2026-07-12 14:00:00,66.83,47.1,29.53,60.0
SC-106,2026-07-12 14:30:00,63.92,45.17,29.33,60.0
SC-106,2026-07-12 15:00:00,57.91,41.84,27.75,60.0
SC-106,2026-07-12 15:30:00,58.95,41.08,30.33,60.0
SC-106,2026-07-12 16:00:00,48.98,36.39,25.7,60.0
SC-106,2026-07-12 16:30:00,41.99,31.17,25.77,60.0
SC-106,2026-07-12 17:00:00,39.18,26.8,31.59,60.0
SC-106,2026-07-12 17:30:00,33.64,24.09,28.39,60.0
SC-106,2026-07-12 18:00:00,30.47,20.22,33.65,60.0
SC-106,2026-07-12 18:30:00,19.09,14.86,22.16,60.0
SC-106,2026-07-12 19:00:00,16.51,13.13,20.47,60.0
SC-106,2026-07-12 19:30:00,13.65,9.91,27.43,60.0
SC-106,2026-07-13 08:00:00,21.33,15.7,26.41,60.0
SC-106,2026-07-13 08:30:00,37.07,27.9,24.73,60.0
SC-106,2026-07-13 09:00:00,51.82,37.22,28.16,60.0
SC-106,2026-07-13 09:30:00,62.83,45.72,27.24,60.0
SC-106,2026-07-13 10:00:00,63.22,44.79,29.15,60.0
SC-106,2026-07-13 10:30:00,74.75,52.85,29.31,60.0
SC-106,2026-07-13 11:00:00,68.91,50.63,26.52,60.0
SC-106,2026-07-13 11:30:00,69.24,50.17,27.55,60.0
SC-106,2026-07-13 12:00:00,71.75,50.85,29.13,60.0
SC-106,2026-07-13 12:30:00,71.24,52.87,25.78,60.0
SC-106,2026-07-13 13:00:00,50.01,38.01,23.99,60.0
SC-106,2026-07-13 13:30:00,65.5,42.85,34.58,60.0
SC-106,2026-07-13 14:00:00,48.36,33.29,31.16,60.0
SC-106,2026-07-13 14:30:00,48.1,38.58,19.78,60.0
SC-106,2026-07-13 15:00:00,43.56,34.12,21.68,60.0
SC-106,2026-07-13 15:30:00,48.1,35.83,25.5,60.0
SC-106,2026-07-13 16:00:00,37.32,29.16,21.86,60.0
SC-106,2026-07-13 16:30:00,36.69,25.76,29.8,60.0
SC-106,2026-07-13 17:00:00,37.29,25.66,31.2,60.0
SC-106,2026-07-13 17:30:00,26.12,19.94,23.68,60.0
SC-106,2026-07-13 18:00:00,22.26,17.16,22.9,60.0
SC-106,2026-07-13 18:30:00,18.05,12.8,29.09,60.0
SC-106,2026-07-13 19:00:00,15.06,10.88,27.73,60.0
SC-106,2026-07-13 19:30:00,12.2,8.65,29.06,60.0
SC-106,2026-07-14 08:00:00,24.42,17.71,27.46,60.0
SC-106,2026-07-14 08:30:00,42.09,28.32,32.73,60.0
SC-106,2026-07-14 09:00:00,46.63,34.6,25.79,60.0
SC-106,2026-07-14 09:30:00,49.16,36.2,26.36,60.0
SC-106,2026-07-14 10:00:00,54.03,39.7,26.52,60.0
SC-106,2026-07-14 10:30:00,63.36,47.0,25.81,60.0
SC-106,2026-07-14 11:00:00,61.73,47.96,22.31,60.0
SC-106,2026-07-14 11:30:00,80.93,50.23,37.93,60.0
SC-106,2026-07-14 12:00:00,58.29,44.93,22.92,60.0
SC-106,2026-07-14 12:30:00,68.12,51.67,24.15,60.0
SC-106,2026-07-14 13:00:00,60.27,43.59,27.67,60.0
SC-106,2026-07-14 13:30:00,51.57,34.7,32.71,60.0
SC-106,2026-07-14 14:00:00,49.03,35.36,27.87,60.0
SC-106,2026-07-14 14:30:00,45.72,31.75,30.56,60.0
SC-106,2026-07-14 15:00:00,44.34,30.18,31.94,60.0
SC-106,2026-07-14 15:30:00,37.62,28.04,25.47,60.0
SC-106,2026-07-14 16:00:00,43.16,29.97,30.56,60.0
SC-106,2026-07-14 16:30:00,40.02,25.69,35.8,60.0
SC-106,2026-07-14 17:00:00,33.92,23.72,30.07,60.0
SC-106,2026-07-14 17:30:00,26.04,19.13,26.55,60.0
SC-106,2026-07-14 18:00:00,21.12,15.67,25.78,60.0
SC-106,2026-07-14 18:30:00,17.9,12.91,27.84,60.0
SC-106,2026-07-14 19:00:00,13.77,9.85,28.44,60.0
SC-106,2026-07-14 19:30:00,9.75,7.35,24.62,60.0
SC-106,2026-07-15 08:00:00,24.08,17.74,26.32,60.0
SC-106,2026-07-15 08:30:00,40.21,30.64,23.79,60.0
SC-106,2026-07-15 09:00:00,51.43,35.97,30.07,60.0
SC-106,2026-07-15 09:30:00,57.68,40.72,29.41,60.0
SC-106,2026-07-15 10:00:00,72.04,52.17,27.58,60.0
SC-106,2026-07-15 10:30:00,68.21,50.59,25.83,60.0
SC-106,2026-07-15 11:00:00,71.16,51.04,28.28,60.0
SC-106,2026-07-15 11:30:00,68.03,45.64,32.92,60.0
SC-106,2026-07-15 12:00:00,72.23,48.95,32.23,60.0
SC-106,2026-07-15 12:30:00,69.07,47.39,31.39,60.0
SC-106,2026-07-15 13:00:00,56.8,43.39,23.6,60.0
SC-106,2026-07-15 13:30:00,56.99,42.66,25.14,60.0
SC-106,2026-07-15 14:00:00,47.37,35.09,25.92,60.0
SC-106,2026-07-15 14:30:00,45.14,32.07,28.97,60.0
SC-106,2026-07-15 15:00:00,46.59,33.06,29.03,60.0
SC-106,2026-07-15 15:30:00,44.5,32.03,28.02,60.0
SC-106,2026-07-15 16:00:00,44.63,29.53,33.83,60.0
SC-106,2026-07-15 16:30:00,34.66,25.59,26.17,60.0
SC-106,2026-07-15 17:00:00,34.07,23.45,31.17,60.0
SC-106,2026-07-15 17:30:00,24.98,19.08,23.64,60.0
SC-106,2026-07-15 18:00:00,23.01,16.98,26.2,60.0
SC-106,2026-07-15 18:30:00,19.15,14.52,24.19,60.0
SC-106,2026-07-15 19:00:00,13.78,10.53,23.59,60.0
SC-106,2026-07-15 19:30:00,11.07,8.19,26.0,60.0
SC-106,2026-07-16 08:00:00,24.77,18.38,25.79,60.0
SC-106,2026-07-16 08:30:00,38.39,27.53,28.28,60.0
SC-106,2026-07-16 09:00:00,50.71,35.95,29.11,60.0
SC-106,2026-07-16 09:30:00,61.08,41.35,32.31,60.0
SC-106,2026-07-16 10:00:00,59.04,43.85,25.73,60.0
SC-106,2026-07-16 10:30:00,65.11,48.69,25.21,60.0
SC-106,2026-07-16 11:00:00,69.11,51.83,25.0,60.0
SC-106,2026-07-16 11:30:00,72.44,51.18,29.35,60.0
SC-106,2026-07-16 12:00:00,79.04,52.72,33.31,60.0
SC-106,2026-07-16 12:30:00,61.86,41.18,33.43,60.0
SC-106,2026-07-16 13:00:00,60.08,46.21,23.08,60.0
SC-106,2026-07-16 13:30:00,67.48,45.83,32.09,60.0
SC-106,2026-07-16 14:00:00,60.48,42.35,29.99,60.0
SC-106,2026-07-16 14:30:00,55.45,40.74,26.53,60.0
SC-106,2026-07-16 15:00:00,46.56,33.52,28.01,60.0
SC-106,2026-07-16 15:30:00,42.78,31.65,26.01,60.0
SC-106,2026-07-16 16:00:00,38.48,27.43,28.72,60.0
SC-106,2026-07-16 16:30:00,42.92,28.45,33.72,60.0
SC-106,2026-07-16 17:00:00,31.81,23.04,27.56,60.0
SC-106,2026-07-16 17:30:00,29.09,20.46,29.65,60.0
SC-106,2026-07-16 18:00:00,23.94,17.29,27.79,60.0
SC-106,2026-07-16 18:30:00,17.68,12.65,28.49,60.0
SC-106,2026-07-16 19:00:00,14.74,10.6,28.08,60.0
SC-106,2026-07-16 19:30:00,12.14,8.13,33.09,60.0
SC-106,2026-07-17 08:00:00,10.97,7.62,30.51,60.0
SC-106,2026-07-17 08:30:00,15.75,11.57,26.55,60.0
SC-106,2026-07-17 09:00:00,23.1,14.56,36.95,60.0
SC-106,2026-07-17 09:30:00,21.3,16.01,24.83,60.0
SC-106,2026-07-17 10:00:00,22.76,16.55,27.3,60.0
SC-106,2026-07-17 10:30:00,29.95,19.36,35.38,60.0
SC-106,2026-07-17 11:00:00,26.41,19.13,27.55,60.0
SC-106,2026-07-17 11:30:00,26.26,19.57,25.49,60.0
SC-106,2026-07-17 12:00:00,31.54,21.54,31.71,60.0
SC-106,2026-07-17 12:30:00,27.74,20.05,27.73,60.0
SC-106,2026-07-17 13:00:00,26.65,18.15,31.88,60.0
SC-106,2026-07-17 13:30:00,22.35,16.44,26.44,60.0
SC-106,2026-07-17 14:00:00,23.59,16.67,29.32,60.0
SC-106,2026-07-17 14:30:00,20.76,15.15,27.03,60.0
SC-106,2026-07-17 15:00:00,21.26,15.14,28.79,60.0
SC-106,2026-07-17 15:30:00,19.88,13.57,31.74,60.0
SC-106,2026-07-17 16:00:00,16.97,11.82,30.38,60.0
SC-106,2026-07-17 16:30:00,15.68,10.69,31.87,60.0
SC-106,2026-07-17 17:00:00,14.18,9.93,30.0,60.0
SC-106,2026-07-17 17:30:00,11.08,8.95,19.23,60.0
SC-106,2026-07-17 18:00:00,10.72,7.61,28.99,60.0
SC-106,2026-07-17 18:30:00,7.85,5.73,27.0,60.0
SC-106,2026-07-17 19:00:00,7.0,4.75,32.21,60.0
SC-106,2026-07-17 19:30:00,5.11,3.91,23.49,60.0
SC-106,2026-07-18 08:00:00,9.65,6.55,32.1,60.0
SC-106,2026-07-18 08:30:00,13.95,9.48,32.01,60.0
SC-106,2026-07-18 09:00:00,16.74,12.25,26.82,60.0
SC-106,2026-07-18 09:30:00,17.55,12.04,31.38,60.0
SC-106,2026-07-18 10:00:00,24.73,16.13,34.75,60.0
SC-106,2026-07-18 10:30:00,25.27,17.12,32.24,60.0
SC-106,2026-07-18 11:00:00,24.6,17.72,27.95,60.0
SC-106,2026-07-18 11:30:00,25.25,18.46,26.89,60.0
SC-106,2026-07-18 12:00:00,24.97,17.07,31.63,60.0
SC-106,2026-07-18 12:30:00,21.35,15.42,27.78,60.0
SC-106,2026-07-18 13:00:00,16.92,12.75,24.63,60.0
SC-106,2026-07-18 13:30:00,20.14,14.56,27.7,60.0
SC-106,2026-07-18 14:00:00,17.65,12.85,27.16,60.0
SC-106,2026-07-18 14:30:00,16.77,12.72,24.14,60.0
SC-106,2026-07-18 15:00:00,16.25,11.56,28.86,60.0
SC-106,2026-07-18 15:30:00,14.25,10.09,29.16,60.0
SC-106,2026-07-18 16:00:00,13.6,9.44,30.58,60.0
SC-106,2026-07-18 16:30:00,14.65,9.55,34.84,60.0
SC-106,2026-07-18 17:00:00,12.4,8.32,32.91,60.0
SC-106,2026-07-18 17:30:00,9.02,7.05,21.93,60.0
SC-106,2026-07-18 18:00:00,8.78,6.14,30.06,60.0
SC-106,2026-07-18 18:30:00,7.71,5.51,28.51,60.0
SC-106,2026-07-18 19:00:00,5.5,3.99,27.41,60.0
SC-106,2026-07-18 19:30:00,3.8,2.65,30.32,60.0
SC-106,2026-07-19 08:00:00,26.61,18.75,29.53,60.0
SC-106,2026-07-19 08:30:00,47.27,32.86,30.49,60.0
SC-106,2026-07-19 09:00:00,48.91,34.42,29.63,60.0
SC-106,2026-07-19 09:30:00,59.56,40.26,32.4,60.0
SC-106,2026-07-19 10:00:00,70.59,52.88,25.09,60.0
SC-106,2026-07-19 10:30:00,71.0,49.48,30.31,60.0
SC-106,2026-07-19 11:00:00,83.13,57.69,30.61,60.0
SC-106,2026-07-19 11:30:00,81.48,57.86,28.99,60.0
SC-106,2026-07-19 12:00:00,80.59,57.46,28.7,60.0
SC-106,2026-07-19 12:30:00,78.2,54.68,30.08,60.0
SC-106,2026-07-19 13:00:00,67.31,48.62,27.77,60.0
SC-106,2026-07-19 13:30:00,59.35,44.16,25.59,60.0
SC-106,2026-07-19 14:00:00,59.68,42.57,28.66,60.0
SC-106,2026-07-19 14:30:00,53.86,39.7,26.28,60.0
SC-106,2026-07-19 15:00:00,49.44,36.43,26.33,60.0
SC-106,2026-07-19 15:30:00,40.34,32.64,19.1,60.0
SC-106,2026-07-19 16:00:00,39.31,30.27,22.99,60.0
SC-106,2026-07-19 16:30:00,37.36,27.86,25.42,60.0
SC-106,2026-07-19 17:00:00,36.88,25.15,31.81,60.0
SC-106,2026-07-19 17:30:00,29.88,20.99,29.75,60.0
SC-106,2026-07-19 18:00:00,25.27,18.64,26.22,60.0
SC-106,2026-07-19 18:30:00,23.01,14.59,36.59,60.0
SC-106,2026-07-19 19:00:00,13.63,10.68,21.63,60.0
SC-106,2026-07-19 19:30:00,13.84,9.56,30.97,60.0
SC-106,2026-07-20 08:00:00,27.48,19.9,27.57,60.0
SC-106,2026-07-20 08:30:00,50.21,33.68,32.93,60.0
SC-106,2026-07-20 09:00:00,49.41,35.89,27.36,60.0
SC-106,2026-07-20 09:30:00,52.12,39.45,24.32,60.0
SC-106,2026-07-20 10:00:00,73.13,56.05,23.36,60.0
SC-106,2026-07-20 10:30:00,73.62,53.43,27.43,60.0
SC-106,2026-07-20 11:00:00,81.98,59.71,27.16,60.0
SC-106,2026-07-20 11:30:00,70.3,50.04,28.83,60.0
SC-106,2026-07-20 12:00:00,70.44,49.86,29.22,60.0
SC-106,2026-07-20 12:30:00,61.58,44.32,28.03,60.0
SC-106,2026-07-20 13:00:00,63.77,46.84,26.56,60.0
SC-106,2026-07-20 13:30:00,53.16,39.87,25.01,60.0
SC-106,2026-07-20 14:00:00,54.7,41.4,24.31,60.0
SC-106,2026-07-20 14:30:00,51.89,38.53,25.74,60.0
SC-106,2026-07-20 15:00:00,50.2,36.63,27.04,60.0
SC-106,2026-07-20 15:30:00,45.19,33.46,25.95,60.0
SC-106,2026-07-20 16:00:00,38.97,29.2,25.08,60.0
SC-106,2026-07-20 16:30:00,40.64,28.45,29.99,60.0
SC-106,2026-07-20 17:00:00,33.53,24.55,26.77,60.0
SC-106,2026-07-20 17:30:00,28.07,21.4,23.75,60.0
SC-106,2026-07-20 18:00:00,24.61,17.32,29.62,60.0
SC-106,2026-07-20 18:30:00,20.87,13.83,33.74,60.0
SC-106,2026-07-20 19:00:00,16.44,12.29,25.23,60.0
SC-106,2026-07-20 19:30:00,10.94,8.56,21.79,60.0
SC-106,2026-07-21 08:00:00,24.23,18.75,22.63,60.0
SC-106,2026-07-21 08:30:00,43.83,31.06,29.14,60.0
SC-106,2026-07-21 09:00:00,50.57,36.31,28.19,60.0
SC-106,2026-07-21 09:30:00,62.78,44.37,29.32,60.0
SC-106,2026-07-21 10:00:00,55.63,45.99,17.33,60.0
SC-106,2026-07-21 10:30:00,73.54,54.68,25.65,60.0
SC-106,2026-07-21 11:00:00,71.46,52.63,26.35,60.0
SC-106,2026-07-21 11:30:00,72.43,52.22,27.9,60.0
SC-106,2026-07-21 12:00:00,79.29,54.39,31.4,60.0
SC-106,2026-07-21 12:30:00,60.32,44.67,25.94,60.0
SC-106,2026-07-21 13:00:00,60.02,44.83,25.3,60.0
SC-106,2026-07-21 13:30:00,60.22,43.77,27.31,60.0
SC-106,2026-07-21 14:00:00,52.55,36.81,29.96,60.0
SC-106,2026-07-21 14:30:00,49.93,36.47,26.95,60.0
SC-106,2026-07-21 15:00:00,51.03,37.09,27.31,60.0
SC-106,2026-07-21 15:30:00,54.76,35.6,34.99,60.0
SC-106,2026-07-21 16:00:00,40.94,28.64,30.06,60.0
SC-106,2026-07-21 16:30:00,34.09,23.28,31.72,60.0
SC-106,2026-07-21 17:00:00,33.1,25.58,22.73,60.0
SC-106,2026-07-21 17:30:00,30.5,21.21,30.47,60.0
SC-106,2026-07-21 18:00:00,24.21,17.4,28.14,60.0
SC-106,2026-07-21 18:30:00,21.98,15.23,30.71,60.0
SC-106,2026-07-21 19:00:00,15.45,11.31,26.79,60.0
SC-106,2026-07-21 19:30:00,12.42,8.62,30.63,60.0
SC-106,2026-07-22 08:00:00,24.87,18.1,27.23,60.0
SC-106,2026-07-22 08:30:00,47.41,32.26,31.95,60.0
SC-106,2026-07-22 09:00:00,49.93,35.02,29.85,60.0
SC-106,2026-07-22 09:30:00,64.78,48.28,25.46,60.0
SC-106,2026-07-22 10:00:00,66.03,49.99,24.29,60.0
SC-106,2026-07-22 10:30:00,76.07,53.14,30.15,60.0
SC-106,2026-07-22 11:00:00,74.05,54.13,26.89,60.0
SC-106,2026-07-22 11:30:00,74.12,52.01,29.83,60.0
SC-106,2026-07-22 12:00:00,77.5,51.16,33.99,60.0
SC-106,2026-07-22 12:30:00,74.03,50.25,32.12,60.0
SC-106,2026-07-22 13:00:00,71.91,51.06,28.99,60.0
SC-106,2026-07-22 13:30:00,59.57,41.87,29.72,60.0
SC-106,2026-07-22 14:00:00,60.92,44.7,26.62,60.0
SC-106,2026-07-22 14:30:00,49.55,39.4,20.49,60.0
SC-106,2026-07-22 15:00:00,45.89,32.45,29.29,60.0
SC-106,2026-07-22 15:30:00,47.23,32.13,31.97,60.0
SC-106,2026-07-22 16:00:00,37.98,28.56,24.8,60.0
SC-106,2026-07-22 16:30:00,33.62,27.01,19.68,60.0
SC-106,2026-07-22 17:00:00,36.51,24.68,32.41,60.0
SC-106,2026-07-22 17:30:00,28.17,21.11,25.04,60.0
SC-106,2026-07-22 18:00:00,21.46,15.07,29.78,60.0
SC-106,2026-07-22 18:30:00,20.39,14.04,31.15,60.0
SC-106,2026-07-22 19:00:00,13.76,10.45,24.06,60.0
SC-106,2026-07-22 19:30:00,12.6,8.93,29.13,60.0
SC-106,2026-07-23 08:00:00,25.77,18.79,27.1,60.0
SC-106,2026-07-23 08:30:00,37.59,26.8,28.69,60.0
SC-106,2026-07-23 09:00:00,49.86,35.93,27.94,60.0
SC-106,2026-07-23 09:30:00,61.86,42.76,30.88,60.0
SC-106,2026-07-23 10:00:00,68.18,50.09,26.53,60.0
SC-106,2026-07-23 10:30:00,62.22,47.85,23.09,60.0
SC-106,2026-07-23 11:00:00,71.34,53.34,25.24,60.0
SC-106,2026-07-23 11:30:00,76.94,51.85,32.62,60.0
SC-106,2026-07-23 12:00:00,68.87,54.41,21.0,60.0
SC-106,2026-07-23 12:30:00,58.9,43.16,26.72,60.0
SC-106,2026-07-23 13:00:00,58.49,42.01,28.18,60.0
SC-106,2026-07-23 13:30:00,55.01,40.87,25.7,60.0
SC-106,2026-07-23 14:00:00,55.58,40.39,27.32,60.0
SC-106,2026-07-23 14:30:00,50.0,35.2,29.61,60.0
SC-106,2026-07-23 15:00:00,54.37,38.39,29.38,60.0
SC-106,2026-07-23 15:30:00,51.55,37.11,28.01,60.0
SC-106,2026-07-23 16:00:00,39.15,29.54,24.54,60.0
SC-106,2026-07-23 16:30:00,39.87,27.08,32.09,60.0
SC-106,2026-07-23 17:00:00,35.25,24.07,31.72,60.0
SC-106,2026-07-23 17:30:00,29.92,20.77,30.59,60.0
SC-106,2026-07-23 18:00:00,25.24,17.46,30.8,60.0
SC-106,2026-07-23 18:30:00,22.12,15.95,27.89,60.0
SC-106,2026-07-23 19:00:00,16.58,11.85,28.53,60.0
SC-106,2026-07-23 19:30:00,10.8,8.12,24.81,60.0
SC-106,2026-07-24 08:00:00,10.96,7.41,32.4,60.0
SC-106,2026-07-24 08:30:00,16.67,12.11,27.39,60.0
SC-106,2026-07-24 09:00:00,22.26,15.81,28.98,60.0
SC-106,2026-07-24 09:30:00,25.47,17.95,29.53,60.0
SC-106,2026-07-24 10:00:00,31.32,21.11,32.59,60.0
SC-106,2026-07-24 10:30:00,31.06,20.35,34.47,60.0
SC-106,2026-07-24 11:00:00,28.75,20.72,27.94,60.0
SC-106,2026-07-24 11:30:00,27.94,20.37,27.11,60.0
SC-106,2026-07-24 12:00:00,29.54,20.43,30.86,60.0
SC-106,2026-07-24 12:30:00,23.47,17.08,27.2,60.0
SC-106,2026-07-24 13:00:00,26.18,19.2,26.67,60.0
SC-106,2026-07-24 13:30:00,25.57,17.28,32.43,60.0
SC-106,2026-07-24 14:00:00,21.03,15.96,24.1,60.0
SC-106,2026-07-24 14:30:00,23.56,17.33,26.46,60.0
SC-106,2026-07-24 15:00:00,22.39,15.4,31.25,60.0
SC-106,2026-07-24 15:30:00,17.6,11.29,35.84,60.0
SC-106,2026-07-24 16:00:00,17.18,12.63,26.46,60.0
SC-106,2026-07-24 16:30:00,14.9,11.18,24.97,60.0
SC-106,2026-07-24 17:00:00,14.1,9.76,30.76,60.0
SC-106,2026-07-24 17:30:00,12.22,8.86,27.52,60.0
SC-106,2026-07-24 18:00:00,8.88,6.75,24.04,60.0
SC-106,2026-07-24 18:30:00,8.76,6.09,30.41,60.0
SC-106,2026-07-24 19:00:00,6.54,4.6,29.7,60.0
SC-106,2026-07-24 19:30:00,5.18,3.88,24.94,60.0
SC-106,2026-07-25 08:00:00,9.22,6.25,32.13,60.0
SC-106,2026-07-25 08:30:00,14.73,9.81,33.41,60.0
SC-106,2026-07-25 09:00:00,15.26,10.96,28.19,60.0
SC-106,2026-07-25 09:30:00,19.92,13.86,30.41,60.0
SC-106,2026-07-25 10:00:00,20.69,15.08,27.1,60.0
SC-106,2026-07-25 10:30:00,23.97,16.42,31.51,60.0
SC-106,2026-07-25 11:00:00,23.07,17.21,25.4,60.0
SC-106,2026-07-25 11:30:00,22.46,16.28,27.49,60.0
SC-106,2026-07-25 12:00:00,22.7,16.18,28.73,60.0
SC-106,2026-07-25 12:30:00,22.64,15.66,30.83,60.0
SC-106,2026-07-25 13:00:00,19.37,13.96,27.9,60.0
SC-106,2026-07-25 13:30:00,17.53,12.21,30.36,60.0
SC-106,2026-07-25 14:00:00,18.15,13.31,26.71,60.0
SC-106,2026-07-25 14:30:00,20.78,13.39,35.55,60.0
SC-106,2026-07-25 15:00:00,15.35,10.86,29.27,60.0
SC-106,2026-07-25 15:30:00,15.1,9.64,36.18,60.0
SC-106,2026-07-25 16:00:00,14.7,10.4,29.23,60.0
SC-106,2026-07-25 16:30:00,11.88,9.04,23.88,60.0
SC-106,2026-07-25 17:00:00,11.09,7.99,27.9,60.0
SC-106,2026-07-25 17:30:00,9.08,6.93,23.76,60.0
SC-106,2026-07-25 18:00:00,7.34,5.55,24.39,60.0
SC-106,2026-07-25 18:30:00,6.02,4.63,23.04,60.0
SC-106,2026-07-25 19:00:00,5.22,3.66,29.76,60.0
SC-106,2026-07-25 19:30:00,3.95,3.06,22.56,60.0
SC-106,2026-07-26 08:00:00,25.51,18.77,26.42,60.0
SC-106,2026-07-26 08:30:00,38.56,27.55,28.54,60.0
SC-106,2026-07-26 09:00:00,58.04,34.72,40.17,60.0
SC-106,2026-07-26 09:30:00,56.52,41.29,26.94,60.0
SC-106,2026-07-26 10:00:00,63.61,46.0,27.69,60.0
SC-106,2026-07-26 10:30:00,64.58,47.68,26.16,60.0
SC-106,2026-07-26 11:00:00,64.61,45.23,29.99,60.0
SC-106,2026-07-26 11:30:00,57.86,44.67,22.8,60.0
SC-106,2026-07-26 12:00:00,65.84,48.45,26.42,60.0
SC-106,2026-07-26 12:30:00,63.43,43.82,30.91,60.0
SC-106,2026-07-26 13:00:00,54.76,38.87,29.01,60.0
SC-106,2026-07-26 13:30:00,55.64,38.7,30.45,60.0
SC-106,2026-07-26 14:00:00,50.05,35.24,29.6,60.0
SC-106,2026-07-26 14:30:00,51.96,37.67,27.5,60.0
SC-106,2026-07-26 15:00:00,42.19,30.98,26.58,60.0
SC-106,2026-07-26 15:30:00,40.43,28.45,29.64,60.0
SC-106,2026-07-26 16:00:00,40.3,30.23,25.0,60.0
SC-106,2026-07-26 16:30:00,34.09,24.18,29.05,60.0
SC-106,2026-07-26 17:00:00,29.26,22.26,23.92,60.0
SC-106,2026-07-26 17:30:00,28.13,20.39,27.5,60.0
SC-106,2026-07-26 18:00:00,23.52,16.82,28.49,60.0
SC-106,2026-07-26 18:30:00,18.54,12.5,32.57,60.0
SC-106,2026-07-26 19:00:00,15.68,11.74,25.18,60.0
SC-106,2026-07-26 19:30:00,12.09,8.14,32.72,60.0
SC-106,2026-07-27 08:00:00,25.34,18.76,25.94,60.0
SC-106,2026-07-27 08:30:00,41.89,26.75,36.15,60.0
SC-106,2026-07-27 09:00:00,50.05,36.15,27.76,60.0
SC-106,2026-07-27 09:30:00,49.04,35.05,28.51,60.0
SC-106,2026-07-27 10:00:00,70.06,46.97,32.96,60.0
SC-106,2026-07-27 10:30:00,62.75,44.11,29.71,60.0
SC-106,2026-07-27 11:00:00,66.97,49.72,25.76,60.0
SC-106,2026-07-27 11:30:00,68.64,46.16,32.75,60.0
SC-106,2026-07-27 12:00:00,58.04,41.34,28.77,60.0
SC-106,2026-07-27 12:30:00,57.44,40.81,28.95,60.0
SC-106,2026-07-27 13:00:00,59.67,42.7,28.44,60.0
SC-106,2026-07-27 13:30:00,54.66,41.07,24.86,60.0
SC-106,2026-07-27 14:00:00,51.09,35.15,31.2,60.0
SC-106,2026-07-27 14:30:00,49.15,37.0,24.72,60.0
SC-106,2026-07-27 15:00:00,44.02,31.67,28.06,60.0
SC-106,2026-07-27 15:30:00,44.35,32.61,26.46,60.0
SC-106,2026-07-27 16:00:00,44.95,31.88,29.08,60.0
SC-106,2026-07-27 16:30:00,33.86,25.69,24.14,60.0
SC-106,2026-07-27 17:00:00,27.63,19.45,29.62,60.0
SC-106,2026-07-27 17:30:00,27.95,19.63,29.78,60.0
SC-106,2026-07-27 18:00:00,26.58,17.46,34.33,60.0
SC-106,2026-07-27 18:30:00,20.0,13.34,33.29,60.0
SC-106,2026-07-27 19:00:00,13.25,9.72,26.66,60.0
SC-106,2026-07-27 19:30:00,10.96,7.87,28.2,60.0
SC-107,2026-06-30 08:00:00,12.97,9.69,25.31,90.0
SC-107,2026-06-30 08:30:00,21.53,14.27,33.73,90.0
SC-107,2026-06-30 09:00:00,21.67,15.79,27.16,90.0
SC-107,2026-06-30 09:30:00,28.44,20.6,27.55,90.0
SC-107,2026-06-30 10:00:00,34.69,24.49,29.39,90.0
SC-107,2026-06-30 10:30:00,34.04,25.54,24.99,90.0
SC-107,2026-06-30 11:00:00,37.27,25.55,31.47,90.0
SC-107,2026-06-30 11:30:00,33.53,24.18,27.89,90.0
SC-107,2026-06-30 12:00:00,40.85,29.79,27.07,90.0
SC-107,2026-06-30 12:30:00,35.52,25.99,26.85,90.0
SC-107,2026-06-30 13:00:00,33.75,23.59,30.1,90.0
SC-107,2026-06-30 13:30:00,30.72,22.27,27.5,90.0
SC-107,2026-06-30 14:00:00,25.59,20.41,20.23,90.0
SC-107,2026-06-30 14:30:00,28.62,19.96,30.25,90.0
SC-107,2026-06-30 15:00:00,26.27,18.38,30.04,90.0
SC-107,2026-06-30 15:30:00,24.13,17.82,26.16,90.0
SC-107,2026-06-30 16:00:00,21.12,15.08,28.62,90.0
SC-107,2026-06-30 16:30:00,19.18,12.69,33.83,90.0
SC-107,2026-07-01 08:00:00,15.61,10.86,30.42,90.0
SC-107,2026-07-01 08:30:00,18.72,14.91,20.33,90.0
SC-107,2026-07-01 09:00:00,28.58,19.48,31.83,90.0
SC-107,2026-07-01 09:30:00,31.49,21.47,31.83,90.0
SC-107,2026-07-01 10:00:00,39.51,25.73,34.88,90.0
SC-107,2026-07-01 10:30:00,39.1,27.22,30.37,90.0
SC-107,2026-07-01 11:00:00,34.05,26.3,22.76,90.0
SC-107,2026-07-01 11:30:00,35.34,26.62,24.69,90.0
SC-107,2026-07-01 12:00:00,34.07,25.8,24.28,90.0
SC-107,2026-07-01 12:30:00,31.89,22.41,29.74,90.0
SC-107,2026-07-01 13:00:00,32.03,24.38,23.87,90.0
SC-107,2026-07-01 13:30:00,33.55,22.31,33.49,90.0
SC-107,2026-07-01 14:00:00,27.55,21.28,22.74,90.0
SC-107,2026-07-01 14:30:00,27.65,20.06,27.46,90.0
SC-107,2026-07-01 15:00:00,27.08,19.22,29.05,90.0
SC-107,2026-07-01 15:30:00,24.75,18.83,23.94,90.0
SC-107,2026-07-01 16:00:00,23.5,16.94,27.92,90.0
SC-107,2026-07-01 16:30:00,18.07,13.82,23.48,90.0
SC-107,2026-07-02 08:00:00,14.45,10.38,28.17,90.0
SC-107,2026-07-02 08:30:00,20.05,14.4,28.17,90.0
SC-107,2026-07-02 09:00:00,26.39,19.1,27.62,90.0
SC-107,2026-07-02 09:30:00,28.82,21.32,26.02,90.0
SC-107,2026-07-02 10:00:00,31.02,21.5,30.71,90.0
SC-107,2026-07-02 10:30:00,35.15,26.32,25.12,90.0
SC-107,2026-07-02 11:00:00,40.79,28.62,29.84,90.0
SC-107,2026-07-02 11:30:00,36.36,24.56,32.45,90.0
SC-107,2026-07-02 12:00:00,33.47,24.09,28.02,90.0
SC-107,2026-07-02 12:30:00,30.35,22.8,24.86,90.0
SC-107,2026-07-02 13:00:00,33.89,23.88,29.53,90.0
SC-107,2026-07-02 13:30:00,29.97,22.55,24.76,90.0
SC-107,2026-07-02 14:00:00,28.57,20.66,27.67,90.0
SC-107,2026-07-02 14:30:00,28.27,19.83,29.86,90.0
SC-107,2026-07-02 15:00:00,22.29,17.05,23.51,90.0
SC-107,2026-07-02 15:30:00,25.78,17.41,32.46,90.0
SC-107,2026-07-02 16:00:00,20.47,13.78,32.7,90.0
SC-107,2026-07-02 16:30:00,19.24,14.3,25.69,90.0
SC-107,2026-07-03 08:00:00,6.69,5.03,24.74,90.0
SC-107,2026-07-03 08:30:00,9.72,7.28,25.13,90.0
SC-107,2026-07-03 09:00:00,12.95,8.57,33.83,90.0
SC-107,2026-07-03 09:30:00,13.59,10.17,25.21,90.0
SC-107,2026-07-03 10:00:00,14.81,10.7,27.75,90.0
SC-107,2026-07-03 10:30:00,15.84,11.31,28.61,90.0
SC-107,2026-07-03 11:00:00,17.72,11.71,33.91,90.0
SC-107,2026-07-03 11:30:00,14.39,10.52,26.88,90.0
SC-107,2026-07-03 12:00:00,14.23,10.53,26.02,90.0
SC-107,2026-07-03 12:30:00,14.29,10.75,24.73,90.0
SC-107,2026-07-03 13:00:00,13.23,9.23,30.28,90.0
SC-107,2026-07-03 13:30:00,12.54,8.72,30.46,90.0
SC-107,2026-07-03 14:00:00,14.12,9.54,32.45,90.0
SC-107,2026-07-03 14:30:00,11.94,8.38,29.81,90.0
SC-107,2026-07-03 15:00:00,12.86,8.36,34.94,90.0
SC-107,2026-07-03 15:30:00,11.71,7.9,32.47,90.0
SC-107,2026-07-03 16:00:00,11.24,8.0,28.83,90.0
SC-107,2026-07-03 16:30:00,8.3,6.37,23.22,90.0
SC-107,2026-07-04 08:00:00,5.97,4.26,28.57,90.0
SC-107,2026-07-04 08:30:00,8.78,6.08,30.72,90.0
SC-107,2026-07-04 09:00:00,10.83,7.87,27.29,90.0
SC-107,2026-07-04 09:30:00,11.01,8.3,24.63,90.0
SC-107,2026-07-04 10:00:00,14.37,10.45,27.31,90.0
SC-107,2026-07-04 10:30:00,14.26,10.16,28.76,90.0
SC-107,2026-07-04 11:00:00,12.77,9.3,27.17,90.0
SC-107,2026-07-04 11:30:00,13.66,9.11,33.31,90.0
SC-107,2026-07-04 12:00:00,11.34,8.94,21.14,90.0
SC-107,2026-07-04 12:30:00,13.17,10.1,23.32,90.0
SC-107,2026-07-04 13:00:00,12.91,8.89,31.09,90.0
SC-107,2026-07-04 13:30:00,11.51,8.15,29.17,90.0
SC-107,2026-07-04 14:00:00,10.1,7.55,25.27,90.0
SC-107,2026-07-04 14:30:00,9.76,6.9,29.33,90.0
SC-107,2026-07-04 15:00:00,10.35,7.07,31.72,90.0
SC-107,2026-07-04 15:30:00,9.2,6.91,24.9,90.0
SC-107,2026-07-04 16:00:00,8.82,6.59,25.3,90.0
SC-107,2026-07-04 16:30:00,8.38,5.77,31.13,90.0
SC-107,2026-07-05 08:00:00,16.7,11.89,28.81,90.0
SC-107,2026-07-05 08:30:00,25.79,17.88,30.65,90.0
SC-107,2026-07-05 09:00:00,31.65,21.81,31.08,90.0
SC-107,2026-07-05 09:30:00,32.97,24.21,26.59,90.0
SC-107,2026-07-05 10:00:00,36.89,28.15,23.68,90.0
SC-107,2026-07-05 10:30:00,40.98,29.95,26.92,90.0
SC-107,2026-07-05 11:00:00,43.21,31.67,26.71,90.0
SC-107,2026-07-05 11:30:00,40.89,33.38,18.37,90.0
SC-107,2026-07-05 12:00:00,42.17,29.78,29.39,90.0
SC-107,2026-07-05 12:30:00,41.55,28.89,30.48,90.0
SC-107,2026-07-05 13:00:00,35.96,26.37,26.67,90.0
SC-107,2026-07-05 13:30:00,32.86,23.13,29.62,90.0
SC-107,2026-07-05 14:00:00,32.6,23.14,29.0,90.0
SC-107,2026-07-05 14:30:00,35.24,24.07,31.69,90.0
SC-107,2026-07-05 15:00:00,27.93,21.95,21.4,90.0
SC-107,2026-07-05 15:30:00,24.82,18.87,23.95,90.0
SC-107,2026-07-05 16:00:00,22.56,15.93,29.41,90.0
SC-107,2026-07-05 16:30:00,23.13,16.73,27.65,90.0
SC-107,2026-07-06 08:00:00,15.77,10.89,30.91,90.0
SC-107,2026-07-06 08:30:00,21.97,15.85,27.85,90.0
SC-107,2026-07-06 09:00:00,25.3,20.26,19.94,90.0
SC-107,2026-07-06 09:30:00,35.44,23.63,33.32,90.0
SC-107,2026-07-06 10:00:00,36.2,26.28,27.39,90.0
SC-107,2026-07-06 10:30:00,36.58,25.83,29.37,90.0
SC-107,2026-07-06 11:00:00,38.09,29.03,23.78,90.0
SC-107,2026-07-06 11:30:00,38.53,28.19,26.83,90.0
SC-107,2026-07-06 12:00:00,35.02,26.67,23.84,90.0
SC-107,2026-07-06 12:30:00,34.12,24.89,27.04,90.0
SC-107,2026-07-06 13:00:00,35.57,24.7,30.56,90.0
SC-107,2026-07-06 13:30:00,29.79,22.73,23.72,90.0
SC-107,2026-07-06 14:00:00,26.61,20.01,24.83,90.0
SC-107,2026-07-06 14:30:00,28.29,20.0,29.29,90.0
SC-107,2026-07-06 15:00:00,28.04,19.51,30.44,90.0
SC-107,2026-07-06 15:30:00,26.88,18.11,32.65,90.0
SC-107,2026-07-06 16:00:00,24.91,17.27,30.69,90.0
SC-107,2026-07-06 16:30:00,19.08,15.04,21.17,90.0
SC-107,2026-07-07 08:00:00,14.2,10.17,28.42,90.0
SC-107,2026-07-07 08:30:00,20.57,15.69,23.75,90.0
SC-107,2026-07-07 09:00:00,21.67,15.25,29.62,90.0
SC-107,2026-07-07 09:30:00,30.55,21.8,28.66,90.0
SC-107,2026-07-07 10:00:00,36.26,24.54,32.31,90.0
SC-107,2026-07-07 10:30:00,35.52,23.41,34.08,90.0
SC-107,2026-07-07 11:00:00,34.47,26.34,23.57,90.0
SC-107,2026-07-07 11:30:00,36.05,26.44,26.66,90.0
SC-107,2026-07-07 12:00:00,32.03,23.7,26.0,90.0
SC-107,2026-07-07 12:30:00,30.83,21.53,30.15,90.0
SC-107,2026-07-07 13:00:00,28.69,20.4,28.91,90.0
SC-107,2026-07-07 13:30:00,25.45,19.69,22.62,90.0
SC-107,2026-07-07 14:00:00,26.7,19.32,27.65,90.0
SC-107,2026-07-07 14:30:00,29.55,20.12,31.93,90.0
SC-107,2026-07-07 15:00:00,21.58,16.47,23.69,90.0
SC-107,2026-07-07 15:30:00,23.71,16.74,29.37,90.0
SC-107,2026-07-07 16:00:00,20.48,15.51,24.27,90.0
SC-107,2026-07-07 16:30:00,18.9,13.59,28.11,90.0
SC-107,2026-07-08 08:00:00,13.72,9.85,28.18,90.0
SC-107,2026-07-08 08:30:00,21.77,16.92,22.29,90.0
SC-107,2026-07-08 09:00:00,23.28,19.0,18.35,90.0
SC-107,2026-07-08 09:30:00,28.73,21.04,26.78,90.0
SC-107,2026-07-08 10:00:00,32.11,24.71,23.03,90.0
SC-107,2026-07-08 10:30:00,35.09,26.65,24.07,90.0
SC-107,2026-07-08 11:00:00,34.61,25.04,27.65,90.0
SC-107,2026-07-08 11:30:00,37.1,26.28,29.17,90.0
SC-107,2026-07-08 12:00:00,40.96,28.53,30.35,90.0
SC-107,2026-07-08 12:30:00,31.07,22.71,26.91,90.0
SC-107,2026-07-08 13:00:00,28.14,22.68,19.4,90.0
SC-107,2026-07-08 13:30:00,33.97,23.71,30.2,90.0
SC-107,2026-07-08 14:00:00,30.43,22.15,27.21,90.0
SC-107,2026-07-08 14:30:00,23.88,16.84,29.5,90.0
SC-107,2026-07-08 15:00:00,23.03,16.7,27.48,90.0
SC-107,2026-07-08 15:30:00,25.41,17.17,32.42,90.0
SC-107,2026-07-08 16:00:00,21.12,15.64,25.94,90.0
SC-107,2026-07-08 16:30:00,20.44,14.35,29.79,90.0
SC-107,2026-07-09 08:00:00,14.26,9.75,31.6,90.0
SC-107,2026-07-09 08:30:00,19.44,14.24,26.72,90.0
SC-107,2026-07-09 09:00:00,22.03,15.83,28.14,90.0
SC-107,2026-07-09 09:30:00,25.66,19.71,23.2,90.0
SC-107,2026-07-09 10:00:00,32.2,22.19,31.07,90.0
SC-107,2026-07-09 10:30:00,32.71,24.7,24.49,90.0
SC-107,2026-07-09 11:00:00,31.32,23.79,24.03,90.0
SC-107,2026-07-09 11:30:00,32.26,24.66,23.57,90.0
SC-107,2026-07-09 12:00:00,31.71,21.77,31.33,90.0
SC-107,2026-07-09 12:30:00,33.58,21.98,34.55,90.0
SC-107,2026-07-09 13:00:00,32.58,22.35,31.4,90.0
SC-107,2026-07-09 13:30:00,26.62,19.31,27.47,90.0
SC-107,2026-07-09 14:00:00,29.65,20.91,29.47,90.0
SC-107,2026-07-09 14:30:00,23.54,16.98,27.89,90.0
SC-107,2026-07-09 15:00:00,22.57,16.99,24.7,90.0
SC-107,2026-07-09 15:30:00,23.19,17.52,24.45,90.0
SC-107,2026-07-09 16:00:00,24.66,17.38,29.5,90.0
SC-107,2026-07-09 16:30:00,18.0,13.99,22.27,90.0
SC-107,2026-07-10 08:00:00,7.19,5.16,28.26,90.0
SC-107,2026-07-10 08:30:00,10.03,7.06,29.59,90.0
SC-107,2026-07-10 09:00:00,11.05,8.32,24.77,90.0
SC-107,2026-07-10 09:30:00,13.0,10.04,22.76,90.0
SC-107,2026-07-10 10:00:00,14.87,11.24,24.42,90.0
SC-107,2026-07-10 10:30:00,16.38,12.06,26.42,90.0
SC-107,2026-07-10 11:00:00,17.27,12.05,30.2,90.0
SC-107,2026-07-10 11:30:00,17.12,12.05,29.65,90.0
SC-107,2026-07-10 12:00:00,16.8,12.32,26.69,90.0
SC-107,2026-07-10 12:30:00,15.4,11.73,23.85,90.0
SC-107,2026-07-10 13:00:00,16.11,11.42,29.07,90.0
SC-107,2026-07-10 13:30:00,12.27,9.98,18.7,90.0
SC-107,2026-07-10 14:00:00,14.89,10.92,26.67,90.0
SC-107,2026-07-10 14:30:00,12.01,9.2,23.42,90.0
SC-107,2026-07-10 15:00:00,13.25,8.68,34.5,90.0
SC-107,2026-07-10 15:30:00,12.15,9.02,25.74,90.0
SC-107,2026-07-10 16:00:00,11.31,7.86,30.48,90.0
SC-107,2026-07-10 16:30:00,9.22,6.76,26.68,90.0
SC-107,2026-07-11 08:00:00,5.7,4.08,28.33,90.0
SC-107,2026-07-11 08:30:00,7.75,5.89,24.02,90.0
SC-107,2026-07-11 09:00:00,9.65,7.02,27.29,90.0
SC-107,2026-07-11 09:30:00,12.01,7.68,36.02,90.0
SC-107,2026-07-11 10:00:00,10.59,8.26,22.02,90.0
SC-107,2026-07-11 10:30:00,12.62,8.87,29.68,90.0
SC-107,2026-07-11 11:00:00,11.66,8.64,25.88,90.0
SC-107,2026-07-11 11:30:00,12.65,9.41,25.64,90.0
SC-107,2026-07-11 12:00:00,13.07,9.09,30.5,90.0
SC-107,2026-07-11 12:30:00,11.26,8.2,27.21,90.0
SC-107,2026-07-11 13:00:00,12.01,8.65,28.02,90.0
SC-107,2026-07-11 13:30:00,11.75,8.22,30.03,90.0
SC-107,2026-07-11 14:00:00,10.85,7.44,31.39,90.0
SC-107,2026-07-11 14:30:00,10.64,7.26,31.76,90.0
SC-107,2026-07-11 15:00:00,9.05,6.27,30.78,90.0
SC-107,2026-07-11 15:30:00,9.52,6.35,33.29,90.0
SC-107,2026-07-11 16:00:00,8.45,6.08,28.01,90.0
SC-107,2026-07-11 16:30:00,7.22,5.32,26.29,90.0
SC-107,2026-07-12 08:00:00,14.59,10.54,27.75,90.0
SC-107,2026-07-12 08:30:00,25.21,17.44,30.81,90.0
SC-107,2026-07-12 09:00:00,25.41,19.41,23.62,90.0
SC-107,2026-07-12 09:30:00,31.61,20.25,35.94,90.0
SC-107,2026-07-12 10:00:00,40.61,29.16,28.19,90.0
SC-107,2026-07-12 10:30:00,37.38,25.59,31.54,90.0
SC-107,2026-07-12 11:00:00,38.74,28.47,26.5,90.0
SC-107,2026-07-12 11:30:00,32.02,23.97,25.13,90.0
SC-107,2026-07-12 12:00:00,38.46,28.38,26.2,90.0
SC-107,2026-07-12 12:30:00,33.16,25.65,22.66,90.0
SC-107,2026-07-12 13:00:00,31.68,22.94,27.6,90.0
SC-107,2026-07-12 13:30:00,34.42,24.13,29.9,90.0
SC-107,2026-07-12 14:00:00,29.68,21.27,28.33,90.0
SC-107,2026-07-12 14:30:00,31.74,22.15,30.22,90.0
SC-107,2026-07-12 15:00:00,27.76,19.85,28.48,90.0
SC-107,2026-07-12 15:30:00,26.09,19.09,26.82,90.0
SC-107,2026-07-12 16:00:00,27.35,17.52,35.94,90.0
SC-107,2026-07-12 16:30:00,22.94,15.53,32.29,90.0
SC-107,2026-07-13 08:00:00,12.27,9.24,24.65,90.0
SC-107,2026-07-13 08:30:00,23.29,16.69,28.33,90.0
SC-107,2026-07-13 09:00:00,23.89,17.94,24.93,90.0
SC-107,2026-07-13 09:30:00,26.01,19.06,26.71,90.0
SC-107,2026-07-13 10:00:00,33.69,22.74,32.5,90.0
SC-107,2026-07-13 10:30:00,39.26,27.07,31.06,90.0
SC-107,2026-07-13 11:00:00,40.04,27.39,31.58,90.0
SC-107,2026-07-13 11:30:00,33.66,24.98,25.78,90.0
SC-107,2026-07-13 12:00:00,30.7,24.22,21.1,90.0
SC-107,2026-07-13 12:30:00,31.82,24.49,23.05,90.0
SC-107,2026-07-13 13:00:00,33.4,23.18,30.58,90.0
SC-107,2026-07-13 13:30:00,30.71,21.41,30.27,90.0
SC-107,2026-07-13 14:00:00,26.42,18.32,30.64,90.0
SC-107,2026-07-13 14:30:00,23.91,17.52,26.71,90.0
SC-107,2026-07-13 15:00:00,24.98,18.0,27.93,90.0
SC-107,2026-07-13 15:30:00,22.95,16.63,27.52,90.0
SC-107,2026-07-13 16:00:00,23.75,14.73,37.98,90.0
SC-107,2026-07-13 16:30:00,21.32,14.26,33.11,90.0
SC-107,2026-07-14 08:00:00,15.08,10.97,27.25,90.0
SC-107,2026-07-14 08:30:00,20.64,15.97,22.61,90.0
SC-107,2026-07-14 09:00:00,24.35,17.16,29.52,90.0
SC-107,2026-07-14 09:30:00,27.82,20.34,26.86,90.0
SC-107,2026-07-14 10:00:00,31.67,22.56,28.77,90.0
SC-107,2026-07-14 10:30:00,35.1,24.0,31.63,90.0
SC-107,2026-07-14 11:00:00,35.99,26.7,25.81,90.0
SC-107,2026-07-14 11:30:00,36.27,24.37,32.8,90.0
SC-107,2026-07-14 12:00:00,37.43,25.61,31.59,90.0
SC-107,2026-07-14 12:30:00,29.21,21.82,25.29,90.0
SC-107,2026-07-14 13:00:00,28.16,21.82,22.53,90.0
SC-107,2026-07-14 13:30:00,29.0,18.9,34.83,90.0
SC-107,2026-07-14 14:00:00,24.91,19.47,21.84,90.0
SC-107,2026-07-14 14:30:00,28.49,19.6,31.21,90.0
SC-107,2026-07-14 15:00:00,28.85,20.38,29.35,90.0
SC-107,2026-07-14 15:30:00,21.8,16.1,26.16,90.0
SC-107,2026-07-14 16:00:00,23.96,16.72,30.19,90.0
SC-107,2026-07-14 16:30:00,19.83,15.24,23.13,90.0
SC-107,2026-07-15 08:00:00,13.92,10.21,26.63,90.0
SC-107,2026-07-15 08:30:00,21.85,15.21,30.4,90.0
SC-107,2026-07-15 09:00:00,25.69,18.81,26.78,90.0
SC-107,2026-07-15 09:30:00,30.0,20.34,32.19,90.0
SC-107,2026-07-15 10:00:00,31.53,23.42,25.72,90.0
SC-107,2026-07-15 10:30:00,32.71,23.08,29.46,90.0
SC-107,2026-07-15 11:00:00,34.82,25.57,26.59,90.0
SC-107,2026-07-15 11:30:00,36.82,25.93,29.57,90.0
SC-107,2026-07-15 12:00:00,30.67,21.6,29.59,90.0
SC-107,2026-07-15 12:30:00,37.65,25.29,32.83,90.0
SC-107,2026-07-15 13:00:00,32.02,23.42,26.87,90.0
SC-107,2026-07-15 13:30:00,34.25,24.39,28.79,90.0
SC-107,2026-07-15 14:00:00,27.37,19.46,28.89,90.0
SC-107,2026-07-15 14:30:00,26.52,18.85,28.92,90.0
SC-107,2026-07-15 15:00:00,22.62,17.18,24.05,90.0
SC-107,2026-07-15 15:30:00,25.84,17.32,32.96,90.0
SC-107,2026-07-15 16:00:00,23.78,17.04,28.33,90.0
SC-107,2026-07-15 16:30:00,19.27,13.93,27.69,90.0
SC-107,2026-07-16 08:00:00,16.62,11.62,30.08,90.0
SC-107,2026-07-16 08:30:00,20.11,14.24,29.2,90.0
SC-107,2026-07-16 09:00:00,27.51,20.77,24.49,90.0
SC-107,2026-07-16 09:30:00,30.84,21.32,30.86,90.0
SC-107,2026-07-16 10:00:00,34.02,23.6,30.62,90.0
SC-107,2026-07-16 10:30:00,34.21,23.7,30.74,90.0
SC-107,2026-07-16 11:00:00,36.65,25.51,30.39,90.0
SC-107,2026-07-16 11:30:00,34.04,26.62,21.81,90.0
SC-107,2026-07-16 12:00:00,33.06,23.01,30.39,90.0
SC-107,2026-07-16 12:30:00,26.78,21.53,19.59,90.0
SC-107,2026-07-16 13:00:00,28.42,22.76,19.92,90.0
SC-107,2026-07-16 13:30:00,28.6,21.53,24.73,90.0
SC-107,2026-07-16 14:00:00,26.43,19.45,26.4,90.0
SC-107,2026-07-16 14:30:00,25.72,18.86,26.65,90.0
SC-107,2026-07-16 15:00:00,24.47,17.71,27.64,90.0
SC-107,2026-07-16 15:30:00,22.58,15.78,30.1,90.0
SC-107,2026-07-16 16:00:00,22.56,16.39,27.38,90.0
SC-107,2026-07-16 16:30:00,21.25,13.98,34.19,90.0
SC-107,2026-07-17 08:00:00,8.27,5.55,32.87,90.0
SC-107,2026-07-17 08:30:00,10.64,7.83,26.4,90.0
SC-107,2026-07-17 09:00:00,11.7,8.96,23.37,90.0
SC-107,2026-07-17 09:30:00,14.66,10.73,26.81,90.0
SC-107,2026-07-17 10:00:00,19.08,11.99,37.16,90.0
SC-107,2026-07-17 10:30:00,17.58,12.86,26.86,90.0
SC-107,2026-07-17 11:00:00,18.27,12.74,30.29,90.0
SC-107,2026-07-17 11:30:00,16.84,12.77,24.17,90.0
SC-107,2026-07-17 12:00:00,17.69,11.84,33.07,90.0
SC-107,2026-07-17 12:30:00,15.35,11.52,24.99,90.0
SC-107,2026-07-17 13:00:00,16.41,11.29,31.21,90.0
SC-107,2026-07-17 13:30:00,14.88,11.22,24.6,90.0
SC-107,2026-07-17 14:00:00,14.77,10.47,29.07,90.0
SC-107,2026-07-17 14:30:00,12.59,9.61,23.67,90.0
SC-107,2026-07-17 15:00:00,14.63,9.32,36.3,90.0
SC-107,2026-07-17 15:30:00,10.36,7.18,30.74,90.0
SC-107,2026-07-17 16:00:00,10.52,7.45,29.24,90.0
SC-107,2026-07-17 16:30:00,10.1,7.54,25.37,90.0
SC-107,2026-07-18 08:00:00,6.33,4.54,28.27,90.0
SC-107,2026-07-18 08:30:00,9.04,6.43,28.86,90.0
SC-107,2026-07-18 09:00:00,10.57,7.33,30.62,90.0
SC-107,2026-07-18 09:30:00,10.91,8.01,26.62,90.0
SC-107,2026-07-18 10:00:00,12.32,8.67,29.62,90.0
SC-107,2026-07-18 10:30:00,13.95,9.57,31.37,90.0
SC-107,2026-07-18 11:00:00,13.76,10.43,24.24,90.0
SC-107,2026-07-18 11:30:00,15.74,10.29,34.66,90.0
SC-107,2026-07-18 12:00:00,14.42,9.68,32.88,90.0
SC-107,2026-07-18 12:30:00,12.49,8.8,29.54,90.0
SC-107,2026-07-18 13:00:00,12.09,8.83,26.97,90.0
SC-107,2026-07-18 13:30:00,10.41,7.53,27.71,90.0
SC-107,2026-07-18 14:00:00,10.27,7.4,27.92,90.0
SC-107,2026-07-18 14:30:00,10.67,7.28,31.77,90.0
SC-107,2026-07-18 15:00:00,9.2,6.79,26.21,90.0
SC-107,2026-07-18 15:30:00,9.47,7.01,25.92,90.0
SC-107,2026-07-18 16:00:00,9.02,6.5,27.93,90.0
SC-107,2026-07-18 16:30:00,7.19,5.53,23.16,90.0
SC-107,2026-07-19 08:00:00,15.67,10.84,30.82,90.0
SC-107,2026-07-19 08:30:00,23.45,17.38,25.88,90.0
SC-107,2026-07-19 09:00:00,28.07,20.23,27.92,90.0
SC-107,2026-07-19 09:30:00,38.06,26.17,31.25,90.0
SC-107,2026-07-19 10:00:00,38.34,28.19,26.48,90.0
SC-107,2026-07-19 10:30:00,37.91,25.52,32.69,90.0
SC-107,2026-07-19 11:00:00,44.64,27.71,37.91,90.0
SC-107,2026-07-19 11:30:00,39.25,28.44,27.55,90.0
SC-107,2026-07-19 12:00:00,40.97,28.02,31.6,90.0
SC-107,2026-07-19 12:30:00,36.77,26.45,28.08,90.0
SC-107,2026-07-19 13:00:00,34.15,24.15,29.28,90.0
SC-107,2026-07-19 13:30:00,30.75,20.59,33.05,90.0
SC-107,2026-07-19 14:00:00,28.04,20.54,26.76,90.0
SC-107,2026-07-19 14:30:00,28.02,20.62,26.4,90.0
SC-107,2026-07-19 15:00:00,25.15,18.14,27.87,90.0
SC-107,2026-07-19 15:30:00,23.51,18.5,21.29,90.0
SC-107,2026-07-19 16:00:00,25.11,18.42,26.65,90.0
SC-107,2026-07-19 16:30:00,18.72,14.19,24.21,90.0
SC-107,2026-07-20 08:00:00,14.3,10.6,25.84,90.0
SC-107,2026-07-20 08:30:00,25.56,17.76,30.5,90.0
SC-107,2026-07-20 09:00:00,33.73,23.6,30.01,90.0
SC-107,2026-07-20 09:30:00,32.59,24.82,23.83,90.0
SC-107,2026-07-20 10:00:00,42.64,27.17,36.28,90.0
SC-107,2026-07-20 10:30:00,45.6,31.74,30.39,90.0
SC-107,2026-07-20 11:00:00,37.88,28.44,24.92,90.0
SC-107,2026-07-20 11:30:00,40.38,28.99,28.2,90.0
SC-107,2026-07-20 12:00:00,38.53,27.68,28.16,90.0
SC-107,2026-07-20 12:30:00,38.28,28.21,26.31,90.0
SC-107,2026-07-20 13:00:00,36.67,25.77,29.73,90.0
SC-107,2026-07-20 13:30:00,34.21,24.89,27.26,90.0
SC-107,2026-07-20 14:00:00,32.49,22.81,29.79,90.0
SC-107,2026-07-20 14:30:00,30.16,21.79,27.76,90.0
SC-107,2026-07-20 15:00:00,29.55,20.78,29.7,90.0
SC-107,2026-07-20 15:30:00,24.76,18.23,26.36,90.0
SC-107,2026-07-20 16:00:00,22.83,16.87,26.08,90.0
SC-107,2026-07-20 16:30:00,20.33,13.86,31.85,90.0
SC-107,2026-07-21 08:00:00,15.64,12.3,21.33,90.0
SC-107,2026-07-21 08:30:00,21.7,15.7,27.67,90.0
SC-107,2026-07-21 09:00:00,28.03,20.81,25.75,90.0
SC-107,2026-07-21 09:30:00,30.1,20.52,31.84,90.0
SC-107,2026-07-21 10:00:00,36.67,24.56,33.03,90.0
SC-107,2026-07-21 10:30:00,43.54,29.11,33.14,90.0
SC-107,2026-07-21 11:00:00,38.6,29.91,22.53,90.0
SC-107,2026-07-21 11:30:00,39.9,28.94,27.46,90.0
SC-107,2026-07-21 12:00:00,37.07,26.42,28.72,90.0
SC-107,2026-07-21 12:30:00,33.65,23.6,29.86,90.0
SC-107,2026-07-21 13:00:00,37.83,25.67,32.15,90.0
SC-107,2026-07-21 13:30:00,35.63,24.42,31.47,90.0
SC-107,2026-07-21 14:00:00,27.61,20.72,24.94,90.0
SC-107,2026-07-21 14:30:00,28.74,20.4,29.01,90.0
SC-107,2026-07-21 15:00:00,27.88,19.92,28.55,90.0
SC-107,2026-07-21 15:30:00,26.54,18.2,31.42,90.0
SC-107,2026-07-21 16:00:00,21.85,15.99,26.8,90.0
SC-107,2026-07-21 16:30:00,21.28,14.27,32.98,90.0
SC-107,2026-07-22 08:00:00,14.23,10.31,27.58,90.0
SC-107,2026-07-22 08:30:00,19.25,14.1,26.75,90.0
SC-107,2026-07-22 09:00:00,25.87,18.17,29.77,90.0
SC-107,2026-07-22 09:30:00,26.86,19.56,27.19,90.0
SC-107,2026-07-22 10:00:00,28.95,20.76,28.3,90.0
SC-107,2026-07-22 10:30:00,33.48,23.76,29.04,90.0
SC-107,2026-07-22 11:00:00,31.63,23.36,26.17,90.0
SC-107,2026-07-22 11:30:00,34.48,25.41,26.3,90.0
SC-107,2026-07-22 12:00:00,32.14,23.94,25.52,90.0
SC-107,2026-07-22 12:30:00,29.25,21.37,26.96,90.0
SC-107,2026-07-22 13:00:00,28.17,19.86,29.49,90.0
SC-107,2026-07-22 13:30:00,27.69,20.27,26.8,90.0
SC-107,2026-07-22 14:00:00,23.32,17.76,23.85,90.0
SC-107,2026-07-22 14:30:00,22.91,17.13,25.22,90.0
SC-107,2026-07-22 15:00:00,23.86,16.37,31.41,90.0
SC-107,2026-07-22 15:30:00,20.42,15.63,23.43,90.0
SC-107,2026-07-22 16:00:00,20.43,16.03,21.52,90.0
SC-107,2026-07-22 16:30:00,18.84,12.93,31.37,90.0
SC-107,2026-07-23 08:00:00,14.51,9.83,32.28,90.0
SC-107,2026-07-23 08:30:00,21.57,15.04,30.27,90.0
SC-107,2026-07-23 09:00:00,23.03,16.73,27.37,90.0
SC-107,2026-07-23 09:30:00,28.28,21.05,25.55,90.0
SC-107,2026-07-23 10:00:00,36.07,25.92,28.14,90.0
SC-107,2026-07-23 10:30:00,31.01,21.44,30.87,90.0
SC-107,2026-07-23 11:00:00,31.08,23.71,23.71,90.0
SC-107,2026-07-23 11:30:00,30.32,22.64,25.32,90.0
SC-107,2026-07-23 12:00:00,32.64,24.04,26.35,90.0
SC-107,2026-07-23 12:30:00,34.33,24.48,28.71,90.0
SC-107,2026-07-23 13:00:00,28.13,20.36,27.63,90.0
SC-107,2026-07-23 13:30:00,30.06,20.76,30.93,90.0
SC-107,2026-07-23 14:00:00,27.48,19.73,28.2,90.0
SC-107,2026-07-23 14:30:00,23.96,17.14,28.46,90.0
SC-107,2026-07-23 15:00:00,24.19,16.73,30.82,90.0
SC-107,2026-07-23 15:30:00,21.24,14.89,29.9,90.0
SC-107,2026-07-23 16:00:00,19.99,14.85,25.71,90.0
SC-107,2026-07-23 16:30:00,20.84,14.51,30.35,90.0
SC-107,2026-07-24 08:00:00,7.15,5.28,26.2,90.0
SC-107,2026-07-24 08:30:00,11.53,7.72,33.1,90.0
SC-107,2026-07-24 09:00:00,12.49,8.89,28.8,90.0
SC-107,2026-07-24 09:30:00,15.4,10.86,29.5,90.0
SC-107,2026-07-24 10:00:00,15.18,11.02,27.41,90.0
SC-107,2026-07-24 10:30:00,17.69,12.56,28.96,90.0
SC-107,2026-07-24 11:00:00,17.83,12.56,29.59,90.0
SC-107,2026-07-24 11:30:00,17.49,12.64,27.73,90.0
SC-107,2026-07-24 12:00:00,16.87,11.49,31.88,90.0
SC-107,2026-07-24 12:30:00,18.79,11.97,36.32,90.0
SC-107,2026-07-24 13:00:00,14.9,10.8,27.54,90.0
SC-107,2026-07-24 13:30:00,15.19,10.17,33.02,90.0
SC-107,2026-07-24 14:00:00,13.67,10.42,23.79,90.0
SC-107,2026-07-24 14:30:00,14.46,10.0,30.83,90.0
SC-107,2026-07-24 15:00:00,11.45,8.29,27.6,90.0
SC-107,2026-07-24 15:30:00,9.91,7.26,26.71,90.0
SC-107,2026-07-24 16:00:00,11.74,7.97,32.11,90.0
SC-107,2026-07-24 16:30:00,10.0,7.29,27.12,90.0
SC-107,2026-07-25 08:00:00,5.31,3.81,28.22,90.0
SC-107,2026-07-25 08:30:00,8.59,5.97,30.46,90.0
SC-107,2026-07-25 09:00:00,9.17,6.57,28.3,90.0
SC-107,2026-07-25 09:30:00,10.7,7.97,25.48,90.0
SC-107,2026-07-25 10:00:00,11.39,9.12,19.92,90.0
SC-107,2026-07-25 10:30:00,14.2,10.19,28.26,90.0
SC-107,2026-07-25 11:00:00,12.25,8.84,27.79,90.0
SC-107,2026-07-25 11:30:00,14.01,10.18,27.36,90.0
SC-107,2026-07-25 12:00:00,13.42,9.61,28.4,90.0
SC-107,2026-07-25 12:30:00,12.2,8.42,30.97,90.0
SC-107,2026-07-25 13:00:00,10.52,8.15,22.51,90.0
SC-107,2026-07-25 13:30:00,10.45,8.05,22.96,90.0
SC-107,2026-07-25 14:00:00,9.57,7.23,24.41,90.0
SC-107,2026-07-25 14:30:00,11.22,7.8,30.45,90.0
SC-107,2026-07-25 15:00:00,8.77,6.43,26.63,90.0
SC-107,2026-07-25 15:30:00,9.75,6.38,34.6,90.0
SC-107,2026-07-25 16:00:00,8.81,6.32,28.28,90.0
SC-107,2026-07-25 16:30:00,8.61,6.11,28.96,90.0
SC-107,2026-07-26 08:00:00,14.85,10.31,30.52,90.0
SC-107,2026-07-26 08:30:00,23.9,17.0,28.87,90.0
SC-107,2026-07-26 09:00:00,29.94,20.55,31.35,90.0
SC-107,2026-07-26 09:30:00,33.75,23.68,29.85,90.0
SC-107,2026-07-26 10:00:00,35.99,28.11,21.88,90.0
SC-107,2026-07-26 10:30:00,32.45,23.22,28.45,90.0
SC-107,2026-07-26 11:00:00,39.12,28.63,26.8,90.0
SC-107,2026-07-26 11:30:00,43.09,28.73,33.32,90.0
SC-107,2026-07-26 12:00:00,40.22,26.08,35.16,90.0
SC-107,2026-07-26 12:30:00,35.18,25.15,28.5,90.0
SC-107,2026-07-26 13:00:00,28.09,21.75,22.58,90.0
SC-107,2026-07-26 13:30:00,29.81,22.2,25.52,90.0
SC-107,2026-07-26 14:00:00,28.25,19.63,30.51,90.0
SC-107,2026-07-26 14:30:00,27.15,19.01,29.98,90.0
SC-107,2026-07-26 15:00:00,25.89,19.15,26.03,90.0
SC-107,2026-07-26 15:30:00,25.76,19.19,25.49,90.0
SC-107,2026-07-26 16:00:00,24.84,18.02,27.48,90.0
SC-107,2026-07-26 16:30:00,21.41,14.94,30.22,90.0
SC-107,2026-07-27 08:00:00,13.75,10.04,27.01,90.0
SC-107,2026-07-27 08:30:00,25.67,18.61,27.49,90.0
SC-107,2026-07-27 09:00:00,30.26,20.77,31.37,90.0
SC-107,2026-07-27 09:30:00,31.02,23.25,25.07,90.0
SC-107,2026-07-27 10:00:00,38.33,23.67,38.24,90.0
SC-107,2026-07-27 10:30:00,40.0,30.19,24.53,90.0
SC-107,2026-07-27 11:00:00,41.39,29.91,27.72,90.0
SC-107,2026-07-27 11:30:00,39.79,28.5,28.37,90.0
SC-107,2026-07-27 12:00:00,39.28,29.54,24.79,90.0
SC-107,2026-07-27 12:30:00,33.33,25.86,22.4,90.0
SC-107,2026-07-27 13:00:00,33.29,25.67,22.89,90.0
SC-107,2026-07-27 13:30:00,29.62,23.25,21.53,90.0
SC-107,2026-07-27 14:00:00,31.7,21.77,31.3,90.0
SC-107,2026-07-27 14:30:00,25.99,19.01,26.88,90.0
SC-107,2026-07-27 15:00:00,27.49,20.29,26.18,90.0
SC-107,2026-07-27 15:30:00,26.06,18.53,28.92,90.0
SC-107,2026-07-27 16:00:00,24.46,18.26,25.33,90.0
SC-107,2026-07-27 16:30:00,22.48,15.57,30.75,90.0
SC-108,2026-06-30 08:00:00,20.48,13.96,31.84,90.0
SC-108,2026-06-30 08:30:00,31.08,21.39,31.19,90.0
SC-108,2026-06-30 09:00:00,35.72,24.64,31.02,90.0
SC-108,2026-06-30 09:30:00,46.48,32.26,30.6,90.0
SC-108,2026-06-30 10:00:00,49.05,35.5,27.64,90.0
SC-108,2026-06-30 10:30:00,50.26,37.28,25.82,90.0
SC-108,2026-06-30 11:00:00,50.98,37.8,25.86,90.0
SC-108,2026-06-30 11:30:00,46.61,32.99,29.21,90.0
SC-108,2026-06-30 12:00:00,48.81,37.22,23.75,90.0
SC-108,2026-06-30 12:30:00,42.66,30.55,28.38,90.0
SC-108,2026-06-30 13:00:00,41.83,30.55,26.97,90.0
SC-108,2026-06-30 13:30:00,42.42,29.47,30.52,90.0
SC-108,2026-06-30 14:00:00,39.71,30.31,23.66,90.0
SC-108,2026-06-30 14:30:00,42.14,29.66,29.63,90.0
SC-108,2026-06-30 15:00:00,30.64,21.84,28.71,90.0
SC-108,2026-06-30 15:30:00,31.75,22.91,27.86,90.0
SC-108,2026-06-30 16:00:00,28.53,20.25,29.04,90.0
SC-108,2026-06-30 16:30:00,22.69,16.42,27.62,90.0
SC-108,2026-06-30 17:00:00,24.46,16.7,31.74,90.0
SC-108,2026-06-30 17:30:00,20.77,14.77,28.88,90.0
SC-108,2026-06-30 18:00:00,18.4,12.03,34.61,90.0
SC-108,2026-06-30 18:30:00,14.5,10.48,27.73,90.0
SC-108,2026-06-30 19:00:00,11.98,7.97,33.41,90.0
SC-108,2026-06-30 19:30:00,7.14,5.19,27.29,90.0
SC-108,2026-07-01 08:00:00,18.37,12.82,30.22,90.0
SC-108,2026-07-01 08:30:00,28.8,21.0,27.08,90.0
SC-108,2026-07-01 09:00:00,35.11,26.02,25.88,90.0
SC-108,2026-07-01 09:30:00,34.35,26.04,24.2,90.0
SC-108,2026-07-01 10:00:00,47.54,36.5,23.22,90.0
SC-108,2026-07-01 10:30:00,43.65,34.4,21.19,90.0
SC-108,2026-07-01 11:00:00,54.31,36.39,33.0,90.0
SC-108,2026-07-01 11:30:00,56.6,36.97,34.69,90.0
SC-108,2026-07-01 12:00:00,45.95,33.38,27.37,90.0
SC-108,2026-07-01 12:30:00,45.34,34.7,23.47,90.0
SC-108,2026-07-01 13:00:00,46.97,36.11,23.13,90.0
SC-108,2026-07-01 13:30:00,35.86,25.58,28.65,90.0
SC-108,2026-07-01 14:00:00,39.6,28.73,27.44,90.0
SC-108,2026-07-01 14:30:00,38.14,26.88,29.51,90.0
SC-108,2026-07-01 15:00:00,33.44,24.47,26.83,90.0
SC-108,2026-07-01 15:30:00,36.81,25.33,31.19,90.0
SC-108,2026-07-01 16:00:00,28.33,21.14,25.38,90.0
SC-108,2026-07-01 16:30:00,27.07,19.28,28.76,90.0
SC-108,2026-07-01 17:00:00,25.17,18.13,27.97,90.0
SC-108,2026-07-01 17:30:00,18.98,15.05,20.68,90.0
SC-108,2026-07-01 18:00:00,17.02,13.26,22.06,90.0
SC-108,2026-07-01 18:30:00,13.9,9.34,32.8,90.0
SC-108,2026-07-01 19:00:00,10.39,7.23,30.42,90.0
SC-108,2026-07-01 19:30:00,6.97,5.38,22.8,90.0
SC-108,2026-07-02 08:00:00,14.31,10.2,28.7,90.0
SC-108,2026-07-02 08:30:00,32.03,22.68,29.18,90.0
SC-108,2026-07-02 09:00:00,31.88,24.98,21.67,90.0
SC-108,2026-07-02 09:30:00,41.14,27.4,33.39,90.0
SC-108,2026-07-02 10:00:00,42.06,31.91,24.15,90.0
SC-108,2026-07-02 10:30:00,54.87,37.47,31.71,90.0
SC-108,2026-07-02 11:00:00,52.05,36.11,30.62,90.0
SC-108,2026-07-02 11:30:00,49.81,37.33,25.06,90.0
SC-108,2026-07-02 12:00:00,51.85,37.96,26.79,90.0
SC-108,2026-07-02 12:30:00,40.61,31.55,22.31,90.0
SC-108,2026-07-02 13:00:00,50.46,35.42,29.8,90.0
SC-108,2026-07-02 13:30:00,39.86,31.15,21.84,90.0
SC-108,2026-07-02 14:00:00,36.15,25.65,29.04,90.0
SC-108,2026-07-02 14:30:00,34.11,24.52,28.12,90.0
SC-108,2026-07-02 15:00:00,32.84,24.27,26.09,90.0
SC-108,2026-07-02 15:30:00,30.64,21.83,28.77,90.0
SC-108,2026-07-02 16:00:00,32.19,22.08,31.38,90.0
SC-108,2026-07-02 16:30:00,24.77,17.11,30.92,90.0
SC-108,2026-07-02 17:00:00,22.67,16.23,28.42,90.0
SC-108,2026-07-02 17:30:00,19.33,14.54,24.76,90.0
SC-108,2026-07-02 18:00:00,16.18,10.58,34.59,90.0
SC-108,2026-07-02 18:30:00,13.7,10.14,25.96,90.0
SC-108,2026-07-02 19:00:00,10.73,7.47,30.36,90.0
SC-108,2026-07-02 19:30:00,8.41,6.46,23.2,90.0
SC-108,2026-07-03 08:00:00,8.87,5.83,34.27,90.0
SC-108,2026-07-03 08:30:00,13.02,9.32,28.44,90.0
SC-108,2026-07-03 09:00:00,18.72,13.3,28.96,90.0
SC-108,2026-07-03 09:30:00,18.18,12.94,28.82,90.0
SC-108,2026-07-03 10:00:00,24.24,16.69,31.15,90.0
SC-108,2026-07-03 10:30:00,24.33,17.96,26.19,90.0
SC-108,2026-07-03 11:00:00,23.28,16.33,29.85,90.0
SC-108,2026-07-03 11:30:00,23.14,16.19,30.03,90.0
SC-108,2026-07-03 12:00:00,23.15,15.94,31.15,90.0
SC-108,2026-07-03 12:30:00,18.82,13.77,26.84,90.0
SC-108,2026-07-03 13:00:00,18.63,13.88,25.5,90.0
SC-108,2026-07-03 13:30:00,19.58,12.89,34.17,90.0
SC-108,2026-07-03 14:00:00,19.64,13.66,30.45,90.0
SC-108,2026-07-03 14:30:00,15.49,11.52,25.66,90.0
SC-108,2026-07-03 15:00:00,14.23,10.8,24.12,90.0
SC-108,2026-07-03 15:30:00,13.4,10.51,21.57,90.0
SC-108,2026-07-03 16:00:00,12.3,8.62,29.93,90.0
SC-108,2026-07-03 16:30:00,12.42,8.66,30.25,90.0
SC-108,2026-07-03 17:00:00,11.36,8.15,28.19,90.0
SC-108,2026-07-03 17:30:00,8.93,6.52,27.06,90.0
SC-108,2026-07-03 18:00:00,8.19,6.04,26.34,90.0
SC-108,2026-07-03 18:30:00,6.3,4.51,28.5,90.0
SC-108,2026-07-03 19:00:00,5.77,3.69,36.01,90.0
SC-108,2026-07-03 19:30:00,3.96,2.82,28.79,90.0
SC-108,2026-07-04 08:00:00,6.44,4.6,28.53,90.0
SC-108,2026-07-04 08:30:00,8.07,6.59,18.33,90.0
SC-108,2026-07-04 09:00:00,10.77,8.26,23.25,90.0
SC-108,2026-07-04 09:30:00,14.73,10.39,29.46,90.0
SC-108,2026-07-04 10:00:00,13.21,9.92,24.89,90.0
SC-108,2026-07-04 10:30:00,16.43,12.16,26.03,90.0
SC-108,2026-07-04 11:00:00,16.35,11.1,32.13,90.0
SC-108,2026-07-04 11:30:00,15.6,12.34,20.9,90.0
SC-108,2026-07-04 12:00:00,16.11,11.64,27.75,90.0
SC-108,2026-07-04 12:30:00,16.57,11.97,27.78,90.0
SC-108,2026-07-04 13:00:00,16.39,11.78,28.11,90.0
SC-108,2026-07-04 13:30:00,12.91,8.87,31.25,90.0
SC-108,2026-07-04 14:00:00,11.96,9.25,22.65,90.0
SC-108,2026-07-04 14:30:00,12.75,9.3,27.05,90.0
SC-108,2026-07-04 15:00:00,11.75,8.88,24.43,90.0
SC-108,2026-07-04 15:30:00,11.39,7.92,30.45,90.0
SC-108,2026-07-04 16:00:00,10.79,7.22,33.04,90.0
SC-108,2026-07-04 16:30:00,9.97,7.11,28.67,90.0
SC-108,2026-07-04 17:00:00,7.32,5.44,25.65,90.0
SC-108,2026-07-04 17:30:00,6.91,5.15,25.41,90.0
SC-108,2026-07-04 18:00:00,7.01,4.83,31.05,90.0
SC-108,2026-07-04 18:30:00,4.99,3.91,21.75,90.0
SC-108,2026-07-04 19:00:00,3.28,2.48,24.21,90.0
SC-108,2026-07-04 19:30:00,3.14,2.13,32.24,90.0
SC-108,2026-07-05 08:00:00,20.29,14.48,28.63,90.0
SC-108,2026-07-05 08:30:00,34.88,23.29,33.22,90.0
SC-108,2026-07-05 09:00:00,41.69,31.56,24.29,90.0
SC-108,2026-07-05 09:30:00,46.3,33.78,27.04,90.0
SC-108,2026-07-05 10:00:00,56.01,39.57,29.34,90.0
SC-108,2026-07-05 10:30:00,66.57,49.01,26.37,90.0
SC-108,2026-07-05 11:00:00,55.49,42.23,23.88,90.0
SC-108,2026-07-05 11:30:00,61.56,43.2,29.83,90.0
SC-108,2026-07-05 12:00:00,66.4,44.56,32.89,90.0
SC-108,2026-07-05 12:30:00,54.94,40.3,26.65,90.0
SC-108,2026-07-05 13:00:00,43.99,34.8,20.89,90.0
SC-108,2026-07-05 13:30:00,44.21,33.45,24.33,90.0
SC-108,2026-07-05 14:00:00,44.86,29.95,33.23,90.0
SC-108,2026-07-05 14:30:00,39.21,27.93,28.77,90.0
SC-108,2026-07-05 15:00:00,38.07,29.05,23.7,90.0
SC-108,2026-07-05 15:30:00,39.03,27.12,30.51,90.0
SC-108,2026-07-05 16:00:00,30.91,23.38,24.37,90.0
SC-108,2026-07-05 16:30:00,28.51,20.66,27.52,90.0
SC-108,2026-07-05 17:00:00,28.81,18.76,34.87,90.0
SC-108,2026-07-05 17:30:00,21.66,16.51,23.78,90.0
SC-108,2026-07-05 18:00:00,17.2,12.75,25.9,90.0
SC-108,2026-07-05 18:30:00,15.69,10.74,31.54,90.0
SC-108,2026-07-05 19:00:00,11.95,8.74,26.88,90.0
SC-108,2026-07-05 19:30:00,9.99,7.21,27.85,90.0
SC-108,2026-07-06 08:00:00,18.81,13.57,27.84,90.0
SC-108,2026-07-06 08:30:00,32.96,23.51,28.69,90.0
SC-108,2026-07-06 09:00:00,33.6,25.51,24.1,90.0
SC-108,2026-07-06 09:30:00,45.08,32.64,27.6,90.0
SC-108,2026-07-06 10:00:00,39.26,30.86,21.4,90.0
SC-108,2026-07-06 10:30:00,58.25,39.63,31.96,90.0
SC-108,2026-07-06 11:00:00,47.35,37.16,21.52,90.0
SC-108,2026-07-06 11:30:00,53.11,35.69,32.8,90.0
SC-108,2026-07-06 12:00:00,49.67,33.51,32.52,90.0
SC-108,2026-07-06 12:30:00,52.18,38.47,26.27,90.0
SC-108,2026-07-06 13:00:00,47.84,34.95,26.95,90.0
SC-108,2026-07-06 13:30:00,42.8,32.31,24.51,90.0
SC-108,2026-07-06 14:00:00,42.49,30.24,28.84,90.0
SC-108,2026-07-06 14:30:00,41.49,28.21,32.02,90.0
SC-108,2026-07-06 15:00:00,33.56,24.88,25.87,90.0
SC-108,2026-07-06 15:30:00,37.36,25.13,32.73,90.0
SC-108,2026-07-06 16:00:00,31.49,24.01,23.76,90.0
SC-108,2026-07-06 16:30:00,27.06,20.26,25.13,90.0
SC-108,2026-07-06 17:00:00,20.94,16.12,23.03,90.0
SC-108,2026-07-06 17:30:00,23.97,17.63,26.46,90.0
SC-108,2026-07-06 18:00:00,18.38,13.28,27.75,90.0
SC-108,2026-07-06 18:30:00,15.14,11.0,27.35,90.0
SC-108,2026-07-06 19:00:00,11.93,8.58,28.05,90.0
SC-108,2026-07-06 19:30:00,8.62,6.44,25.3,90.0
SC-108,2026-07-07 08:00:00,16.54,12.43,24.86,90.0
SC-108,2026-07-07 08:30:00,27.9,20.03,28.23,90.0
SC-108,2026-07-07 09:00:00,30.03,21.3,29.09,90.0
SC-108,2026-07-07 09:30:00,37.3,26.85,28.02,90.0
SC-108,2026-07-07 10:00:00,46.28,33.19,28.29,90.0
SC-108,2026-07-07 10:30:00,39.63,27.96,29.44,90.0
SC-108,2026-07-07 11:00:00,49.61,36.32,26.79,90.0
SC-108,2026-07-07 11:30:00,49.94,36.69,26.53,90.0
SC-108,2026-07-07 12:00:00,45.17,33.42,26.01,90.0
SC-108,2026-07-07 12:30:00,45.91,33.67,26.67,90.0
SC-108,2026-07-07 13:00:00,42.24,30.28,28.32,90.0
SC-108,2026-07-07 13:30:00,40.63,30.09,25.94,90.0
SC-108,2026-07-07 14:00:00,33.73,24.85,26.33,90.0
SC-108,2026-07-07 14:30:00,35.89,26.12,27.22,90.0
SC-108,2026-07-07 15:00:00,33.56,25.61,23.7,90.0
SC-108,2026-07-07 15:30:00,33.8,23.3,31.05,90.0
SC-108,2026-07-07 16:00:00,25.78,19.5,24.38,90.0
SC-108,2026-07-07 16:30:00,25.74,17.88,30.54,90.0
SC-108,2026-07-07 17:00:00,23.78,17.63,25.86,90.0
SC-108,2026-07-07 17:30:00,21.28,14.83,30.33,90.0
SC-108,2026-07-07 18:00:00,16.04,11.51,28.23,90.0
SC-108,2026-07-07 18:30:00,12.4,9.21,25.74,90.0
SC-108,2026-07-07 19:00:00,9.52,7.46,21.69,90.0
SC-108,2026-07-07 19:30:00,7.75,5.96,23.1,90.0
SC-108,2026-07-08 08:00:00,18.98,13.06,31.17,90.0
SC-108,2026-07-08 08:30:00,28.98,21.46,25.97,90.0
SC-108,2026-07-08 09:00:00,36.87,25.72,30.24,90.0
SC-108,2026-07-08 09:30:00,34.97,26.23,25.0,90.0
SC-108,2026-07-08 10:00:00,48.81,35.46,27.35,90.0
SC-108,2026-07-08 10:30:00,50.66,39.11,22.79,90.0
SC-108,2026-07-08 11:00:00,51.27,36.85,28.13,90.0
SC-108,2026-07-08 11:30:00,57.46,39.28,31.64,90.0
SC-108,2026-07-08 12:00:00,49.34,34.6,29.87,90.0
SC-108,2026-07-08 12:30:00,42.81,31.28,26.94,90.0
SC-108,2026-07-08 13:00:00,50.16,35.68,28.85,90.0
SC-108,2026-07-08 13:30:00,39.11,27.41,29.9,90.0
SC-108,2026-07-08 14:00:00,35.38,25.44,28.09,90.0
SC-108,2026-07-08 14:30:00,36.22,26.12,27.89,90.0
SC-108,2026-07-08 15:00:00,41.28,27.77,32.71,90.0
SC-108,2026-07-08 15:30:00,33.23,23.18,30.25,90.0
SC-108,2026-07-08 16:00:00,34.84,25.69,26.26,90.0
SC-108,2026-07-08 16:30:00,27.62,18.15,34.27,90.0
SC-108,2026-07-08 17:00:00,23.51,15.82,32.7,90.0
SC-108,2026-07-08 17:30:00,18.07,12.73,29.58,90.0
SC-108,2026-07-08 18:00:00,16.51,12.09,26.81,90.0
SC-108,2026-07-08 18:30:00,13.48,9.74,27.76,90.0
SC-108,2026-07-08 19:00:00,10.87,7.56,30.44,90.0
SC-108,2026-07-08 19:30:00,7.93,5.97,24.61,90.0
SC-108,2026-07-09 08:00:00,16.77,12.33,26.49,90.0
SC-108,2026-07-09 08:30:00,28.58,21.29,25.52,90.0
SC-108,2026-07-09 09:00:00,34.08,26.1,23.42,90.0
SC-108,2026-07-09 09:30:00,40.96,29.88,27.06,90.0
SC-108,2026-07-09 10:00:00,51.7,32.42,37.29,90.0
SC-108,2026-07-09 10:30:00,49.24,38.99,20.81,90.0
SC-108,2026-07-09 11:00:00,53.45,37.67,29.53,90.0
SC-108,2026-07-09 11:30:00,48.13,36.39,24.39,90.0
SC-108,2026-07-09 12:00:00,49.73,33.64,32.35,90.0
SC-108,2026-07-09 12:30:00,47.25,33.33,29.46,90.0
SC-108,2026-07-09 13:00:00,50.58,34.42,31.95,90.0
SC-108,2026-07-09 13:30:00,37.07,28.6,22.86,90.0
SC-108,2026-07-09 14:00:00,33.05,23.95,27.55,90.0
SC-108,2026-07-09 14:30:00,35.93,26.53,26.15,90.0
SC-108,2026-07-09 15:00:00,31.36,23.01,26.62,90.0
SC-108,2026-07-09 15:30:00,30.13,21.99,27.03,90.0
SC-108,2026-07-09 16:00:00,33.68,22.46,33.31,90.0
SC-108,2026-07-09 16:30:00,25.47,18.56,27.13,90.0
SC-108,2026-07-09 17:00:00,21.55,16.05,25.52,90.0
SC-108,2026-07-09 17:30:00,21.26,14.06,33.86,90.0
SC-108,2026-07-09 18:00:00,16.7,12.33,26.14,90.0
SC-108,2026-07-09 18:30:00,15.16,10.6,30.09,90.0
SC-108,2026-07-09 19:00:00,10.07,7.42,26.29,90.0
SC-108,2026-07-09 19:30:00,7.22,5.33,26.17,90.0
SC-108,2026-07-10 08:00:00,7.65,5.66,25.93,90.0
SC-108,2026-07-10 08:30:00,11.94,9.06,24.15,90.0
SC-108,2026-07-10 09:00:00,15.29,10.63,30.44,90.0
SC-108,2026-07-10 09:30:00,15.96,11.39,28.62,90.0
SC-108,2026-07-10 10:00:00,18.82,13.94,25.96,90.0
SC-108,2026-07-10 10:30:00,18.09,13.9,23.15,90.0
SC-108,2026-07-10 11:00:00,20.2,14.58,27.8,90.0
SC-108,2026-07-10 11:30:00,19.8,15.27,22.89,90.0
SC-108,2026-07-10 12:00:00,20.41,13.84,32.16,90.0
SC-108,2026-07-10 12:30:00,19.64,14.51,26.15,90.0
SC-108,2026-07-10 13:00:00,18.96,13.33,29.66,90.0
SC-108,2026-07-10 13:30:00,16.58,11.77,28.99,90.0
SC-108,2026-07-10 14:00:00,15.57,10.77,30.81,90.0
SC-108,2026-07-10 14:30:00,15.06,10.45,30.56,90.0
SC-108,2026-07-10 15:00:00,12.83,10.04,21.78,90.0
SC-108,2026-07-10 15:30:00,11.73,9.26,21.04,90.0
SC-108,2026-07-10 16:00:00,11.67,8.5,27.12,90.0
SC-108,2026-07-10 16:30:00,13.33,9.59,28.03,90.0
SC-108,2026-07-10 17:00:00,10.25,6.93,32.39,90.0
SC-108,2026-07-10 17:30:00,7.62,5.85,23.31,90.0
SC-108,2026-07-10 18:00:00,7.01,5.33,24.07,90.0
SC-108,2026-07-10 18:30:00,6.18,4.23,31.59,90.0
SC-108,2026-07-10 19:00:00,5.12,3.45,32.69,90.0
SC-108,2026-07-10 19:30:00,3.18,2.33,26.67,90.0
SC-108,2026-07-11 08:00:00,7.05,4.71,33.1,90.0
SC-108,2026-07-11 08:30:00,10.95,7.78,28.9,90.0
SC-108,2026-07-11 09:00:00,11.23,9.05,19.44,90.0
SC-108,2026-07-11 09:30:00,15.5,10.51,32.21,90.0
SC-108,2026-07-11 10:00:00,16.12,11.35,29.59,90.0
SC-108,2026-07-11 10:30:00,16.73,12.76,23.75,90.0
SC-108,2026-07-11 11:00:00,19.42,13.0,33.07,90.0
SC-108,2026-07-11 11:30:00,17.19,13.48,21.59,90.0
SC-108,2026-07-11 12:00:00,18.27,13.71,24.96,90.0
SC-108,2026-07-11 12:30:00,15.66,11.76,24.94,90.0
SC-108,2026-07-11 13:00:00,18.26,13.0,28.82,90.0
SC-108,2026-07-11 13:30:00,13.75,10.48,23.77,90.0
SC-108,2026-07-11 14:00:00,13.87,9.3,32.96,90.0
SC-108,2026-07-11 14:30:00,11.07,8.0,27.71,90.0
SC-108,2026-07-11 15:00:00,12.66,8.68,31.43,90.0
SC-108,2026-07-11 15:30:00,12.13,8.93,26.37,90.0
SC-108,2026-07-11 16:00:00,11.14,8.18,26.52,90.0
SC-108,2026-07-11 16:30:00,8.72,6.59,24.39,90.0
SC-108,2026-07-11 17:00:00,8.91,6.54,26.58,90.0
SC-108,2026-07-11 17:30:00,7.42,5.36,27.85,90.0
SC-108,2026-07-11 18:00:00,7.28,4.54,37.63,90.0
SC-108,2026-07-11 18:30:00,4.66,3.39,27.25,90.0
SC-108,2026-07-11 19:00:00,3.98,2.95,25.89,90.0
SC-108,2026-07-11 19:30:00,3.02,2.22,26.43,90.0
SC-108,2026-07-12 08:00:00,24.41,16.39,32.87,90.0
SC-108,2026-07-12 08:30:00,34.35,24.24,29.44,90.0
SC-108,2026-07-12 09:00:00,38.18,28.25,25.99,90.0
SC-108,2026-07-12 09:30:00,51.2,35.92,29.84,90.0
SC-108,2026-07-12 10:00:00,56.08,37.29,33.51,90.0
SC-108,2026-07-12 10:30:00,53.12,41.37,22.12,90.0
SC-108,2026-07-12 11:00:00,60.83,40.18,33.94,90.0
SC-108,2026-07-12 11:30:00,64.33,46.56,27.62,90.0
SC-108,2026-07-12 12:00:00,56.33,40.14,28.74,90.0
SC-108,2026-07-12 12:30:00,52.24,37.46,28.28,90.0
SC-108,2026-07-12 13:00:00,47.47,31.66,33.32,90.0
SC-108,2026-07-12 13:30:00,49.48,33.14,33.03,90.0
SC-108,2026-07-12 14:00:00,48.08,33.28,30.79,90.0
SC-108,2026-07-12 14:30:00,39.83,29.42,26.13,90.0
SC-108,2026-07-12 15:00:00,38.2,26.3,31.16,90.0
SC-108,2026-07-12 15:30:00,37.47,27.53,26.53,90.0
SC-108,2026-07-12 16:00:00,35.9,25.1,30.07,90.0
SC-108,2026-07-12 16:30:00,27.22,20.46,24.83,90.0
SC-108,2026-07-12 17:00:00,24.47,18.23,25.49,90.0
SC-108,2026-07-12 17:30:00,21.7,15.35,29.25,90.0
SC-108,2026-07-12 18:00:00,19.98,14.25,28.67,90.0
SC-108,2026-07-12 18:30:00,14.73,11.34,23.04,90.0
SC-108,2026-07-12 19:00:00,10.74,7.75,27.84,90.0
SC-108,2026-07-12 19:30:00,8.08,6.38,21.02,90.0
SC-108,2026-07-13 08:00:00,19.03,12.38,34.93,90.0
SC-108,2026-07-13 08:30:00,34.72,23.96,30.99,90.0
SC-108,2026-07-13 09:00:00,46.09,31.51,31.63,90.0
SC-108,2026-07-13 09:30:00,47.87,34.04,28.88,90.0
SC-108,2026-07-13 10:00:00,47.5,36.05,24.1,90.0
SC-108,2026-07-13 10:30:00,56.02,39.89,28.79,90.0
SC-108,2026-07-13 11:00:00,56.53,42.43,24.94,90.0
SC-108,2026-07-13 11:30:00,61.89,41.19,33.44,90.0
SC-108,2026-07-13 12:00:00,43.44,33.13,23.73,90.0
SC-108,2026-07-13 12:30:00,58.65,40.65,30.69,90.0
SC-108,2026-07-13 13:00:00,53.14,38.69,27.19,90.0
SC-108,2026-07-13 13:30:00,41.81,32.03,23.4,90.0
SC-108,2026-07-13 14:00:00,43.82,31.69,27.69,90.0
SC-108,2026-07-13 14:30:00,37.59,26.71,28.95,90.0
SC-108,2026-07-13 15:00:00,37.08,28.8,22.32,90.0
SC-108,2026-07-13 15:30:00,36.26,25.29,30.25,90.0
SC-108,2026-07-13 16:00:00,35.9,26.05,27.45,90.0
SC-108,2026-07-13 16:30:00,27.09,21.91,19.12,90.0
SC-108,2026-07-13 17:00:00,26.56,18.28,31.19,90.0
SC-108,2026-07-13 17:30:00,22.49,14.13,37.19,90.0
SC-108,2026-07-13 18:00:00,17.58,12.76,27.41,90.0
SC-108,2026-07-13 18:30:00,12.63,9.86,21.94,90.0
SC-108,2026-07-13 19:00:00,10.85,7.99,26.35,90.0
SC-108,2026-07-13 19:30:00,9.26,6.37,31.22,90.0
SC-108,2026-07-14 08:00:00,18.26,13.0,28.83,90.0
SC-108,2026-07-14 08:30:00,32.01,22.58,29.47,90.0
SC-108,2026-07-14 09:00:00,35.24,26.06,26.04,90.0
SC-108,2026-07-14 09:30:00,47.3,30.47,35.58,90.0
SC-108,2026-07-14 10:00:00,45.01,34.87,22.53,90.0
SC-108,2026-07-14 10:30:00,50.25,35.48,29.4,90.0
SC-108,2026-07-14 11:00:00,47.65,37.52,21.26,90.0
SC-108,2026-07-14 11:30:00,45.06,32.07,28.82,90.0
SC-108,2026-07-14 12:00:00,46.95,35.4,24.61,90.0
SC-108,2026-07-14 12:30:00,42.42,31.02,26.87,90.0
SC-108,2026-07-14 13:00:00,58.68,35.39,39.69,90.0
SC-108,2026-07-14 13:30:00,39.52,27.78,29.72,90.0
SC-108,2026-07-14 14:00:00,35.45,23.23,34.47,90.0
SC-108,2026-07-14 14:30:00,39.5,26.59,32.69,90.0
SC-108,2026-07-14 15:00:00,31.33,24.02,23.35,90.0
SC-108,2026-07-14 15:30:00,31.88,21.29,33.23,90.0
SC-108,2026-07-14 16:00:00,29.71,22.52,24.19,90.0
SC-108,2026-07-14 16:30:00,24.07,16.46,31.62,90.0
SC-108,2026-07-14 17:00:00,22.49,16.1,28.41,90.0
SC-108,2026-07-14 17:30:00,20.49,14.86,27.44,90.0
SC-108,2026-07-14 18:00:00,15.65,11.44,26.91,90.0
SC-108,2026-07-14 18:30:00,13.64,9.81,28.05,90.0
SC-108,2026-07-14 19:00:00,8.94,6.55,26.67,90.0
SC-108,2026-07-14 19:30:00,8.03,5.71,28.92,90.0
SC-108,2026-07-15 08:00:00,18.35,13.84,24.57,90.0
SC-108,2026-07-15 08:30:00,26.73,19.72,26.22,90.0
SC-108,2026-07-15 09:00:00,40.48,26.94,33.43,90.0
SC-108,2026-07-15 09:30:00,43.83,29.26,33.24,90.0
SC-108,2026-07-15 10:00:00,48.59,35.3,27.35,90.0
SC-108,2026-07-15 10:30:00,45.34,34.94,22.93,90.0
SC-108,2026-07-15 11:00:00,44.62,33.45,25.05,90.0
SC-108,2026-07-15 11:30:00,62.46,47.81,23.45,90.0
SC-108,2026-07-15 12:00:00,50.18,35.14,29.96,90.0
SC-108,2026-07-15 12:30:00,50.29,35.5,29.42,90.0
SC-108,2026-07-15 13:00:00,43.85,29.68,32.31,90.0
SC-108,2026-07-15 13:30:00,42.99,32.01,25.54,90.0
SC-108,2026-07-15 14:00:00,39.77,28.72,27.8,90.0
SC-108,2026-07-15 14:30:00,41.07,29.08,29.19,90.0
SC-108,2026-07-15 15:00:00,32.25,25.66,20.45,90.0
SC-108,2026-07-15 15:30:00,32.2,22.81,29.17,90.0
SC-108,2026-07-15 16:00:00,33.13,23.62,28.7,90.0
SC-108,2026-07-15 16:30:00,25.65,17.48,31.86,90.0
SC-108,2026-07-15 17:00:00,20.48,15.08,26.36,90.0
SC-108,2026-07-15 17:30:00,22.92,16.19,29.38,90.0
SC-108,2026-07-15 18:00:00,17.85,12.09,32.26,90.0
SC-108,2026-07-15 18:30:00,14.06,10.21,27.34,90.0
SC-108,2026-07-15 19:00:00,12.86,9.32,27.53,90.0
SC-108,2026-07-15 19:30:00,7.98,5.65,29.25,90.0
SC-108,2026-07-16 08:00:00,15.42,11.19,27.4,90.0
SC-108,2026-07-16 08:30:00,26.44,18.99,28.16,90.0
SC-108,2026-07-16 09:00:00,27.25,21.33,21.7,90.0
SC-108,2026-07-16 09:30:00,39.26,28.08,28.48,90.0
SC-108,2026-07-16 10:00:00,40.85,28.87,29.32,90.0
SC-108,2026-07-16 10:30:00,39.31,29.76,24.29,90.0
SC-108,2026-07-16 11:00:00,46.3,34.44,25.6,90.0
SC-108,2026-07-16 11:30:00,49.35,36.48,26.08,90.0
SC-108,2026-07-16 12:00:00,43.12,31.88,26.06,90.0
SC-108,2026-07-16 12:30:00,44.03,32.6,25.96,90.0
SC-108,2026-07-16 13:00:00,46.33,32.63,29.56,90.0
SC-108,2026-07-16 13:30:00,37.23,27.72,25.53,90.0
SC-108,2026-07-16 14:00:00,40.76,26.66,34.61,90.0
SC-108,2026-07-16 14:30:00,34.11,25.28,25.87,90.0
SC-108,2026-07-16 15:00:00,31.1,21.31,31.48,90.0
SC-108,2026-07-16 15:30:00,27.75,18.87,32.01,90.0
SC-108,2026-07-16 16:00:00,27.06,18.45,31.79,90.0
SC-108,2026-07-16 16:30:00,24.12,16.16,33.0,90.0
SC-108,2026-07-16 17:00:00,20.5,14.33,30.08,90.0
SC-108,2026-07-16 17:30:00,19.61,14.16,27.78,90.0
SC-108,2026-07-16 18:00:00,14.58,10.58,27.43,90.0
SC-108,2026-07-16 18:30:00,12.32,9.78,20.57,90.0
SC-108,2026-07-16 19:00:00,9.83,6.81,30.71,90.0
SC-108,2026-07-16 19:30:00,8.18,5.71,30.17,90.0
SC-108,2026-07-17 08:00:00,8.84,6.6,25.35,90.0
SC-108,2026-07-17 08:30:00,15.66,10.66,31.95,90.0
SC-108,2026-07-17 09:00:00,15.61,11.42,26.84,90.0
SC-108,2026-07-17 09:30:00,22.32,15.67,29.81,90.0
SC-108,2026-07-17 10:00:00,24.31,16.33,32.84,90.0
SC-108,2026-07-17 10:30:00,24.58,17.19,30.07,90.0
SC-108,2026-07-17 11:00:00,23.95,16.78,29.92,90.0
SC-108,2026-07-17 11:30:00,25.13,18.88,24.89,90.0
SC-108,2026-07-17 12:00:00,22.63,16.33,27.83,90.0
SC-108,2026-07-17 12:30:00,19.91,14.75,25.89,90.0
SC-108,2026-07-17 13:00:00,23.1,15.85,31.39,90.0
SC-108,2026-07-17 13:30:00,21.0,15.23,27.47,90.0
SC-108,2026-07-17 14:00:00,20.16,14.32,28.95,90.0
SC-108,2026-07-17 14:30:00,16.48,11.67,29.14,90.0
SC-108,2026-07-17 15:00:00,17.35,12.76,26.42,90.0
SC-108,2026-07-17 15:30:00,15.01,10.68,28.87,90.0
SC-108,2026-07-17 16:00:00,14.98,10.67,28.75,90.0
SC-108,2026-07-17 16:30:00,12.5,8.93,28.51,90.0
SC-108,2026-07-17 17:00:00,10.66,7.48,29.85,90.0
SC-108,2026-07-17 17:30:00,11.0,7.9,28.19,90.0
SC-108,2026-07-17 18:00:00,9.14,6.62,27.6,90.0
SC-108,2026-07-17 18:30:00,6.37,4.97,21.92,90.0
SC-108,2026-07-17 19:00:00,5.08,3.7,27.16,90.0
SC-108,2026-07-17 19:30:00,4.6,3.23,29.86,90.0
SC-108,2026-07-18 08:00:00,6.76,4.62,31.63,90.0
SC-108,2026-07-18 08:30:00,9.22,6.95,24.65,90.0
SC-108,2026-07-18 09:00:00,10.94,8.31,24.06,90.0
SC-108,2026-07-18 09:30:00,13.95,9.96,28.66,90.0
SC-108,2026-07-18 10:00:00,17.52,11.89,32.14,90.0
SC-108,2026-07-18 10:30:00,18.52,12.8,30.89,90.0
SC-108,2026-07-18 11:00:00,18.8,13.5,28.2,90.0
SC-108,2026-07-18 11:30:00,16.56,12.37,25.3,90.0
SC-108,2026-07-18 12:00:00,17.03,12.79,24.88,90.0
SC-108,2026-07-18 12:30:00,15.84,11.09,30.0,90.0
SC-108,2026-07-18 13:00:00,13.26,10.23,22.88,90.0
SC-108,2026-07-18 13:30:00,14.76,9.98,32.4,90.0
SC-108,2026-07-18 14:00:00,12.69,9.65,23.98,90.0
SC-108,2026-07-18 14:30:00,11.45,8.11,29.16,90.0
SC-108,2026-07-18 15:00:00,11.98,8.65,27.77,90.0
SC-108,2026-07-18 15:30:00,9.04,6.56,27.37,90.0
SC-108,2026-07-18 16:00:00,8.34,6.56,21.3,90.0
SC-108,2026-07-18 16:30:00,9.34,6.28,32.81,90.0
SC-108,2026-07-18 17:00:00,8.18,5.79,29.16,90.0
SC-108,2026-07-18 17:30:00,7.28,5.58,23.34,90.0
SC-108,2026-07-18 18:00:00,5.94,4.33,27.07,90.0
SC-108,2026-07-18 18:30:00,4.64,3.41,26.49,90.0
SC-108,2026-07-18 19:00:00,4.15,2.86,31.03,90.0
SC-108,2026-07-18 19:30:00,2.78,1.98,28.63,90.0
SC-108,2026-07-19 08:00:00,18.85,14.48,23.17,90.0
SC-108,2026-07-19 08:30:00,28.62,21.95,23.29,90.0
SC-108,2026-07-19 09:00:00,38.73,27.95,27.84,90.0
SC-108,2026-07-19 09:30:00,47.85,33.17,30.68,90.0
SC-108,2026-07-19 10:00:00,46.65,33.2,28.82,90.0
SC-108,2026-07-19 10:30:00,50.6,36.12,28.63,90.0
SC-108,2026-07-19 11:00:00,55.08,38.94,29.31,90.0
SC-108,2026-07-19 11:30:00,52.64,40.06,23.88,90.0
SC-108,2026-07-19 12:00:00,57.77,39.44,31.72,90.0
SC-108,2026-07-19 12:30:00,47.29,33.99,28.13,90.0
SC-108,2026-07-19 13:00:00,51.8,33.67,35.0,90.0
SC-108,2026-07-19 13:30:00,39.7,27.95,29.6,90.0
SC-108,2026-07-19 14:00:00,35.2,25.38,27.89,90.0
SC-108,2026-07-19 14:30:00,37.22,26.19,29.62,90.0
SC-108,2026-07-19 15:00:00,37.09,25.85,30.3,90.0
SC-108,2026-07-19 15:30:00,37.04,23.1,37.63,90.0
SC-108,2026-07-19 16:00:00,31.85,21.64,32.07,90.0
SC-108,2026-07-19 16:30:00,27.39,20.44,25.35,90.0
SC-108,2026-07-19 17:00:00,25.86,18.87,27.02,90.0
SC-108,2026-07-19 17:30:00,21.05,15.54,26.16,90.0
SC-108,2026-07-19 18:00:00,16.92,12.67,25.12,90.0
SC-108,2026-07-19 18:30:00,13.44,9.64,28.24,90.0
SC-108,2026-07-19 19:00:00,11.32,7.82,30.95,90.0
SC-108,2026-07-19 19:30:00,8.56,6.39,25.37,90.0
SC-108,2026-07-20 08:00:00,23.54,17.48,25.76,90.0
SC-108,2026-07-20 08:30:00,30.01,21.8,27.36,90.0
SC-108,2026-07-20 09:00:00,36.98,27.36,26.0,90.0
SC-108,2026-07-20 09:30:00,41.85,30.29,27.64,90.0
SC-108,2026-07-20 10:00:00,55.17,37.46,32.1,90.0
SC-108,2026-07-20 10:30:00,66.5,45.64,31.38,90.0
SC-108,2026-07-20 11:00:00,55.91,39.06,30.14,90.0
SC-108,2026-07-20 11:30:00,57.41,43.7,23.89,90.0
SC-108,2026-07-20 12:00:00,63.45,42.07,33.7,90.0
SC-108,2026-07-20 12:30:00,46.68,36.11,22.65,90.0
SC-108,2026-07-20 13:00:00,43.56,30.87,29.12,90.0
SC-108,2026-07-20 13:30:00,41.22,29.56,28.28,90.0
SC-108,2026-07-20 14:00:00,41.98,29.17,30.53,90.0
SC-108,2026-07-20 14:30:00,44.31,29.96,32.38,90.0
SC-108,2026-07-20 15:00:00,36.2,26.34,27.24,90.0
SC-108,2026-07-20 15:30:00,29.94,22.7,24.18,90.0
SC-108,2026-07-20 16:00:00,27.45,21.27,22.5,90.0
SC-108,2026-07-20 16:30:00,28.31,20.04,29.21,90.0
SC-108,2026-07-20 17:00:00,22.43,17.13,23.6,90.0
SC-108,2026-07-20 17:30:00,20.13,15.05,25.27,90.0
SC-108,2026-07-20 18:00:00,20.46,13.29,35.05,90.0
SC-108,2026-07-20 18:30:00,15.78,11.22,28.87,90.0
SC-108,2026-07-20 19:00:00,10.05,7.31,27.2,90.0
SC-108,2026-07-20 19:30:00,8.33,6.54,21.5,90.0
SC-108,2026-07-21 08:00:00,17.07,12.79,25.05,90.0
SC-108,2026-07-21 08:30:00,29.3,19.93,31.99,90.0
SC-108,2026-07-21 09:00:00,32.25,24.01,25.55,90.0
SC-108,2026-07-21 09:30:00,39.8,28.8,27.63,90.0
SC-108,2026-07-21 10:00:00,46.6,33.04,29.08,90.0
SC-108,2026-07-21 10:30:00,46.18,33.13,28.28,90.0
SC-108,2026-07-21 11:00:00,45.34,35.82,21.0,90.0
SC-108,2026-07-21 11:30:00,48.22,35.17,27.06,90.0
SC-108,2026-07-21 12:00:00,48.15,35.4,26.48,90.0
SC-108,2026-07-21 12:30:00,39.98,28.1,29.72,90.0
SC-108,2026-07-21 13:00:00,42.3,29.71,29.77,90.0
SC-108,2026-07-21 13:30:00,34.65,26.84,22.54,90.0
SC-108,2026-07-21 14:00:00,39.3,28.61,27.2,90.0
SC-108,2026-07-21 14:30:00,36.94,26.81,27.42,90.0
SC-108,2026-07-21 15:00:00,33.82,23.48,30.57,90.0
SC-108,2026-07-21 15:30:00,26.79,18.86,29.59,90.0
SC-108,2026-07-21 16:00:00,25.78,18.16,29.57,90.0
SC-108,2026-07-21 16:30:00,23.25,15.95,31.38,90.0
SC-108,2026-07-21 17:00:00,21.55,14.94,30.69,90.0
SC-108,2026-07-21 17:30:00,17.61,12.5,29.01,90.0
SC-108,2026-07-21 18:00:00,18.29,12.34,32.53,90.0
SC-108,2026-07-21 18:30:00,12.73,8.89,30.17,90.0
SC-108,2026-07-21 19:00:00,9.06,6.9,23.79,90.0
SC-108,2026-07-21 19:30:00,7.44,5.5,26.07,90.0
SC-108,2026-07-22 08:00:00,18.12,13.82,23.71,90.0
SC-108,2026-07-22 08:30:00,27.74,20.33,26.73,90.0
SC-108,2026-07-22 09:00:00,35.19,25.73,26.86,90.0
SC-108,2026-07-22 09:30:00,46.14,35.36,23.37,90.0
SC-108,2026-07-22 10:00:00,50.05,34.38,31.31,90.0
SC-108,2026-07-22 10:30:00,51.07,37.25,27.05,90.0
SC-108,2026-07-22 11:00:00,44.48,33.02,25.77,90.0
SC-108,2026-07-22 11:30:00,51.06,36.11,29.28,90.0
SC-108,2026-07-22 12:00:00,49.34,33.16,32.78,90.0
SC-108,2026-07-22 12:30:00,45.46,31.56,30.59,90.0
SC-108,2026-07-22 13:00:00,48.39,33.26,31.26,90.0
SC-108,2026-07-22 13:30:00,43.25,30.74,28.92,90.0
SC-108,2026-07-22 14:00:00,35.3,26.97,23.6,90.0
SC-108,2026-07-22 14:30:00,35.51,24.7,30.42,90.0
SC-108,2026-07-22 15:00:00,36.08,27.66,23.34,90.0
SC-108,2026-07-22 15:30:00,34.13,22.98,32.67,90.0
SC-108,2026-07-22 16:00:00,28.72,21.22,26.12,90.0
SC-108,2026-07-22 16:30:00,26.94,19.77,26.61,90.0
SC-108,2026-07-22 17:00:00,26.38,18.43,30.16,90.0
SC-108,2026-07-22 17:30:00,20.19,15.19,24.75,90.0
SC-108,2026-07-22 18:00:00,15.88,11.91,25.01,90.0
SC-108,2026-07-22 18:30:00,15.73,11.16,29.07,90.0
SC-108,2026-07-22 19:00:00,12.24,8.63,29.51,90.0
SC-108,2026-07-22 19:30:00,8.79,6.48,26.26,90.0
SC-108,2026-07-23 08:00:00,14.54,10.77,25.97,90.0
SC-108,2026-07-23 08:30:00,21.63,16.59,23.3,90.0
SC-108,2026-07-23 09:00:00,31.89,22.63,29.02,90.0
SC-108,2026-07-23 09:30:00,38.44,25.4,33.92,90.0
SC-108,2026-07-23 10:00:00,40.86,28.08,31.28,90.0
SC-108,2026-07-23 10:30:00,45.6,30.72,32.63,90.0
SC-108,2026-07-23 11:00:00,48.82,34.68,28.95,90.0
SC-108,2026-07-23 11:30:00,41.52,31.68,23.68,90.0
SC-108,2026-07-23 12:00:00,45.53,32.9,27.74,90.0
SC-108,2026-07-23 12:30:00,40.14,27.27,32.07,90.0
SC-108,2026-07-23 13:00:00,40.93,29.17,28.72,90.0
SC-108,2026-07-23 13:30:00,32.17,24.49,23.85,90.0
SC-108,2026-07-23 14:00:00,37.94,24.9,34.37,90.0
SC-108,2026-07-23 14:30:00,32.36,22.24,31.28,90.0
SC-108,2026-07-23 15:00:00,25.93,19.92,23.18,90.0
SC-108,2026-07-23 15:30:00,27.08,19.83,26.78,90.0
SC-108,2026-07-23 16:00:00,28.17,19.71,30.04,90.0
SC-108,2026-07-23 16:30:00,23.43,18.3,21.89,90.0
SC-108,2026-07-23 17:00:00,21.28,14.77,30.56,90.0
SC-108,2026-07-23 17:30:00,18.7,13.95,25.4,90.0
SC-108,2026-07-23 18:00:00,16.2,10.65,34.27,90.0
SC-108,2026-07-23 18:30:00,11.33,8.63,23.81,90.0
SC-108,2026-07-23 19:00:00,9.03,6.61,26.78,90.0
SC-108,2026-07-23 19:30:00,6.76,5.04,25.41,90.0
SC-108,2026-07-24 08:00:00,7.09,5.01,29.38,90.0
SC-108,2026-07-24 08:30:00,12.96,8.81,32.02,90.0
SC-108,2026-07-24 09:00:00,16.22,10.88,32.92,90.0
SC-108,2026-07-24 09:30:00,20.74,14.88,28.25,90.0
SC-108,2026-07-24 10:00:00,23.79,15.31,35.67,90.0
SC-108,2026-07-24 10:30:00,23.03,15.55,32.47,90.0
SC-108,2026-07-24 11:00:00,21.46,15.49,27.83,90.0
SC-108,2026-07-24 11:30:00,20.54,15.0,27.01,90.0
SC-108,2026-07-24 12:00:00,23.92,16.4,31.46,90.0
SC-108,2026-07-24 12:30:00,21.18,14.78,30.23,90.0
SC-108,2026-07-24 13:00:00,20.13,12.67,37.06,90.0
SC-108,2026-07-24 13:30:00,17.22,13.61,20.94,90.0
SC-108,2026-07-24 14:00:00,16.91,13.01,23.06,90.0
SC-108,2026-07-24 14:30:00,15.07,11.22,25.58,90.0
SC-108,2026-07-24 15:00:00,15.9,10.88,31.59,90.0
SC-108,2026-07-24 15:30:00,15.06,9.87,34.5,90.0
SC-108,2026-07-24 16:00:00,12.72,9.39,26.2,90.0
SC-108,2026-07-24 16:30:00,12.48,9.35,25.08,90.0
SC-108,2026-07-24 17:00:00,10.17,7.17,29.47,90.0
SC-108,2026-07-24 17:30:00,9.94,7.31,26.43,90.0
SC-108,2026-07-24 18:00:00,8.21,5.7,30.58,90.0
SC-108,2026-07-24 18:30:00,6.61,4.76,27.88,90.0
SC-108,2026-07-24 19:00:00,5.02,3.71,26.14,90.0
SC-108,2026-07-24 19:30:00,4.08,2.9,29.07,90.0
SC-108,2026-07-25 08:00:00,6.87,4.69,31.77,90.0
SC-108,2026-07-25 08:30:00,8.76,6.29,28.28,90.0
SC-108,2026-07-25 09:00:00,12.27,9.16,25.4,90.0
SC-108,2026-07-25 09:30:00,13.51,10.32,23.59,90.0
SC-108,2026-07-25 10:00:00,17.07,11.93,30.09,90.0
SC-108,2026-07-25 10:30:00,17.93,12.09,32.57,90.0
SC-108,2026-07-25 11:00:00,17.43,12.66,27.37,90.0
SC-108,2026-07-25 11:30:00,20.58,14.78,28.18,90.0
SC-108,2026-07-25 12:00:00,18.66,12.17,34.79,90.0
SC-108,2026-07-25 12:30:00,19.61,12.7,35.27,90.0
SC-108,2026-07-25 13:00:00,13.54,9.38,30.74,90.0
SC-108,2026-07-25 13:30:00,13.41,9.27,30.88,90.0
SC-108,2026-07-25 14:00:00,15.12,10.8,28.56,90.0
SC-108,2026-07-25 14:30:00,13.32,8.99,32.51,90.0
SC-108,2026-07-25 15:00:00,11.13,8.66,22.27,90.0
SC-108,2026-07-25 15:30:00,10.91,7.55,30.79,90.0
SC-108,2026-07-25 16:00:00,10.05,7.38,26.6,90.0
SC-108,2026-07-25 16:30:00,9.57,6.62,30.83,90.0
SC-108,2026-07-25 17:00:00,7.73,5.56,28.1,90.0
SC-108,2026-07-25 17:30:00,6.59,4.79,27.38,90.0
SC-108,2026-07-25 18:00:00,6.6,4.42,33.02,90.0
SC-108,2026-07-25 18:30:00,4.65,3.25,30.07,90.0
SC-108,2026-07-25 19:00:00,4.12,2.94,28.45,90.0
SC-108,2026-07-25 19:30:00,2.8,2.15,23.13,90.0
SC-108,2026-07-26 08:00:00,18.72,14.04,25.01,90.0
SC-108,2026-07-26 08:30:00,36.22,23.61,34.81,90.0
SC-108,2026-07-26 09:00:00,40.95,28.47,30.49,90.0
SC-108,2026-07-26 09:30:00,43.71,30.29,30.69,90.0
SC-108,2026-07-26 10:00:00,51.88,36.97,28.73,90.0
SC-108,2026-07-26 10:30:00,58.56,43.15,26.31,90.0
SC-108,2026-07-26 11:00:00,64.6,47.06,27.15,90.0
SC-108,2026-07-26 11:30:00,56.56,41.51,26.61,90.0
SC-108,2026-07-26 12:00:00,62.36,45.95,26.32,90.0
SC-108,2026-07-26 12:30:00,42.61,33.49,21.41,90.0
SC-108,2026-07-26 13:00:00,39.58,29.18,26.27,90.0
SC-108,2026-07-26 13:30:00,42.92,33.89,21.03,90.0
SC-108,2026-07-26 14:00:00,46.73,34.57,26.02,90.0
SC-108,2026-07-26 14:30:00,34.25,26.47,22.7,90.0
SC-108,2026-07-26 15:00:00,41.27,29.91,27.53,90.0
SC-108,2026-07-26 15:30:00,33.96,24.33,28.36,90.0
SC-108,2026-07-26 16:00:00,29.07,21.76,25.15,90.0
SC-108,2026-07-26 16:30:00,29.25,21.46,26.63,90.0
SC-108,2026-07-26 17:00:00,23.62,18.13,23.24,90.0
SC-108,2026-07-26 17:30:00,21.44,15.81,26.25,90.0
SC-108,2026-07-26 18:00:00,18.9,13.25,29.86,90.0
SC-108,2026-07-26 18:30:00,14.36,10.65,25.82,90.0
SC-108,2026-07-26 19:00:00,10.54,8.25,21.78,90.0
SC-108,2026-07-26 19:30:00,9.62,6.5,32.48,90.0
SC-108,2026-07-27 08:00:00,17.04,13.21,22.46,90.0
SC-108,2026-07-27 08:30:00,32.95,23.28,29.36,90.0
SC-108,2026-07-27 09:00:00,37.61,28.45,24.36,90.0
SC-108,2026-07-27 09:30:00,39.96,31.46,21.29,90.0
SC-108,2026-07-27 10:00:00,56.25,37.41,33.49,90.0
SC-108,2026-07-27 10:30:00,51.14,37.4,26.87,90.0
SC-108,2026-07-27 11:00:00,53.85,37.7,29.98,90.0
SC-108,2026-07-27 11:30:00,57.33,41.52,27.58,90.0
SC-108,2026-07-27 12:00:00,57.36,39.89,30.45,90.0
SC-108,2026-07-27 12:30:00,47.78,36.95,22.65,90.0
SC-108,2026-07-27 13:00:00,43.75,33.08,24.39,90.0
SC-108,2026-07-27 13:30:00,45.11,34.68,23.11,90.0
SC-108,2026-07-27 14:00:00,40.33,29.72,26.3,90.0
SC-108,2026-07-27 14:30:00,38.04,28.41,25.3,90.0
SC-108,2026-07-27 15:00:00,44.09,29.15,33.88,90.0
SC-108,2026-07-27 15:30:00,36.96,28.09,23.98,90.0
SC-108,2026-07-27 16:00:00,29.24,21.59,26.15,90.0
SC-108,2026-07-27 16:30:00,29.12,19.53,32.93,90.0
SC-108,2026-07-27 17:00:00,24.85,17.44,29.82,90.0
SC-108,2026-07-27 17:30:00,18.16,13.65,24.84,90.0
SC-108,2026-07-27 18:00:00,20.14,14.06,30.21,90.0
SC-108,2026-07-27 18:30:00,15.1,11.47,24.08,90.0
SC-108,2026-07-27 19:00:00,10.58,7.44,29.74,90.0
SC-108,2026-07-27 19:30:00,8.48,5.75,32.22,90.0
SC-109,2026-06-30 08:00:00,21.89,15.31,30.07,60.0
SC-109,2026-06-30 08:30:00,31.95,24.72,22.64,60.0
SC-109,2026-06-30 09:00:00,56.47,38.57,31.7,60.0
SC-109,2026-06-30 09:30:00,58.11,44.54,23.34,60.0
SC-109,2026-06-30 10:00:00,73.53,52.28,28.91,60.0
SC-109,2026-06-30 10:30:00,77.32,52.46,32.15,60.0
SC-109,2026-06-30 11:00:00,72.08,51.66,28.33,60.0
SC-109,2026-06-30 11:30:00,87.39,59.35,32.09,60.0
SC-109,2026-06-30 12:00:00,69.74,46.05,33.97,60.0
SC-109,2026-06-30 12:30:00,68.61,47.1,31.35,60.0
SC-109,2026-06-30 13:00:00,74.07,48.95,33.91,60.0
SC-109,2026-06-30 13:30:00,58.78,40.6,30.93,60.0
SC-109,2026-06-30 14:00:00,51.87,37.53,27.64,60.0
SC-109,2026-06-30 14:30:00,54.84,37.46,31.68,60.0
SC-109,2026-06-30 15:00:00,49.94,36.32,27.28,60.0
SC-109,2026-06-30 15:30:00,48.8,34.58,29.14,60.0
SC-109,2026-06-30 16:00:00,45.42,32.41,28.64,60.0
SC-109,2026-06-30 16:30:00,36.42,25.0,31.35,60.0
SC-109,2026-06-30 17:00:00,37.23,26.09,29.94,60.0
SC-109,2026-06-30 17:30:00,26.18,19.96,23.75,60.0
SC-109,2026-06-30 18:00:00,27.61,17.8,35.56,60.0
SC-109,2026-06-30 18:30:00,16.21,12.82,20.91,60.0
SC-109,2026-06-30 19:00:00,16.64,11.31,32.07,60.0
SC-109,2026-06-30 19:30:00,12.99,9.02,30.57,60.0
SC-109,2026-06-30 20:00:00,8.98,6.33,29.51,60.0
SC-109,2026-06-30 20:30:00,6.66,4.78,28.12,60.0
SC-109,2026-06-30 21:00:00,5.17,3.59,30.6,60.0
SC-109,2026-06-30 21:30:00,3.42,2.44,28.62,60.0
SC-109,2026-06-30 22:00:00,2.64,2.03,23.14,60.0
SC-109,2026-06-30 22:30:00,2.85,2.16,24.18,60.0
SC-109,2026-06-30 23:00:00,2.84,2.17,23.54,60.0
SC-109,2026-06-30 23:30:00,2.73,2.01,26.48,60.0
SC-109,2026-07-01 08:00:00,25.96,19.55,24.69,60.0
SC-109,2026-07-01 08:30:00,44.8,33.2,25.9,60.0
SC-109,2026-07-01 09:00:00,54.99,39.27,28.58,60.0
SC-109,2026-07-01 09:30:00,66.07,44.9,32.04,60.0
SC-109,2026-07-01 10:00:00,82.04,56.83,30.73,60.0
SC-109,2026-07-01 10:30:00,81.5,55.69,31.67,60.0
SC-109,2026-07-01 11:00:00,83.89,61.88,26.23,60.0
SC-109,2026-07-01 11:30:00,79.86,54.99,31.13,60.0
SC-109,2026-07-01 12:00:00,81.89,60.67,25.91,60.0
SC-109,2026-07-01 12:30:00,76.38,53.92,29.4,60.0
SC-109,2026-07-01 13:00:00,74.81,54.32,27.38,60.0
SC-109,2026-07-01 13:30:00,65.36,49.01,25.02,60.0
SC-109,2026-07-01 14:00:00,51.56,39.29,23.8,60.0
SC-109,2026-07-01 14:30:00,49.65,37.3,24.86,60.0
SC-109,2026-07-01 15:00:00,53.68,38.84,27.66,60.0
SC-109,2026-07-01 15:30:00,53.45,36.9,30.96,60.0
SC-109,2026-07-01 16:00:00,47.27,32.37,31.52,60.0
SC-109,2026-07-01 16:30:00,49.54,35.48,28.4,60.0
SC-109,2026-07-01 17:00:00,37.12,24.37,34.34,60.0
SC-109,2026-07-01 17:30:00,29.84,21.76,27.06,60.0
SC-109,2026-07-01 18:00:00,29.03,20.14,30.62,60.0
SC-109,2026-07-01 18:30:00,20.99,14.63,30.3,60.0
SC-109,2026-07-01 19:00:00,17.31,12.06,30.37,60.0
SC-109,2026-07-01 19:30:00,12.64,8.5,32.74,60.0
SC-109,2026-07-01 20:00:00,10.19,7.01,31.18,60.0
SC-109,2026-07-01 20:30:00,6.58,5.06,23.11,60.0
SC-109,2026-07-01 21:00:00,5.33,3.82,28.4,60.0
SC-109,2026-07-01 21:30:00,3.61,2.53,29.79,60.0
SC-109,2026-07-01 22:00:00,2.78,2.04,26.37,60.0
SC-109,2026-07-01 22:30:00,2.72,2.0,26.64,60.0
SC-109,2026-07-01 23:00:00,2.84,1.98,30.32,60.0
SC-109,2026-07-01 23:30:00,2.78,1.97,29.09,60.0
SC-109,2026-07-02 08:00:00,25.05,17.63,29.62,60.0
SC-109,2026-07-02 08:30:00,38.64,28.4,26.48,60.0
SC-109,2026-07-02 09:00:00,45.66,31.95,30.02,60.0
SC-109,2026-07-02 09:30:00,67.0,41.27,38.41,60.0
SC-109,2026-07-02 10:00:00,79.39,56.3,29.09,60.0
SC-109,2026-07-02 10:30:00,83.4,61.98,25.69,60.0
SC-109,2026-07-02 11:00:00,75.34,56.49,25.01,60.0
SC-109,2026-07-02 11:30:00,72.48,53.63,26.0,60.0
SC-109,2026-07-02 12:00:00,69.03,49.25,28.65,60.0
SC-109,2026-07-02 12:30:00,78.58,53.5,31.92,60.0
SC-109,2026-07-02 13:00:00,57.18,41.15,28.03,60.0
SC-109,2026-07-02 13:30:00,62.12,47.73,23.16,60.0
SC-109,2026-07-02 14:00:00,57.13,41.81,26.81,60.0
SC-109,2026-07-02 14:30:00,51.2,38.87,24.08,60.0
SC-109,2026-07-02 15:00:00,45.18,35.98,20.36,60.0
SC-109,2026-07-02 15:30:00,59.26,37.56,36.63,60.0
SC-109,2026-07-02 16:00:00,54.04,36.71,32.07,60.0
SC-109,2026-07-02 16:30:00,44.51,31.18,29.96,60.0
SC-109,2026-07-02 17:00:00,36.89,25.48,30.94,60.0
SC-109,2026-07-02 17:30:00,30.16,20.06,33.49,60.0
SC-109,2026-07-02 18:00:00,24.54,16.93,31.02,60.0
SC-109,2026-07-02 18:30:00,18.5,13.24,28.4,60.0
SC-109,2026-07-02 19:00:00,14.95,11.34,24.18,60.0
SC-109,2026-07-02 19:30:00,13.19,9.02,31.61,60.0
SC-109,2026-07-02 20:00:00,8.15,6.13,24.83,60.0
SC-109,2026-07-02 20:30:00,6.8,5.35,21.26,60.0
SC-109,2026-07-02 21:00:00,5.5,3.84,30.11,60.0
SC-109,2026-07-02 21:30:00,3.64,2.56,29.73,60.0
SC-109,2026-07-02 22:00:00,2.66,2.06,22.44,60.0
SC-109,2026-07-02 22:30:00,2.89,2.02,30.11,60.0
SC-109,2026-07-02 23:00:00,2.81,2.05,26.96,60.0
SC-109,2026-07-02 23:30:00,2.77,2.01,27.6,60.0
SC-109,2026-07-03 08:00:00,13.33,9.95,25.35,60.0
SC-109,2026-07-03 08:30:00,20.84,14.92,28.37,60.0
SC-109,2026-07-03 09:00:00,29.79,20.05,32.71,60.0
SC-109,2026-07-03 09:30:00,31.18,21.56,30.85,60.0
SC-109,2026-07-03 10:00:00,36.94,25.85,30.03,60.0
SC-109,2026-07-03 10:30:00,32.54,22.02,32.32,60.0
SC-109,2026-07-03 11:00:00,32.27,23.63,26.75,60.0
SC-109,2026-07-03 11:30:00,38.91,27.59,29.1,60.0
SC-109,2026-07-03 12:00:00,35.47,27.76,21.74,60.0
SC-109,2026-07-03 12:30:00,29.19,20.92,28.34,60.0
SC-109,2026-07-03 13:00:00,32.67,22.96,29.7,60.0
SC-109,2026-07-03 13:30:00,30.26,22.1,26.98,60.0
SC-109,2026-07-03 14:00:00,29.91,20.19,32.49,60.0
SC-109,2026-07-03 14:30:00,26.58,18.0,32.26,60.0
SC-109,2026-07-03 15:00:00,25.69,18.6,27.61,60.0
SC-109,2026-07-03 15:30:00,20.61,15.82,23.27,60.0
SC-109,2026-07-03 16:00:00,18.64,13.89,25.45,60.0
SC-109,2026-07-03 16:30:00,17.93,13.36,25.5,60.0
SC-109,2026-07-03 17:00:00,16.51,12.39,24.99,60.0
SC-109,2026-07-03 17:30:00,13.92,9.52,31.59,60.0
SC-109,2026-07-03 18:00:00,12.79,8.92,30.27,60.0
SC-109,2026-07-03 18:30:00,9.55,7.42,22.29,60.0
SC-109,2026-07-03 19:00:00,8.15,5.95,27.07,60.0
SC-109,2026-07-03 19:30:00,6.21,4.68,24.75,60.0
SC-109,2026-07-03 20:00:00,4.48,3.5,21.89,60.0
SC-109,2026-07-03 20:30:00,3.36,2.55,23.94,60.0
SC-109,2026-07-03 21:00:00,2.78,1.88,32.13,60.0
SC-109,2026-07-03 21:30:00,2.63,2.15,18.26,60.0
SC-109,2026-07-03 22:00:00,2.97,2.03,31.54,60.0
SC-109,2026-07-03 22:30:00,3.07,2.11,31.49,60.0
SC-109,2026-07-03 23:00:00,2.87,1.97,31.42,60.0
SC-109,2026-07-03 23:30:00,2.91,1.94,33.17,60.0
SC-109,2026-07-04 08:00:00,8.58,6.29,26.7,60.0
SC-109,2026-07-04 08:30:00,16.76,10.84,35.34,60.0
SC-109,2026-07-04 09:00:00,14.61,11.23,23.13,60.0
SC-109,2026-07-04 09:30:00,18.6,12.36,33.58,60.0
SC-109,2026-07-04 10:00:00,24.05,17.4,27.65,60.0
SC-109,2026-07-04 10:30:00,22.38,15.72,29.73,60.0
SC-109,2026-07-04 11:00:00,22.07,16.69,24.37,60.0
SC-109,2026-07-04 11:30:00,25.04,17.11,31.67,60.0
SC-109,2026-07-04 12:00:00,21.64,16.98,21.53,60.0
SC-109,2026-07-04 12:30:00,24.32,16.78,31.02,60.0
SC-109,2026-07-04 13:00:00,19.43,14.22,26.82,60.0
SC-109,2026-07-04 13:30:00,16.99,13.1,22.87,60.0
SC-109,2026-07-04 14:00:00,17.78,13.11,26.25,60.0
SC-109,2026-07-04 14:30:00,18.17,11.73,35.47,60.0
SC-109,2026-07-04 15:00:00,13.38,9.73,27.32,60.0
SC-109,2026-07-04 15:30:00,11.59,8.96,22.67,60.0
SC-109,2026-07-04 16:00:00,15.31,10.92,28.63,60.0
SC-109,2026-07-04 16:30:00,11.64,8.8,24.4,60.0
SC-109,2026-07-04 17:00:00,11.5,8.29,27.94,60.0
SC-109,2026-07-04 17:30:00,10.14,7.09,30.14,60.0
SC-109,2026-07-04 18:00:00,8.41,5.65,32.78,60.0
SC-109,2026-07-04 18:30:00,6.91,4.85,29.84,60.0
SC-109,2026-07-04 19:00:00,4.81,3.62,24.78,60.0
SC-109,2026-07-04 19:30:00,3.87,2.88,25.41,60.0
SC-109,2026-07-04 20:00:00,3.33,2.45,26.32,60.0
SC-109,2026-07-04 20:30:00,2.64,1.92,27.16,60.0
SC-109,2026-07-04 21:00:00,2.7,1.95,27.67,60.0
SC-109,2026-07-04 21:30:00,2.74,2.02,26.29,60.0
SC-109,2026-07-04 22:00:00,2.44,2.03,17.05,60.0
SC-109,2026-07-04 22:30:00,3.17,2.14,32.47,60.0
SC-109,2026-07-04 23:00:00,2.84,1.96,30.88,60.0
SC-109,2026-07-04 23:30:00,2.82,2.11,25.27,60.0
SC-109,2026-07-05 08:00:00,34.17,24.47,28.38,60.0
SC-109,2026-07-05 08:30:00,48.13,33.94,29.47,60.0
SC-109,2026-07-05 09:00:00,56.24,42.66,24.15,60.0
SC-109,2026-07-05 09:30:00,90.48,63.63,29.67,60.0
SC-109,2026-07-05 10:00:00,91.56,62.8,31.42,60.0
SC-109,2026-07-05 10:30:00,92.34,63.04,31.73,60.0
SC-109,2026-07-05 11:00:00,97.26,67.1,31.01,60.0
SC-109,2026-07-05 11:30:00,83.33,57.94,30.48,60.0
SC-109,2026-07-05 12:00:00,79.58,56.8,28.63,60.0
SC-109,2026-07-05 12:30:00,90.77,66.22,27.05,60.0
SC-109,2026-07-05 13:00:00,76.84,56.28,26.77,60.0
SC-109,2026-07-05 13:30:00,78.43,54.96,29.93,60.0
SC-109,2026-07-05 14:00:00,63.09,48.74,22.75,60.0
SC-109,2026-07-05 14:30:00,65.21,50.43,22.67,60.0
SC-109,2026-07-05 15:00:00,67.91,45.66,32.77,60.0
SC-109,2026-07-05 15:30:00,58.81,41.01,30.26,60.0
SC-109,2026-07-05 16:00:00,50.62,37.46,25.99,60.0
SC-109,2026-07-05 16:30:00,48.68,35.2,27.69,60.0
SC-109,2026-07-05 17:00:00,37.95,28.18,25.74,60.0
SC-109,2026-07-05 17:30:00,34.67,24.49,29.37,60.0
SC-109,2026-07-05 18:00:00,31.01,21.17,31.73,60.0
SC-109,2026-07-05 18:30:00,27.56,18.79,31.84,60.0
SC-109,2026-07-05 19:00:00,18.07,13.8,23.64,60.0
SC-109,2026-07-05 19:30:00,14.0,10.58,24.46,60.0
SC-109,2026-07-05 20:00:00,10.89,8.09,25.71,60.0
SC-109,2026-07-05 20:30:00,7.2,5.6,22.32,60.0
SC-109,2026-07-05 21:00:00,5.45,4.04,25.94,60.0
SC-109,2026-07-05 21:30:00,4.48,3.33,25.61,60.0
SC-109,2026-07-05 22:00:00,2.91,2.13,26.8,60.0
SC-109,2026-07-05 22:30:00,2.35,1.78,24.45,60.0
SC-109,2026-07-05 23:00:00,2.82,2.09,25.93,60.0
SC-109,2026-07-05 23:30:00,2.9,1.96,32.28,60.0
SC-109,2026-07-06 08:00:00,27.3,20.99,23.11,60.0
SC-109,2026-07-06 08:30:00,50.26,34.79,30.78,60.0
SC-109,2026-07-06 09:00:00,49.5,38.47,22.27,60.0
SC-109,2026-07-06 09:30:00,60.48,47.81,20.95,60.0
SC-109,2026-07-06 10:00:00,84.77,58.53,30.96,60.0
SC-109,2026-07-06 10:30:00,72.0,53.14,26.2,60.0
SC-109,2026-07-06 11:00:00,96.84,68.73,29.03,60.0
SC-109,2026-07-06 11:30:00,82.8,62.37,24.67,60.0
SC-109,2026-07-06 12:00:00,81.5,59.13,27.46,60.0
SC-109,2026-07-06 12:30:00,84.25,62.24,26.13,60.0
SC-109,2026-07-06 13:00:00,68.21,53.06,22.21,60.0
SC-109,2026-07-06 13:30:00,69.97,46.76,33.17,60.0
SC-109,2026-07-06 14:00:00,73.45,51.57,29.79,60.0
SC-109,2026-07-06 14:30:00,73.47,46.8,36.31,60.0
SC-109,2026-07-06 15:00:00,62.02,43.4,30.01,60.0
SC-109,2026-07-06 15:30:00,49.88,35.79,28.26,60.0
SC-109,2026-07-06 16:00:00,46.71,34.41,26.32,60.0
SC-109,2026-07-06 16:30:00,42.47,31.87,24.97,60.0
SC-109,2026-07-06 17:00:00,41.29,27.94,32.34,60.0
SC-109,2026-07-06 17:30:00,38.4,26.69,30.5,60.0
SC-109,2026-07-06 18:00:00,28.67,21.47,25.13,60.0
SC-109,2026-07-06 18:30:00,23.76,17.49,26.37,60.0
SC-109,2026-07-06 19:00:00,17.22,13.12,23.81,60.0
SC-109,2026-07-06 19:30:00,14.2,10.03,29.35,60.0
SC-109,2026-07-06 20:00:00,9.39,6.83,27.25,60.0
SC-109,2026-07-06 20:30:00,8.35,5.99,28.22,60.0
SC-109,2026-07-06 21:00:00,5.21,4.12,21.04,60.0
SC-109,2026-07-06 21:30:00,4.26,2.86,32.73,60.0
SC-109,2026-07-06 22:00:00,2.62,2.03,22.64,60.0
SC-109,2026-07-06 22:30:00,3.03,2.06,32.18,60.0
SC-109,2026-07-06 23:00:00,2.93,1.99,32.03,60.0
SC-109,2026-07-06 23:30:00,2.51,1.96,21.91,60.0
SC-109,2026-07-07 08:00:00,26.99,20.45,24.21,60.0
SC-109,2026-07-07 08:30:00,48.0,34.34,28.47,60.0
SC-109,2026-07-07 09:00:00,50.12,35.87,28.43,60.0
SC-109,2026-07-07 09:30:00,62.46,49.38,20.94,60.0
SC-109,2026-07-07 10:00:00,77.63,56.15,27.68,60.0
SC-109,2026-07-07 10:30:00,77.23,52.98,31.41,60.0
SC-109,2026-07-07 11:00:00,68.87,49.93,27.51,60.0
SC-109,2026-07-07 11:30:00,86.6,65.28,24.62,60.0
SC-109,2026-07-07 12:00:00,80.32,62.17,22.6,60.0
SC-109,2026-07-07 12:30:00,76.07,52.09,31.53,60.0
SC-109,2026-07-07 13:00:00,66.71,48.03,28.0,60.0
SC-109,2026-07-07 13:30:00,59.31,41.23,30.49,60.0
SC-109,2026-07-07 14:00:00,62.73,41.04,34.58,60.0
SC-109,2026-07-07 14:30:00,55.9,38.53,31.08,60.0
SC-109,2026-07-07 15:00:00,47.44,36.38,23.31,60.0
SC-109,2026-07-07 15:30:00,63.72,41.82,34.37,60.0
SC-109,2026-07-07 16:00:00,48.8,34.1,30.12,60.0
SC-109,2026-07-07 16:30:00,42.26,30.53,27.75,60.0
SC-109,2026-07-07 17:00:00,38.59,27.68,28.27,60.0
SC-109,2026-07-07 17:30:00,34.48,23.33,32.33,60.0
SC-109,2026-07-07 18:00:00,30.8,20.06,34.87,60.0
SC-109,2026-07-07 18:30:00,21.58,15.36,28.8,60.0
SC-109,2026-07-07 19:00:00,16.79,11.97,28.7,60.0
SC-109,2026-07-07 19:30:00,12.6,9.3,26.18,60.0
SC-109,2026-07-07 20:00:00,10.38,7.3,29.65,60.0
SC-109,2026-07-07 20:30:00,7.91,5.68,28.15,60.0
SC-109,2026-07-07 21:00:00,5.73,4.06,29.17,60.0
SC-109,2026-07-07 21:30:00,3.43,2.5,27.16,60.0
SC-109,2026-07-07 22:00:00,2.71,2.05,24.31,60.0
SC-109,2026-07-07 22:30:00,2.56,1.93,24.57,60.0
SC-109,2026-07-07 23:00:00,2.74,2.01,26.8,60.0
SC-109,2026-07-07 23:30:00,2.86,1.99,30.33,60.0
SC-109,2026-07-08 08:00:00,30.25,22.12,26.89,60.0
SC-109,2026-07-08 08:30:00,49.02,34.32,29.99,60.0
SC-109,2026-07-08 09:00:00,59.98,41.61,30.62,60.0
SC-109,2026-07-08 09:30:00,68.98,46.68,32.33,60.0
SC-109,2026-07-08 10:00:00,62.6,47.83,23.6,60.0
SC-109,2026-07-08 10:30:00,77.55,54.3,29.97,60.0
SC-109,2026-07-08 11:00:00,88.27,61.32,30.53,60.0
SC-109,2026-07-08 11:30:00,79.53,58.54,26.4,60.0
SC-109,2026-07-08 12:00:00,86.35,64.63,25.15,60.0
SC-109,2026-07-08 12:30:00,90.08,63.29,29.74,60.0
SC-109,2026-07-08 13:00:00,81.0,56.37,30.4,60.0
SC-109,2026-07-08 13:30:00,67.08,54.16,19.26,60.0
SC-109,2026-07-08 14:00:00,66.74,49.67,25.58,60.0
SC-109,2026-07-08 14:30:00,60.72,41.38,31.86,60.0
SC-109,2026-07-08 15:00:00,62.51,44.43,28.92,60.0
SC-109,2026-07-08 15:30:00,53.99,35.98,33.36,60.0
SC-109,2026-07-08 16:00:00,55.29,40.0,27.65,60.0
SC-109,2026-07-08 16:30:00,48.38,35.96,25.67,60.0
SC-109,2026-07-08 17:00:00,37.64,28.99,22.97,60.0
SC-109,2026-07-08 17:30:00,38.79,25.68,33.79,60.0
SC-109,2026-07-08 18:00:00,33.36,23.42,29.78,60.0
SC-109,2026-07-08 18:30:00,24.35,17.39,28.59,60.0
SC-109,2026-07-08 19:00:00,19.57,12.91,34.04,60.0
SC-109,2026-07-08 19:30:00,12.69,9.44,25.65,60.0
SC-109,2026-07-08 20:00:00,10.77,8.08,24.96,60.0
SC-109,2026-07-08 20:30:00,7.05,5.07,28.04,60.0
SC-109,2026-07-08 21:00:00,5.61,4.15,26.09,60.0
SC-109,2026-07-08 21:30:00,3.36,2.66,20.94,60.0
SC-109,2026-07-08 22:00:00,2.78,1.95,29.7,60.0
SC-109,2026-07-08 22:30:00,2.93,2.02,30.91,60.0
SC-109,2026-07-08 23:00:00,2.74,2.05,25.39,60.0
SC-109,2026-07-08 23:30:00,3.02,2.03,32.93,60.0
SC-109,2026-07-09 08:00:00,21.52,16.65,22.67,60.0
SC-109,2026-07-09 08:30:00,36.28,26.35,27.37,60.0
SC-109,2026-07-09 09:00:00,47.94,34.52,28.0,60.0
SC-109,2026-07-09 09:30:00,58.87,42.17,28.36,60.0
SC-109,2026-07-09 10:00:00,72.56,54.44,24.97,60.0
SC-109,2026-07-09 10:30:00,65.41,47.6,27.23,60.0
SC-109,2026-07-09 11:00:00,69.38,50.66,26.98,60.0
SC-109,2026-07-09 11:30:00,68.94,49.82,27.74,60.0
SC-109,2026-07-09 12:00:00,68.99,49.44,28.34,60.0
SC-109,2026-07-09 12:30:00,60.5,44.16,27.02,60.0
SC-109,2026-07-09 13:00:00,57.74,43.24,25.11,60.0
SC-109,2026-07-09 13:30:00,67.54,45.66,32.4,60.0
SC-109,2026-07-09 14:00:00,42.77,31.99,25.2,60.0
SC-109,2026-07-09 14:30:00,50.18,35.82,28.61,60.0
SC-109,2026-07-09 15:00:00,45.09,31.8,29.46,60.0
SC-109,2026-07-09 15:30:00,41.9,30.6,26.95,60.0
SC-109,2026-07-09 16:00:00,38.08,27.39,28.06,60.0
SC-109,2026-07-09 16:30:00,38.71,27.3,29.48,60.0
SC-109,2026-07-09 17:00:00,30.77,21.62,29.73,60.0
SC-109,2026-07-09 17:30:00,30.49,20.8,31.78,60.0
SC-109,2026-07-09 18:00:00,24.78,17.43,29.64,60.0
SC-109,2026-07-09 18:30:00,17.65,12.54,28.93,60.0
SC-109,2026-07-09 19:00:00,16.8,11.68,30.45,60.0
SC-109,2026-07-09 19:30:00,11.24,9.02,19.75,60.0
SC-109,2026-07-09 20:00:00,8.84,5.93,32.95,60.0
SC-109,2026-07-09 20:30:00,5.8,4.47,22.95,60.0
SC-109,2026-07-09 21:00:00,4.61,3.44,25.37,60.0
SC-109,2026-07-09 21:30:00,3.5,2.62,25.0,60.0
SC-109,2026-07-09 22:00:00,2.89,1.99,31.17,60.0
SC-109,2026-07-09 22:30:00,2.69,2.01,25.33,60.0
SC-109,2026-07-09 23:00:00,2.7,2.05,24.06,60.0
SC-109,2026-07-09 23:30:00,2.74,1.99,27.41,60.0
SC-109,2026-07-10 08:00:00,13.69,9.38,31.49,60.0
SC-109,2026-07-10 08:30:00,17.57,12.81,27.11,60.0
SC-109,2026-07-10 09:00:00,25.49,17.51,31.3,60.0
SC-109,2026-07-10 09:30:00,31.27,22.04,29.5,60.0
SC-109,2026-07-10 10:00:00,37.51,27.06,27.86,60.0
SC-109,2026-07-10 10:30:00,36.32,25.93,28.59,60.0
SC-109,2026-07-10 11:00:00,36.05,25.91,28.12,60.0
SC-109,2026-07-10 11:30:00,37.59,24.93,33.68,60.0
SC-109,2026-07-10 12:00:00,34.14,23.91,29.98,60.0
SC-109,2026-07-10 12:30:00,32.1,24.52,23.61,60.0
SC-109,2026-07-10 13:00:00,25.71,18.21,29.19,60.0
SC-109,2026-07-10 13:30:00,25.48,19.49,23.51,60.0
SC-109,2026-07-10 14:00:00,24.92,17.96,27.92,60.0
SC-109,2026-07-10 14:30:00,25.9,18.33,29.24,60.0
SC-109,2026-07-10 15:00:00,26.82,18.71,30.23,60.0
SC-109,2026-07-10 15:30:00,22.77,15.1,33.68,60.0
SC-109,2026-07-10 16:00:00,19.87,13.75,30.82,60.0
SC-109,2026-07-10 16:30:00,17.64,12.89,26.96,60.0
SC-109,2026-07-10 17:00:00,13.97,11.12,20.37,60.0
SC-109,2026-07-10 17:30:00,14.47,10.34,28.52,60.0
SC-109,2026-07-10 18:00:00,11.51,8.64,24.92,60.0
SC-109,2026-07-10 18:30:00,11.18,7.97,28.68,60.0
SC-109,2026-07-10 19:00:00,7.45,5.4,27.53,60.0
SC-109,2026-07-10 19:30:00,6.34,4.53,28.56,60.0
SC-109,2026-07-10 20:00:00,4.81,3.31,31.24,60.0
SC-109,2026-07-10 20:30:00,3.18,2.51,21.09,60.0
SC-109,2026-07-10 21:00:00,2.5,1.91,23.37,60.0
SC-109,2026-07-10 21:30:00,2.52,1.81,28.09,60.0
SC-109,2026-07-10 22:00:00,2.78,1.98,28.74,60.0
SC-109,2026-07-10 22:30:00,2.41,1.81,25.05,60.0
SC-109,2026-07-10 23:00:00,2.8,2.04,26.94,60.0
SC-109,2026-07-10 23:30:00,2.83,2.05,27.48,60.0
SC-109,2026-07-11 08:00:00,10.14,7.02,30.73,60.0
SC-109,2026-07-11 08:30:00,13.64,10.02,26.53,60.0
SC-109,2026-07-11 09:00:00,16.73,12.26,26.7,60.0
SC-109,2026-07-11 09:30:00,19.74,14.04,28.89,60.0
SC-109,2026-07-11 10:00:00,20.51,14.48,29.4,60.0
SC-109,2026-07-11 10:30:00,25.91,17.12,33.94,60.0
SC-109,2026-07-11 11:00:00,27.92,18.07,35.26,60.0
SC-109,2026-07-11 11:30:00,22.56,17.06,24.37,60.0
SC-109,2026-07-11 12:00:00,25.26,17.08,32.4,60.0
SC-109,2026-07-11 12:30:00,22.8,16.07,29.52,60.0
SC-109,2026-07-11 13:00:00,22.68,15.24,32.81,60.0
SC-109,2026-07-11 13:30:00,21.23,13.79,35.06,60.0
SC-109,2026-07-11 14:00:00,20.49,13.2,35.58,60.0
SC-109,2026-07-11 14:30:00,18.04,12.35,31.55,60.0
SC-109,2026-07-11 15:00:00,18.2,12.23,32.83,60.0
SC-109,2026-07-11 15:30:00,14.15,10.71,24.32,60.0
SC-109,2026-07-11 16:00:00,15.26,11.61,23.9,60.0
SC-109,2026-07-11 16:30:00,11.56,8.63,25.34,60.0
SC-109,2026-07-11 17:00:00,13.34,9.63,27.78,60.0
SC-109,2026-07-11 17:30:00,9.61,7.12,25.91,60.0
SC-109,2026-07-11 18:00:00,8.75,6.58,24.83,60.0
SC-109,2026-07-11 18:30:00,6.68,4.81,28.01,60.0
SC-109,2026-07-11 19:00:00,4.78,3.61,24.57,60.0
SC-109,2026-07-11 19:30:00,5.04,3.54,29.73,60.0
SC-109,2026-07-11 20:00:00,3.59,2.55,28.91,60.0
SC-109,2026-07-11 20:30:00,2.65,2.08,21.74,60.0
SC-109,2026-07-11 21:00:00,2.51,1.9,24.38,60.0
SC-109,2026-07-11 21:30:00,2.56,1.94,24.23,60.0
SC-109,2026-07-11 22:00:00,2.37,1.85,21.89,60.0
SC-109,2026-07-11 22:30:00,2.65,2.01,24.12,60.0
SC-109,2026-07-11 23:00:00,2.81,2.1,25.31,60.0
SC-109,2026-07-11 23:30:00,2.82,1.96,30.25,60.0
SC-109,2026-07-12 08:00:00,33.81,23.64,30.06,60.0
SC-109,2026-07-12 08:30:00,48.44,33.78,30.27,60.0
SC-109,2026-07-12 09:00:00,56.13,41.55,25.96,60.0
SC-109,2026-07-12 09:30:00,75.46,52.8,30.02,60.0
SC-109,2026-07-12 10:00:00,72.55,52.4,27.77,60.0
SC-109,2026-07-12 10:30:00,85.61,60.62,29.2,60.0
SC-109,2026-07-12 11:00:00,80.12,57.72,27.96,60.0
SC-109,2026-07-12 11:30:00,86.67,67.14,22.53,60.0
SC-109,2026-07-12 12:00:00,86.78,62.32,28.18,60.0
SC-109,2026-07-12 12:30:00,86.63,57.3,33.85,60.0
SC-109,2026-07-12 13:00:00,61.79,46.52,24.71,60.0
SC-109,2026-07-12 13:30:00,62.81,45.93,26.86,60.0
SC-109,2026-07-12 14:00:00,57.71,42.63,26.12,60.0
SC-109,2026-07-12 14:30:00,52.31,36.61,30.01,60.0
SC-109,2026-07-12 15:00:00,59.87,41.9,30.01,60.0
SC-109,2026-07-12 15:30:00,48.88,35.86,26.63,60.0
SC-109,2026-07-12 16:00:00,44.91,31.76,29.29,60.0
SC-109,2026-07-12 16:30:00,44.99,32.14,28.56,60.0
SC-109,2026-07-12 17:00:00,36.16,27.12,24.99,60.0
SC-109,2026-07-12 17:30:00,31.47,23.96,23.86,60.0
SC-109,2026-07-12 18:00:00,28.38,20.64,27.29,60.0
SC-109,2026-07-12 18:30:00,22.34,16.83,24.67,60.0
SC-109,2026-07-12 19:00:00,17.41,13.18,24.28,60.0
SC-109,2026-07-12 19:30:00,11.98,9.06,24.41,60.0
SC-109,2026-07-12 20:00:00,10.02,7.34,26.69,60.0
SC-109,2026-07-12 20:30:00,8.19,5.78,29.39,60.0
SC-109,2026-07-12 21:00:00,5.68,4.01,29.4,60.0
SC-109,2026-07-12 21:30:00,3.17,2.57,18.77,60.0
SC-109,2026-07-12 22:00:00,2.56,1.93,24.56,60.0
SC-109,2026-07-12 22:30:00,2.72,1.99,26.81,60.0
SC-109,2026-07-12 23:00:00,2.93,2.11,28.07,60.0
SC-109,2026-07-12 23:30:00,3.05,2.08,31.9,60.0
SC-109,2026-07-13 08:00:00,27.57,20.95,24.0,60.0
SC-109,2026-07-13 08:30:00,49.34,35.4,28.26,60.0
SC-109,2026-07-13 09:00:00,58.49,41.07,29.78,60.0
SC-109,2026-07-13 09:30:00,70.46,50.38,28.51,60.0
SC-109,2026-07-13 10:00:00,72.17,53.07,26.46,60.0
SC-109,2026-07-13 10:30:00,76.4,50.44,33.97,60.0
SC-109,2026-07-13 11:00:00,82.36,59.73,27.48,60.0
SC-109,2026-07-13 11:30:00,99.95,67.68,32.29,60.0
SC-109,2026-07-13 12:00:00,75.93,49.95,34.21,60.0
SC-109,2026-07-13 12:30:00,68.38,45.0,34.19,60.0
SC-109,2026-07-13 13:00:00,76.23,54.11,29.02,60.0
SC-109,2026-07-13 13:30:00,76.29,53.52,29.86,60.0
SC-109,2026-07-13 14:00:00,69.67,50.64,27.32,60.0
SC-109,2026-07-13 14:30:00,62.54,44.1,29.48,60.0
SC-109,2026-07-13 15:00:00,47.05,34.29,27.13,60.0
SC-109,2026-07-13 15:30:00,51.9,37.72,27.32,60.0
SC-109,2026-07-13 16:00:00,45.35,34.49,23.95,60.0
SC-109,2026-07-13 16:30:00,41.47,26.03,37.22,60.0
SC-109,2026-07-13 17:00:00,37.04,30.07,18.81,60.0
SC-109,2026-07-13 17:30:00,35.33,24.89,29.56,60.0
SC-109,2026-07-13 18:00:00,28.24,18.97,32.83,60.0
SC-109,2026-07-13 18:30:00,25.66,17.91,30.21,60.0
SC-109,2026-07-13 19:00:00,17.39,12.29,29.31,60.0
SC-109,2026-07-13 19:30:00,14.04,9.96,29.08,60.0
SC-109,2026-07-13 20:00:00,10.46,7.98,23.74,60.0
SC-109,2026-07-13 20:30:00,7.14,5.18,27.41,60.0
SC-109,2026-07-13 21:00:00,5.55,4.12,25.66,60.0
SC-109,2026-07-13 21:30:00,3.66,2.8,23.52,60.0
SC-109,2026-07-13 22:00:00,2.94,2.1,28.42,60.0
SC-109,2026-07-13 22:30:00,2.78,2.0,27.93,60.0
SC-109,2026-07-13 23:00:00,2.46,1.84,25.16,60.0
SC-109,2026-07-13 23:30:00,2.65,2.03,23.31,60.0
SC-109,2026-07-14 08:00:00,25.27,19.27,23.73,60.0
SC-109,2026-07-14 08:30:00,43.68,29.5,32.47,60.0
SC-109,2026-07-14 09:00:00,48.67,35.2,27.69,60.0
SC-109,2026-07-14 09:30:00,66.7,52.11,21.88,60.0
SC-109,2026-07-14 10:00:00,57.88,43.71,24.48,60.0
SC-109,2026-07-14 10:30:00,72.45,53.99,25.48,60.0
SC-109,2026-07-14 11:00:00,72.71,56.06,22.89,60.0
SC-109,2026-07-14 11:30:00,72.83,53.29,26.83,60.0
SC-109,2026-07-14 12:00:00,69.73,52.5,24.71,60.0
SC-109,2026-07-14 12:30:00,67.48,52.0,22.95,60.0
SC-109,2026-07-14 13:00:00,55.52,39.55,28.76,60.0
SC-109,2026-07-14 13:30:00,55.84,42.19,24.45,60.0
SC-109,2026-07-14 14:00:00,52.55,39.85,24.16,60.0
SC-109,2026-07-14 14:30:00,55.73,38.06,31.71,60.0
SC-109,2026-07-14 15:00:00,52.36,35.24,32.71,60.0
SC-109,2026-07-14 15:30:00,42.27,30.08,28.82,60.0
SC-109,2026-07-14 16:00:00,41.97,31.81,24.2,60.0
SC-109,2026-07-14 16:30:00,38.81,26.13,32.66,60.0
SC-109,2026-07-14 17:00:00,31.72,22.58,28.82,60.0
SC-109,2026-07-14 17:30:00,29.15,22.12,24.1,60.0
SC-109,2026-07-14 18:00:00,23.2,17.37,25.14,60.0
SC-109,2026-07-14 18:30:00,20.41,15.22,25.45,60.0
SC-109,2026-07-14 19:00:00,15.66,11.5,26.58,60.0
SC-109,2026-07-14 19:30:00,12.75,8.89,30.33,60.0
SC-109,2026-07-14 20:00:00,9.47,6.98,26.28,60.0
SC-109,2026-07-14 20:30:00,8.4,5.65,32.72,60.0
SC-109,2026-07-14 21:00:00,5.0,3.51,29.89,60.0
SC-109,2026-07-14 21:30:00,3.41,2.32,32.01,60.0
SC-109,2026-07-14 22:00:00,2.69,2.06,23.5,60.0
SC-109,2026-07-14 22:30:00,2.86,2.02,29.37,60.0
SC-109,2026-07-14 23:00:00,2.9,1.97,32.1,60.0
SC-109,2026-07-14 23:30:00,2.75,1.99,27.76,60.0
SC-109,2026-07-15 08:00:00,29.56,20.68,30.04,60.0
SC-109,2026-07-15 08:30:00,48.71,33.61,31.01,60.0
SC-109,2026-07-15 09:00:00,62.23,43.22,30.55,60.0
SC-109,2026-07-15 09:30:00,59.4,43.45,26.85,60.0
SC-109,2026-07-15 10:00:00,80.15,54.77,31.66,60.0
SC-109,2026-07-15 10:30:00,75.18,55.35,26.38,60.0
SC-109,2026-07-15 11:00:00,88.82,61.72,30.51,60.0
SC-109,2026-07-15 11:30:00,96.3,63.54,34.02,60.0
SC-109,2026-07-15 12:00:00,72.37,48.99,32.31,60.0
SC-109,2026-07-15 12:30:00,77.68,60.8,21.73,60.0
SC-109,2026-07-15 13:00:00,71.47,52.93,25.94,60.0
SC-109,2026-07-15 13:30:00,63.28,47.59,24.79,60.0
SC-109,2026-07-15 14:00:00,63.59,44.03,30.76,60.0
SC-109,2026-07-15 14:30:00,62.41,43.83,29.77,60.0
SC-109,2026-07-15 15:00:00,45.25,33.05,26.97,60.0
SC-109,2026-07-15 15:30:00,48.29,37.73,21.87,60.0
SC-109,2026-07-15 16:00:00,41.05,29.96,27.02,60.0
SC-109,2026-07-15 16:30:00,37.75,29.4,22.11,60.0
SC-109,2026-07-15 17:00:00,37.86,27.75,26.69,60.0
SC-109,2026-07-15 17:30:00,35.97,23.11,35.75,60.0
SC-109,2026-07-15 18:00:00,26.32,20.26,23.04,60.0
SC-109,2026-07-15 18:30:00,20.77,14.55,29.95,60.0
SC-109,2026-07-15 19:00:00,17.42,12.68,27.18,60.0
SC-109,2026-07-15 19:30:00,12.1,8.51,29.69,60.0
SC-109,2026-07-15 20:00:00,8.33,6.1,26.85,60.0
SC-109,2026-07-15 20:30:00,7.03,5.55,21.08,60.0
SC-109,2026-07-15 21:00:00,5.99,3.78,36.94,60.0
SC-109,2026-07-15 21:30:00,3.83,2.6,32.12,60.0
SC-109,2026-07-15 22:00:00,3.03,2.03,32.97,60.0
SC-109,2026-07-15 22:30:00,2.71,1.97,27.43,60.0
SC-109,2026-07-15 23:00:00,2.82,1.94,31.13,60.0
SC-109,2026-07-15 23:30:00,2.71,2.02,25.42,60.0
SC-109,2026-07-16 08:00:00,25.33,16.56,34.61,60.0
SC-109,2026-07-16 08:30:00,37.93,26.89,29.11,60.0
SC-109,2026-07-16 09:00:00,47.5,36.35,23.47,60.0
SC-109,2026-07-16 09:30:00,61.31,46.17,24.68,60.0
SC-109,2026-07-16 10:00:00,54.7,43.21,21.0,60.0
SC-109,2026-07-16 10:30:00,59.47,45.97,22.7,60.0
SC-109,2026-07-16 11:00:00,65.68,50.63,22.92,60.0
SC-109,2026-07-16 11:30:00,77.12,54.72,29.05,60.0
SC-109,2026-07-16 12:00:00,73.16,54.59,25.38,60.0
SC-109,2026-07-16 12:30:00,68.95,47.0,31.83,60.0
SC-109,2026-07-16 13:00:00,60.16,45.34,24.64,60.0
SC-109,2026-07-16 13:30:00,51.48,39.16,23.95,60.0
SC-109,2026-07-16 14:00:00,68.14,44.34,34.92,60.0
SC-109,2026-07-16 14:30:00,49.25,35.32,28.28,60.0
SC-109,2026-07-16 15:00:00,43.07,31.16,27.65,60.0
SC-109,2026-07-16 15:30:00,39.66,28.54,28.03,60.0
SC-109,2026-07-16 16:00:00,42.41,32.81,22.63,60.0
SC-109,2026-07-16 16:30:00,38.68,27.56,28.75,60.0
SC-109,2026-07-16 17:00:00,29.23,21.44,26.65,60.0
SC-109,2026-07-16 17:30:00,30.52,21.65,29.05,60.0
SC-109,2026-07-16 18:00:00,23.54,17.2,26.93,60.0
SC-109,2026-07-16 18:30:00,18.55,14.03,24.36,60.0
SC-109,2026-07-16 19:00:00,16.49,11.63,29.51,60.0
SC-109,2026-07-16 19:30:00,11.85,8.37,29.4,60.0
SC-109,2026-07-16 20:00:00,8.77,6.46,26.38,60.0
SC-109,2026-07-16 20:30:00,6.59,4.98,24.37,60.0
SC-109,2026-07-16 21:00:00,4.39,3.4,22.66,60.0
SC-109,2026-07-16 21:30:00,3.65,2.48,32.01,60.0
SC-109,2026-07-16 22:00:00,3.03,2.14,29.56,60.0
SC-109,2026-07-16 22:30:00,2.89,2.02,30.16,60.0
SC-109,2026-07-16 23:00:00,2.61,1.89,27.63,60.0
SC-109,2026-07-16 23:30:00,2.8,2.04,27.32,60.0
SC-109,2026-07-17 08:00:00,12.93,9.23,28.59,60.0
SC-109,2026-07-17 08:30:00,23.96,16.55,30.91,60.0
SC-109,2026-07-17 09:00:00,23.48,16.77,28.59,60.0
SC-109,2026-07-17 09:30:00,29.42,21.16,28.06,60.0
SC-109,2026-07-17 10:00:00,36.45,24.54,32.68,60.0
SC-109,2026-07-17 10:30:00,37.49,26.39,29.62,60.0
SC-109,2026-07-17 11:00:00,32.11,23.57,26.62,60.0
SC-109,2026-07-17 11:30:00,37.97,26.54,30.1,60.0
SC-109,2026-07-17 12:00:00,34.93,24.08,31.05,60.0
SC-109,2026-07-17 12:30:00,30.01,22.03,26.58,60.0
SC-109,2026-07-17 13:00:00,28.1,22.06,21.49,60.0
SC-109,2026-07-17 13:30:00,27.73,20.08,27.59,60.0
SC-109,2026-07-17 14:00:00,26.86,19.18,28.6,60.0
SC-109,2026-07-17 14:30:00,28.46,18.44,35.19,60.0
SC-109,2026-07-17 15:00:00,22.4,17.21,23.17,60.0
SC-109,2026-07-17 15:30:00,23.58,15.04,36.2,60.0
SC-109,2026-07-17 16:00:00,20.38,14.88,26.97,60.0
SC-109,2026-07-17 16:30:00,17.3,12.23,29.29,60.0
SC-109,2026-07-17 17:00:00,18.37,13.02,29.12,60.0
SC-109,2026-07-17 17:30:00,11.55,8.98,22.28,60.0
SC-109,2026-07-17 18:00:00,11.19,8.35,25.38,60.0
SC-109,2026-07-17 18:30:00,9.96,7.45,25.17,60.0
SC-109,2026-07-17 19:00:00,7.71,5.88,23.76,60.0
SC-109,2026-07-17 19:30:00,6.31,4.35,31.06,60.0
SC-109,2026-07-17 20:00:00,4.96,3.5,29.4,60.0
SC-109,2026-07-17 20:30:00,4.36,2.82,35.4,60.0
SC-109,2026-07-17 21:00:00,2.89,2.12,26.58,60.0
SC-109,2026-07-17 21:30:00,2.85,2.04,28.51,60.0
SC-109,2026-07-17 22:00:00,2.7,1.88,30.52,60.0
SC-109,2026-07-17 22:30:00,2.85,2.03,28.68,60.0
SC-109,2026-07-17 23:00:00,2.59,1.99,23.19,60.0
SC-109,2026-07-17 23:30:00,2.78,2.02,27.55,60.0
SC-109,2026-07-18 08:00:00,8.86,6.47,27.06,60.0
SC-109,2026-07-18 08:30:00,13.58,9.59,29.38,60.0
SC-109,2026-07-18 09:00:00,17.82,13.94,21.78,60.0
SC-109,2026-07-18 09:30:00,19.64,13.42,31.69,60.0
SC-109,2026-07-18 10:00:00,23.27,16.24,30.22,60.0
SC-109,2026-07-18 10:30:00,25.42,19.05,25.03,60.0
SC-109,2026-07-18 11:00:00,27.03,18.84,30.3,60.0
SC-109,2026-07-18 11:30:00,29.27,20.6,29.61,60.0
SC-109,2026-07-18 12:00:00,22.4,17.05,23.9,60.0
SC-109,2026-07-18 12:30:00,20.64,15.76,23.64,60.0
SC-109,2026-07-18 13:00:00,20.36,14.62,28.19,60.0
SC-109,2026-07-18 13:30:00,19.71,14.09,28.55,60.0
SC-109,2026-07-18 14:00:00,20.56,16.34,20.51,60.0
SC-109,2026-07-18 14:30:00,18.58,13.73,26.13,60.0
SC-109,2026-07-18 15:00:00,17.91,13.67,23.68,60.0
SC-109,2026-07-18 15:30:00,14.49,11.55,20.28,60.0
SC-109,2026-07-18 16:00:00,13.6,9.79,27.99,60.0
SC-109,2026-07-18 16:30:00,13.03,9.25,29.03,60.0
SC-109,2026-07-18 17:00:00,13.36,9.5,28.83,60.0
SC-109,2026-07-18 17:30:00,9.81,7.27,25.91,60.0
SC-109,2026-07-18 18:00:00,8.91,6.36,28.65,60.0
SC-109,2026-07-18 18:30:00,8.64,6.39,26.03,60.0
SC-109,2026-07-18 19:00:00,6.09,4.09,32.85,60.0
SC-109,2026-07-18 19:30:00,4.67,3.3,29.31,60.0
SC-109,2026-07-18 20:00:00,3.46,2.41,30.27,60.0
SC-109,2026-07-18 20:30:00,2.93,1.99,32.01,60.0
SC-109,2026-07-18 21:00:00,3.08,2.03,33.94,60.0
SC-109,2026-07-18 21:30:00,2.68,2.0,25.49,60.0
SC-109,2026-07-18 22:00:00,2.75,1.92,30.2,60.0
SC-109,2026-07-18 22:30:00,2.62,1.92,26.75,60.0
SC-109,2026-07-18 23:00:00,2.86,2.05,28.3,60.0
SC-109,2026-07-18 23:30:00,2.79,1.94,30.5,60.0
SC-109,2026-07-19 08:00:00,29.77,21.28,28.52,60.0
SC-109,2026-07-19 08:30:00,41.85,33.79,19.27,60.0
SC-109,2026-07-19 09:00:00,72.9,50.73,30.41,60.0
SC-109,2026-07-19 09:30:00,67.88,50.87,25.07,60.0
SC-109,2026-07-19 10:00:00,89.95,62.58,30.43,60.0
SC-109,2026-07-19 10:30:00,85.57,61.75,27.84,60.0
SC-109,2026-07-19 11:00:00,76.58,58.16,24.06,60.0
SC-109,2026-07-19 11:30:00,81.95,62.36,23.9,60.0
SC-109,2026-07-19 12:00:00,73.7,55.72,24.4,60.0
SC-109,2026-07-19 12:30:00,90.57,65.98,27.15,60.0
SC-109,2026-07-19 13:00:00,73.12,52.11,28.74,60.0
SC-109,2026-07-19 13:30:00,66.88,45.99,31.24,60.0
SC-109,2026-07-19 14:00:00,54.23,38.32,29.33,60.0
SC-109,2026-07-19 14:30:00,56.22,41.82,25.61,60.0
SC-109,2026-07-19 15:00:00,57.1,42.95,24.78,60.0
SC-109,2026-07-19 15:30:00,58.79,40.92,30.4,60.0
SC-109,2026-07-19 16:00:00,42.25,32.02,24.22,60.0
SC-109,2026-07-19 16:30:00,43.46,32.17,25.98,60.0
SC-109,2026-07-19 17:00:00,37.68,26.71,29.12,60.0
SC-109,2026-07-19 17:30:00,28.46,22.82,19.84,60.0
SC-109,2026-07-19 18:00:00,28.22,19.46,31.06,60.0
SC-109,2026-07-19 18:30:00,21.67,17.17,20.8,60.0
SC-109,2026-07-19 19:00:00,16.31,11.78,27.8,60.0
SC-109,2026-07-19 19:30:00,12.62,10.0,20.76,60.0
SC-109,2026-07-19 20:00:00,11.01,8.5,22.73,60.0
SC-109,2026-07-19 20:30:00,7.94,5.77,27.36,60.0
SC-109,2026-07-19 21:00:00,6.33,4.45,29.66,60.0
SC-109,2026-07-19 21:30:00,4.39,3.11,29.1,60.0
SC-109,2026-07-19 22:00:00,2.81,1.92,31.69,60.0
SC-109,2026-07-19 22:30:00,2.78,2.08,25.4,60.0
SC-109,2026-07-19 23:00:00,2.82,1.98,29.75,60.0
SC-109,2026-07-19 23:30:00,3.03,2.08,31.3,60.0
SC-109,2026-07-20 08:00:00,30.41,20.85,31.44,60.0
SC-109,2026-07-20 08:30:00,41.86,29.52,29.48,60.0
SC-109,2026-07-20 09:00:00,52.03,38.71,25.61,60.0
SC-109,2026-07-20 09:30:00,63.88,45.33,29.04,60.0
SC-109,2026-07-20 10:00:00,79.49,56.28,29.2,60.0
SC-109,2026-07-20 10:30:00,96.79,68.12,29.62,60.0
SC-109,2026-07-20 11:00:00,71.71,52.2,27.21,60.0
SC-109,2026-07-20 11:30:00,80.57,55.57,31.03,60.0
SC-109,2026-07-20 12:00:00,79.44,54.12,31.88,60.0
SC-109,2026-07-20 12:30:00,97.42,65.31,32.97,60.0
SC-109,2026-07-20 13:00:00,69.65,51.82,25.6,60.0
SC-109,2026-07-20 13:30:00,65.21,47.7,26.86,60.0
SC-109,2026-07-20 14:00:00,59.82,40.97,31.51,60.0
SC-109,2026-07-20 14:30:00,72.14,50.11,30.54,60.0
SC-109,2026-07-20 15:00:00,53.15,37.2,30.01,60.0
SC-109,2026-07-20 15:30:00,43.51,32.88,24.44,60.0
SC-109,2026-07-20 16:00:00,44.52,30.89,30.62,60.0
SC-109,2026-07-20 16:30:00,43.79,30.63,30.06,60.0
SC-109,2026-07-20 17:00:00,38.67,27.3,29.4,60.0
SC-109,2026-07-20 17:30:00,29.18,21.42,26.58,60.0
SC-109,2026-07-20 18:00:00,28.08,20.04,28.63,60.0
SC-109,2026-07-20 18:30:00,23.23,16.78,27.77,60.0
SC-109,2026-07-20 19:00:00,16.97,12.75,24.89,60.0
SC-109,2026-07-20 19:30:00,11.41,8.48,25.73,60.0
SC-109,2026-07-20 20:00:00,10.56,7.57,28.25,60.0
SC-109,2026-07-20 20:30:00,7.51,5.2,30.84,60.0
SC-109,2026-07-20 21:00:00,4.42,3.36,24.02,60.0
SC-109,2026-07-20 21:30:00,3.57,2.76,22.64,60.0
SC-109,2026-07-20 22:00:00,2.91,2.03,30.43,60.0
SC-109,2026-07-20 22:30:00,2.95,2.07,30.03,60.0
SC-109,2026-07-20 23:00:00,2.94,1.99,32.27,60.0
SC-109,2026-07-20 23:30:00,2.71,2.08,23.2,60.0
SC-109,2026-07-21 08:00:00,30.51,21.22,30.45,60.0
SC-109,2026-07-21 08:30:00,49.44,31.35,36.59,60.0
SC-109,2026-07-21 09:00:00,52.92,35.56,32.8,60.0
SC-109,2026-07-21 09:30:00,69.68,48.56,30.31,60.0
SC-109,2026-07-21 10:00:00,71.24,49.28,30.83,60.0
SC-109,2026-07-21 10:30:00,69.0,48.88,29.17,60.0
SC-109,2026-07-21 11:00:00,68.98,50.84,26.29,60.0
SC-109,2026-07-21 11:30:00,72.24,55.48,23.21,60.0
SC-109,2026-07-21 12:00:00,79.84,53.04,33.56,60.0
SC-109,2026-07-21 12:30:00,70.21,47.18,32.8,60.0
SC-109,2026-07-21 13:00:00,62.86,45.31,27.92,60.0
SC-109,2026-07-21 13:30:00,59.51,46.06,22.6,60.0
SC-109,2026-07-21 14:00:00,54.82,36.69,33.08,60.0
SC-109,2026-07-21 14:30:00,48.86,35.03,28.31,60.0
SC-109,2026-07-21 15:00:00,45.77,32.53,28.93,60.0
SC-109,2026-07-21 15:30:00,47.5,34.39,27.59,60.0
SC-109,2026-07-21 16:00:00,46.15,32.92,28.67,60.0
SC-109,2026-07-21 16:30:00,45.14,31.78,29.6,60.0
SC-109,2026-07-21 17:00:00,40.67,25.32,37.74,60.0
SC-109,2026-07-21 17:30:00,31.82,23.04,27.61,60.0
SC-109,2026-07-21 18:00:00,24.91,17.56,29.5,60.0
SC-109,2026-07-21 18:30:00,21.4,15.37,28.16,60.0
SC-109,2026-07-21 19:00:00,18.36,13.16,28.32,60.0
SC-109,2026-07-21 19:30:00,11.93,9.75,18.27,60.0
SC-109,2026-07-21 20:00:00,8.89,6.19,30.36,60.0
SC-109,2026-07-21 20:30:00,7.09,5.05,28.87,60.0
SC-109,2026-07-21 21:00:00,5.01,3.75,25.05,60.0
SC-109,2026-07-21 21:30:00,3.47,2.53,27.12,60.0
SC-109,2026-07-21 22:00:00,2.99,2.14,28.53,60.0
SC-109,2026-07-21 22:30:00,2.85,1.99,30.14,60.0
SC-109,2026-07-21 23:00:00,3.2,2.09,34.63,60.0
SC-109,2026-07-21 23:30:00,2.79,1.96,29.52,60.0
SC-109,2026-07-22 08:00:00,27.33,18.06,33.92,60.0
SC-109,2026-07-22 08:30:00,37.9,27.56,27.27,60.0
SC-109,2026-07-22 09:00:00,58.92,40.69,30.94,60.0
SC-109,2026-07-22 09:30:00,59.26,38.88,34.39,60.0
SC-109,2026-07-22 10:00:00,70.26,51.53,26.65,60.0
SC-109,2026-07-22 10:30:00,71.22,51.57,27.59,60.0
SC-109,2026-07-22 11:00:00,83.31,64.77,22.25,60.0
SC-109,2026-07-22 11:30:00,84.24,56.66,32.75,60.0
SC-109,2026-07-22 12:00:00,69.33,52.19,24.73,60.0
SC-109,2026-07-22 12:30:00,79.08,55.37,29.99,60.0
SC-109,2026-07-22 13:00:00,61.82,41.76,32.45,60.0
SC-109,2026-07-22 13:30:00,58.66,40.68,30.65,60.0
SC-109,2026-07-22 14:00:00,53.58,37.93,29.21,60.0
SC-109,2026-07-22 14:30:00,52.05,35.95,30.93,60.0
SC-109,2026-07-22 15:00:00,42.32,31.79,24.88,60.0
SC-109,2026-07-22 15:30:00,45.11,34.23,24.11,60.0
SC-109,2026-07-22 16:00:00,36.15,29.9,17.31,60.0
SC-109,2026-07-22 16:30:00,44.39,29.82,32.81,60.0
SC-109,2026-07-22 17:00:00,34.37,23.98,30.24,60.0
SC-109,2026-07-22 17:30:00,30.97,21.31,31.2,60.0
SC-109,2026-07-22 18:00:00,26.07,19.25,26.17,60.0
SC-109,2026-07-22 18:30:00,19.97,14.47,27.52,60.0
SC-109,2026-07-22 19:00:00,13.35,10.51,21.28,60.0
SC-109,2026-07-22 19:30:00,12.56,9.48,24.54,60.0
SC-109,2026-07-22 20:00:00,7.81,5.86,25.02,60.0
SC-109,2026-07-22 20:30:00,7.36,5.25,28.6,60.0
SC-109,2026-07-22 21:00:00,4.9,3.49,28.81,60.0
SC-109,2026-07-22 21:30:00,3.24,2.36,27.25,60.0
SC-109,2026-07-22 22:00:00,2.66,1.96,26.35,60.0
SC-109,2026-07-22 22:30:00,2.68,1.93,27.9,60.0
SC-109,2026-07-22 23:00:00,2.93,2.11,27.95,60.0
SC-109,2026-07-22 23:30:00,2.86,1.96,31.46,60.0
SC-109,2026-07-23 08:00:00,26.08,19.22,26.31,60.0
SC-109,2026-07-23 08:30:00,44.56,30.83,30.81,60.0
SC-109,2026-07-23 09:00:00,49.68,36.95,25.62,60.0
SC-109,2026-07-23 09:30:00,58.26,41.91,28.06,60.0
SC-109,2026-07-23 10:00:00,55.04,40.79,25.9,60.0
SC-109,2026-07-23 10:30:00,81.26,59.26,27.07,60.0
SC-109,2026-07-23 11:00:00,78.26,56.31,28.05,60.0
SC-109,2026-07-23 11:30:00,73.08,51.73,29.22,60.0
SC-109,2026-07-23 12:00:00,73.4,52.26,28.8,60.0
SC-109,2026-07-23 12:30:00,74.07,49.97,32.54,60.0
SC-109,2026-07-23 13:00:00,68.78,51.67,24.88,60.0
SC-109,2026-07-23 13:30:00,53.89,40.39,25.05,60.0
SC-109,2026-07-23 14:00:00,54.88,39.35,28.3,60.0
SC-109,2026-07-23 14:30:00,50.96,37.99,25.45,60.0
SC-109,2026-07-23 15:00:00,55.61,39.92,28.21,60.0
SC-109,2026-07-23 15:30:00,37.19,30.75,17.32,60.0
SC-109,2026-07-23 16:00:00,42.08,30.3,27.98,60.0
SC-109,2026-07-23 16:30:00,42.86,29.04,32.26,60.0
SC-109,2026-07-23 17:00:00,34.88,24.47,29.84,60.0
SC-109,2026-07-23 17:30:00,35.81,22.25,37.86,60.0
SC-109,2026-07-23 18:00:00,20.77,15.9,23.45,60.0
SC-109,2026-07-23 18:30:00,18.61,13.6,26.94,60.0
SC-109,2026-07-23 19:00:00,13.6,9.87,27.39,60.0
SC-109,2026-07-23 19:30:00,13.27,9.61,27.61,60.0
SC-109,2026-07-23 20:00:00,9.42,6.37,32.37,60.0
SC-109,2026-07-23 20:30:00,6.48,4.98,23.07,60.0
SC-109,2026-07-23 21:00:00,4.65,3.46,25.72,60.0
SC-109,2026-07-23 21:30:00,3.7,2.4,35.06,60.0
SC-109,2026-07-23 22:00:00,2.74,1.92,29.78,60.0
SC-109,2026-07-23 22:30:00,2.88,2.09,27.52,60.0
SC-109,2026-07-23 23:00:00,2.95,2.15,27.29,60.0
SC-109,2026-07-23 23:30:00,2.76,1.88,31.76,60.0
SC-109,2026-07-24 08:00:00,10.31,8.06,21.81,60.0
SC-109,2026-07-24 08:30:00,19.21,13.96,27.32,60.0
SC-109,2026-07-24 09:00:00,25.51,19.08,25.22,60.0
SC-109,2026-07-24 09:30:00,29.67,21.14,28.72,60.0
SC-109,2026-07-24 10:00:00,30.07,21.7,27.83,60.0
SC-109,2026-07-24 10:30:00,39.57,29.85,24.58,60.0
SC-109,2026-07-24 11:00:00,32.01,25.47,20.43,60.0
SC-109,2026-07-24 11:30:00,35.15,24.11,31.42,60.0
SC-109,2026-07-24 12:00:00,33.78,23.43,30.62,60.0
SC-109,2026-07-24 12:30:00,35.45,24.85,29.88,60.0
SC-109,2026-07-24 13:00:00,32.71,23.95,26.79,60.0
SC-109,2026-07-24 13:30:00,28.66,20.82,27.38,60.0
SC-109,2026-07-24 14:00:00,25.23,18.7,25.87,60.0
SC-109,2026-07-24 14:30:00,26.81,19.11,28.71,60.0
SC-109,2026-07-24 15:00:00,22.79,17.15,24.76,60.0
SC-109,2026-07-24 15:30:00,26.21,19.16,26.89,60.0
SC-109,2026-07-24 16:00:00,19.98,14.02,29.8,60.0
SC-109,2026-07-24 16:30:00,20.39,14.21,30.32,60.0
SC-109,2026-07-24 17:00:00,16.01,12.24,23.56,60.0
SC-109,2026-07-24 17:30:00,14.6,10.54,27.8,60.0
SC-109,2026-07-24 18:00:00,12.92,8.73,32.44,60.0
SC-109,2026-07-24 18:30:00,10.57,7.73,26.84,60.0
SC-109,2026-07-24 19:00:00,8.13,5.91,27.27,60.0
SC-109,2026-07-24 19:30:00,6.9,5.02,27.31,60.0
SC-109,2026-07-24 20:00:00,5.81,3.82,34.22,60.0
SC-109,2026-07-24 20:30:00,4.16,2.7,35.18,60.0
SC-109,2026-07-24 21:00:00,2.91,2.02,30.56,60.0
SC-109,2026-07-24 21:30:00,2.74,2.02,26.28,60.0
SC-109,2026-07-24 22:00:00,2.85,2.01,29.5,60.0
SC-109,2026-07-24 22:30:00,2.94,2.01,31.37,60.0
SC-109,2026-07-24 23:00:00,2.92,2.18,25.13,60.0
SC-109,2026-07-24 23:30:00,2.86,2.1,26.57,60.0
SC-109,2026-07-25 08:00:00,9.7,6.82,29.65,60.0
SC-109,2026-07-25 08:30:00,14.11,9.89,29.86,60.0
SC-109,2026-07-25 09:00:00,20.0,14.4,27.99,60.0
SC-109,2026-07-25 09:30:00,22.11,15.89,28.13,60.0
SC-109,2026-07-25 10:00:00,23.1,16.74,27.56,60.0
SC-109,2026-07-25 10:30:00,23.98,17.39,27.45,60.0
SC-109,2026-07-25 11:00:00,26.12,18.66,28.55,60.0
SC-109,2026-07-25 11:30:00,25.35,18.46,27.19,60.0
SC-109,2026-07-25 12:00:00,25.74,17.6,31.62,60.0
SC-109,2026-07-25 12:30:00,26.68,19.12,28.32,60.0
SC-109,2026-07-25 13:00:00,22.5,16.25,27.79,60.0
SC-109,2026-07-25 13:30:00,22.15,15.46,30.17,60.0
SC-109,2026-07-25 14:00:00,19.84,13.93,29.79,60.0
SC-109,2026-07-25 14:30:00,20.96,15.81,24.57,60.0
SC-109,2026-07-25 15:00:00,17.85,12.7,28.83,60.0
SC-109,2026-07-25 15:30:00,15.11,10.57,30.04,60.0
SC-109,2026-07-25 16:00:00,12.67,9.51,24.96,60.0
SC-109,2026-07-25 16:30:00,11.67,8.36,28.33,60.0
SC-109,2026-07-25 17:00:00,10.97,8.05,26.57,60.0
SC-109,2026-07-25 17:30:00,9.79,6.9,29.54,60.0
SC-109,2026-07-25 18:00:00,8.49,5.88,30.66,60.0
SC-109,2026-07-25 18:30:00,7.18,5.36,25.38,60.0
SC-109,2026-07-25 19:00:00,6.57,4.67,28.9,60.0
SC-109,2026-07-25 19:30:00,4.86,3.48,28.45,60.0
SC-109,2026-07-25 20:00:00,4.12,2.79,32.24,60.0
SC-109,2026-07-25 20:30:00,2.78,2.04,26.83,60.0
SC-109,2026-07-25 21:00:00,2.67,2.05,23.28,60.0
SC-109,2026-07-25 21:30:00,3.1,2.05,34.02,60.0
SC-109,2026-07-25 22:00:00,2.78,2.1,24.45,60.0
SC-109,2026-07-25 22:30:00,2.47,1.86,24.91,60.0
SC-109,2026-07-25 23:00:00,3.21,2.11,34.19,60.0
SC-109,2026-07-25 23:30:00,2.85,2.07,27.38,60.0
SC-109,2026-07-26 08:00:00,30.64,21.12,31.07,60.0
SC-109,2026-07-26 08:30:00,55.47,40.18,27.57,60.0
SC-109,2026-07-26 09:00:00,66.22,48.26,27.13,60.0
SC-109,2026-07-26 09:30:00,67.19,51.02,24.06,60.0
SC-109,2026-07-26 10:00:00,84.59,63.34,25.12,60.0
SC-109,2026-07-26 10:30:00,92.42,66.28,28.28,60.0
SC-109,2026-07-26 11:00:00,88.18,60.53,31.36,60.0
SC-109,2026-07-26 11:30:00,90.97,66.52,26.88,60.0
SC-109,2026-07-26 12:00:00,98.4,74.27,24.52,60.0
SC-109,2026-07-26 12:30:00,96.94,70.22,27.56,60.0
SC-109,2026-07-26 13:00:00,74.99,55.25,26.32,60.0
SC-109,2026-07-26 13:30:00,51.07,38.66,24.3,60.0
SC-109,2026-07-26 14:00:00,71.88,50.56,29.67,60.0
SC-109,2026-07-26 14:30:00,67.62,47.9,29.17,60.0
SC-109,2026-07-26 15:00:00,64.54,46.59,27.82,60.0
SC-109,2026-07-26 15:30:00,51.51,38.08,26.07,60.0
SC-109,2026-07-26 16:00:00,55.89,40.32,27.86,60.0
SC-109,2026-07-26 16:30:00,52.29,37.02,29.21,60.0
SC-109,2026-07-26 17:00:00,43.13,31.3,27.42,60.0
SC-109,2026-07-26 17:30:00,31.67,24.09,23.93,60.0
SC-109,2026-07-26 18:00:00,27.82,20.69,25.64,60.0
SC-109,2026-07-26 18:30:00,21.94,15.11,31.14,60.0
SC-109,2026-07-26 19:00:00,17.45,13.05,25.21,60.0
SC-109,2026-07-26 19:30:00,13.14,10.21,22.35,60.0
SC-109,2026-07-26 20:00:00,11.02,7.65,30.64,60.0
SC-109,2026-07-26 20:30:00,9.29,6.65,28.43,60.0
SC-109,2026-07-26 21:00:00,5.16,3.8,26.31,60.0
SC-109,2026-07-26 21:30:00,3.81,2.92,23.46,60.0
SC-109,2026-07-26 22:00:00,2.91,2.02,30.48,60.0
SC-109,2026-07-26 22:30:00,2.49,1.92,22.98,60.0
SC-109,2026-07-26 23:00:00,2.7,1.96,27.57,60.0
SC-109,2026-07-26 23:30:00,3.06,2.01,34.38,60.0
SC-109,2026-07-27 08:00:00,30.7,21.52,29.92,60.0
SC-109,2026-07-27 08:30:00,53.9,39.07,27.52,60.0
SC-109,2026-07-27 09:00:00,60.91,47.45,22.09,60.0
SC-109,2026-07-27 09:30:00,63.25,47.97,24.16,60.0
SC-109,2026-07-27 10:00:00,68.36,50.04,26.8,60.0
SC-109,2026-07-27 10:30:00,90.5,63.86,29.43,60.0
SC-109,2026-07-27 11:00:00,107.44,69.7,35.13,60.0
SC-109,2026-07-27 11:30:00,73.75,52.7,28.54,60.0
SC-109,2026-07-27 12:00:00,97.27,65.0,33.17,60.0
SC-109,2026-07-27 12:30:00,76.29,56.52,25.91,60.0
SC-109,2026-07-27 13:00:00,72.43,52.4,27.66,60.0
SC-109,2026-07-27 13:30:00,69.05,49.14,28.83,60.0
SC-109,2026-07-27 14:00:00,70.88,51.97,26.67,60.0
SC-109,2026-07-27 14:30:00,56.66,42.7,24.64,60.0
SC-109,2026-07-27 15:00:00,63.12,44.21,29.95,60.0
SC-109,2026-07-27 15:30:00,49.62,39.17,21.08,60.0
SC-109,2026-07-27 16:00:00,41.33,30.34,26.59,60.0
SC-109,2026-07-27 16:30:00,47.28,32.27,31.73,60.0
SC-109,2026-07-27 17:00:00,35.59,26.47,25.62,60.0
SC-109,2026-07-27 17:30:00,35.58,23.88,32.87,60.0
SC-109,2026-07-27 18:00:00,29.87,21.1,29.37,60.0
SC-109,2026-07-27 18:30:00,21.86,16.09,26.39,60.0
SC-109,2026-07-27 19:00:00,15.18,11.72,22.81,60.0
SC-109,2026-07-27 19:30:00,14.39,10.28,28.58,60.0
SC-109,2026-07-27 20:00:00,10.33,7.53,27.1,60.0
SC-109,2026-07-27 20:30:00,8.69,5.93,31.74,60.0
SC-109,2026-07-27 21:00:00,5.39,3.92,27.32,60.0
SC-109,2026-07-27 21:30:00,4.12,2.84,31.13,60.0
SC-109,2026-07-27 22:00:00,3.03,2.22,26.91,60.0
SC-109,2026-07-27 22:30:00,2.37,1.92,18.96,60.0
SC-109,2026-07-27 23:00:00,2.81,2.0,28.71,60.0
SC-109,2026-07-27 23:30:00,2.74,2.04,25.56,60.0
SC-110,2026-06-30 08:00:00,8.16,5.79,29.13,90.0
SC-110,2026-06-30 08:30:00,12.38,9.29,24.98,90.0
SC-110,2026-06-30 09:00:00,14.36,10.08,29.82,90.0
SC-110,2026-06-30 09:30:00,17.64,12.46,29.39,90.0
SC-110,2026-06-30 10:00:00,15.67,11.49,26.69,90.0
SC-110,2026-06-30 10:30:00,18.22,13.29,27.03,90.0
SC-110,2026-06-30 11:00:00,19.65,15.31,22.11,90.0
SC-110,2026-06-30 11:30:00,19.56,14.63,25.21,90.0
SC-110,2026-06-30 12:00:00,18.29,12.8,30.04,90.0
SC-110,2026-06-30 12:30:00,18.28,14.02,23.32,90.0
SC-110,2026-06-30 13:00:00,17.6,12.94,26.44,90.0
SC-110,2026-06-30 13:30:00,16.84,11.88,29.47,90.0
SC-110,2026-06-30 14:00:00,16.3,11.44,29.83,90.0
SC-110,2026-06-30 14:30:00,15.22,10.42,31.51,90.0
SC-110,2026-06-30 15:00:00,13.94,10.15,27.22,90.0
SC-110,2026-06-30 15:30:00,16.04,10.94,31.8,90.0
SC-110,2026-06-30 16:00:00,12.3,8.93,27.43,90.0
SC-110,2026-06-30 16:30:00,12.54,8.94,28.74,90.0
SC-110,2026-07-01 08:00:00,8.46,5.88,30.46,90.0
SC-110,2026-07-01 08:30:00,13.0,9.08,30.13,90.0
SC-110,2026-07-01 09:00:00,13.79,9.66,29.97,90.0
SC-110,2026-07-01 09:30:00,13.46,10.83,19.57,90.0
SC-110,2026-07-01 10:00:00,17.49,12.68,27.52,90.0
SC-110,2026-07-01 10:30:00,20.82,13.79,33.77,90.0
SC-110,2026-07-01 11:00:00,22.6,14.9,34.05,90.0
SC-110,2026-07-01 11:30:00,20.42,14.53,28.83,90.0
SC-110,2026-07-01 12:00:00,15.1,12.07,20.11,90.0
SC-110,2026-07-01 12:30:00,17.61,12.97,26.39,90.0
SC-110,2026-07-01 13:00:00,15.83,11.3,28.6,90.0
SC-110,2026-07-01 13:30:00,13.67,10.09,26.18,90.0
SC-110,2026-07-01 14:00:00,16.63,11.5,30.86,90.0
SC-110,2026-07-01 14:30:00,15.09,10.56,30.01,90.0
SC-110,2026-07-01 15:00:00,13.52,10.06,25.59,90.0
SC-110,2026-07-01 15:30:00,11.48,8.5,26.0,90.0
SC-110,2026-07-01 16:00:00,11.03,8.49,23.04,90.0
SC-110,2026-07-01 16:30:00,11.79,8.48,28.07,90.0
SC-110,2026-07-02 08:00:00,8.16,6.1,25.23,90.0
SC-110,2026-07-02 08:30:00,12.89,8.8,31.75,90.0
SC-110,2026-07-02 09:00:00,16.75,11.31,32.5,90.0
SC-110,2026-07-02 09:30:00,14.87,11.63,21.81,90.0
SC-110,2026-07-02 10:00:00,16.7,12.27,26.51,90.0
SC-110,2026-07-02 10:30:00,17.37,12.53,27.85,90.0
SC-110,2026-07-02 11:00:00,20.58,14.46,29.77,90.0
SC-110,2026-07-02 11:30:00,20.45,14.61,28.56,90.0
SC-110,2026-07-02 12:00:00,19.14,12.98,32.18,90.0
SC-110,2026-07-02 12:30:00,19.43,13.71,29.45,90.0
SC-110,2026-07-02 13:00:00,18.42,12.51,32.08,90.0
SC-110,2026-07-02 13:30:00,15.18,11.62,23.48,90.0
SC-110,2026-07-02 14:00:00,14.7,10.13,31.1,90.0
SC-110,2026-07-02 14:30:00,14.53,10.75,26.0,90.0
SC-110,2026-07-02 15:00:00,13.77,9.47,31.27,90.0
SC-110,2026-07-02 15:30:00,12.94,8.9,31.2,90.0
SC-110,2026-07-02 16:00:00,11.49,8.17,28.93,90.0
SC-110,2026-07-02 16:30:00,11.84,8.06,31.94,90.0
SC-110,2026-07-03 08:00:00,3.98,3.05,23.48,90.0
SC-110,2026-07-03 08:30:00,6.19,4.61,25.63,90.0
SC-110,2026-07-03 09:00:00,7.59,5.47,27.89,90.0
SC-110,2026-07-03 09:30:00,8.97,6.43,28.33,90.0
SC-110,2026-07-03 10:00:00,9.16,6.5,29.07,90.0
SC-110,2026-07-03 10:30:00,10.88,7.59,30.24,90.0
SC-110,2026-07-03 11:00:00,10.09,7.33,27.36,90.0
SC-110,2026-07-03 11:30:00,10.61,7.54,28.95,90.0
SC-110,2026-07-03 12:00:00,10.76,7.38,31.43,90.0
SC-110,2026-07-03 12:30:00,9.57,6.76,29.3,90.0
SC-110,2026-07-03 13:00:00,8.75,6.33,27.71,90.0
SC-110,2026-07-03 13:30:00,8.91,6.06,31.96,90.0
SC-110,2026-07-03 14:00:00,8.91,6.37,28.55,90.0
SC-110,2026-07-03 14:30:00,7.6,5.34,29.74,90.0
SC-110,2026-07-03 15:00:00,7.47,5.14,31.2,90.0
SC-110,2026-07-03 15:30:00,7.41,4.92,33.56,90.0
SC-110,2026-07-03 16:00:00,6.63,4.81,27.49,90.0
SC-110,2026-07-03 16:30:00,5.99,4.17,30.32,90.0
SC-110,2026-07-04 08:00:00,3.91,2.89,26.13,90.0
SC-110,2026-07-04 08:30:00,4.92,3.47,29.37,90.0
SC-110,2026-07-04 09:00:00,6.58,4.4,33.17,90.0
SC-110,2026-07-04 09:30:00,6.59,4.47,32.17,90.0
SC-110,2026-07-04 10:00:00,7.22,5.19,28.06,90.0
SC-110,2026-07-04 10:30:00,7.26,5.65,22.18,90.0
SC-110,2026-07-04 11:00:00,7.75,5.48,29.29,90.0
SC-110,2026-07-04 11:30:00,8.09,5.93,26.67,90.0
SC-110,2026-07-04 12:00:00,8.0,5.78,27.72,90.0
SC-110,2026-07-04 12:30:00,7.83,5.78,26.16,90.0
SC-110,2026-07-04 13:00:00,7.71,5.22,32.32,90.0
SC-110,2026-07-04 13:30:00,6.82,5.0,26.67,90.0
SC-110,2026-07-04 14:00:00,6.3,4.58,27.23,90.0
SC-110,2026-07-04 14:30:00,6.58,4.6,30.11,90.0
SC-110,2026-07-04 15:00:00,5.84,4.3,26.47,90.0
SC-110,2026-07-04 15:30:00,5.17,3.85,25.56,90.0
SC-110,2026-07-04 16:00:00,4.9,3.75,23.59,90.0
SC-110,2026-07-04 16:30:00,4.89,3.39,30.64,90.0
SC-110,2026-07-05 08:00:00,7.6,6.01,21.0,90.0
SC-110,2026-07-05 08:30:00,11.94,8.99,24.72,90.0
SC-110,2026-07-05 09:00:00,14.9,11.13,25.35,90.0
SC-110,2026-07-05 09:30:00,18.63,12.68,31.96,90.0
SC-110,2026-07-05 10:00:00,18.95,13.8,27.17,90.0
SC-110,2026-07-05 10:30:00,21.96,15.66,28.68,90.0
SC-110,2026-07-05 11:00:00,20.91,15.52,25.76,90.0
SC-110,2026-07-05 11:30:00,19.65,15.18,22.76,90.0
SC-110,2026-07-05 12:00:00,21.09,15.34,27.29,90.0
SC-110,2026-07-05 12:30:00,19.63,13.07,33.41,90.0
SC-110,2026-07-05 13:00:00,18.15,13.5,25.58,90.0
SC-110,2026-07-05 13:30:00,17.35,12.45,28.23,90.0
SC-110,2026-07-05 14:00:00,15.93,12.21,23.32,90.0
SC-110,2026-07-05 14:30:00,15.32,10.68,30.34,90.0
SC-110,2026-07-05 15:00:00,16.18,11.42,29.39,90.0
SC-110,2026-07-05 15:30:00,16.56,11.54,30.32,90.0
SC-110,2026-07-05 16:00:00,14.24,9.77,31.39,90.0
SC-110,2026-07-05 16:30:00,12.04,8.6,28.58,90.0
SC-110,2026-07-06 08:00:00,8.19,5.89,28.1,90.0
SC-110,2026-07-06 08:30:00,12.29,8.83,28.17,90.0
SC-110,2026-07-06 09:00:00,16.6,11.95,28.01,90.0
SC-110,2026-07-06 09:30:00,17.27,12.8,25.83,90.0
SC-110,2026-07-06 10:00:00,20.73,15.58,24.82,90.0
SC-110,2026-07-06 10:30:00,21.16,15.29,27.73,90.0
SC-110,2026-07-06 11:00:00,22.9,16.34,28.64,90.0
SC-110,2026-07-06 11:30:00,21.01,14.45,31.23,90.0
SC-110,2026-07-06 12:00:00,18.21,14.27,21.62,90.0
SC-110,2026-07-06 12:30:00,20.2,14.51,28.16,90.0
SC-110,2026-07-06 13:00:00,19.99,13.89,30.53,90.0
SC-110,2026-07-06 13:30:00,16.67,12.07,27.58,90.0
SC-110,2026-07-06 14:00:00,16.01,11.75,26.61,90.0
SC-110,2026-07-06 14:30:00,14.09,10.76,23.6,90.0
SC-110,2026-07-06 15:00:00,14.59,10.62,27.24,90.0
SC-110,2026-07-06 15:30:00,13.82,9.98,27.79,90.0
SC-110,2026-07-06 16:00:00,13.13,9.48,27.8,90.0
SC-110,2026-07-06 16:30:00,12.86,9.19,28.53,90.0
SC-110,2026-07-07 08:00:00,7.82,5.83,25.36,90.0
SC-110,2026-07-07 08:30:00,13.03,8.31,36.26,90.0
SC-110,2026-07-07 09:00:00,13.31,9.76,26.73,90.0
SC-110,2026-07-07 09:30:00,17.11,12.03,29.69,90.0
SC-110,2026-07-07 10:00:00,20.7,13.48,34.88,90.0
SC-110,2026-07-07 10:30:00,17.58,13.73,21.9,90.0
SC-110,2026-07-07 11:00:00,19.79,14.69,25.76,90.0
SC-110,2026-07-07 11:30:00,17.76,13.92,21.62,90.0
SC-110,2026-07-07 12:00:00,20.99,14.99,28.6,90.0
SC-110,2026-07-07 12:30:00,16.48,12.37,24.91,90.0
SC-110,2026-07-07 13:00:00,18.92,13.1,30.76,90.0
SC-110,2026-07-07 13:30:00,16.33,11.54,29.33,90.0
SC-110,2026-07-07 14:00:00,15.54,10.75,30.83,90.0
SC-110,2026-07-07 14:30:00,12.44,9.36,24.75,90.0
SC-110,2026-07-07 15:00:00,14.0,10.17,27.35,90.0
SC-110,2026-07-07 15:30:00,12.27,8.93,27.18,90.0
SC-110,2026-07-07 16:00:00,14.05,9.4,33.11,90.0
SC-110,2026-07-07 16:30:00,11.33,7.66,32.43,90.0
SC-110,2026-07-08 08:00:00,7.75,5.65,27.15,90.0
SC-110,2026-07-08 08:30:00,12.14,9.08,25.16,90.0
SC-110,2026-07-08 09:00:00,16.35,10.64,34.91,90.0
SC-110,2026-07-08 09:30:00,17.5,11.64,33.49,90.0
SC-110,2026-07-08 10:00:00,16.77,12.08,27.95,90.0
SC-110,2026-07-08 10:30:00,20.65,13.98,32.27,90.0
SC-110,2026-07-08 11:00:00,21.75,14.59,32.91,90.0
SC-110,2026-07-08 11:30:00,20.22,14.38,28.86,90.0
SC-110,2026-07-08 12:00:00,18.73,13.67,27.02,90.0
SC-110,2026-07-08 12:30:00,18.27,13.41,26.61,90.0
SC-110,2026-07-08 13:00:00,19.11,12.74,33.32,90.0
SC-110,2026-07-08 13:30:00,15.0,11.12,25.86,90.0
SC-110,2026-07-08 14:00:00,15.85,12.23,22.85,90.0
SC-110,2026-07-08 14:30:00,13.84,10.12,26.89,90.0
SC-110,2026-07-08 15:00:00,14.92,10.61,28.89,90.0
SC-110,2026-07-08 15:30:00,13.65,10.29,24.58,90.0
SC-110,2026-07-08 16:00:00,12.39,9.17,26.03,90.0
SC-110,2026-07-08 16:30:00,11.66,8.41,27.91,90.0
SC-110,2026-07-09 08:00:00,9.1,6.02,33.76,90.0
SC-110,2026-07-09 08:30:00,12.32,9.03,26.7,90.0
SC-110,2026-07-09 09:00:00,15.12,10.59,29.93,90.0
SC-110,2026-07-09 09:30:00,15.09,10.68,29.26,90.0
SC-110,2026-07-09 10:00:00,16.4,11.79,28.14,90.0
SC-110,2026-07-09 10:30:00,18.49,14.01,24.24,90.0
SC-110,2026-07-09 11:00:00,21.59,15.73,27.13,90.0
SC-110,2026-07-09 11:30:00,19.25,13.86,27.97,90.0
SC-110,2026-07-09 12:00:00,18.73,12.99,30.65,90.0
SC-110,2026-07-09 12:30:00,16.87,13.31,21.09,90.0
SC-110,2026-07-09 13:00:00,16.63,12.23,26.45,90.0
SC-110,2026-07-09 13:30:00,18.31,12.75,30.36,90.0
SC-110,2026-07-09 14:00:00,15.75,10.59,32.74,90.0
SC-110,2026-07-09 14:30:00,14.02,10.74,23.38,90.0
SC-110,2026-07-09 15:00:00,13.93,10.35,25.72,90.0
SC-110,2026-07-09 15:30:00,15.47,10.51,32.07,90.0
SC-110,2026-07-09 16:00:00,11.67,8.26,29.22,90.0
SC-110,2026-07-09 16:30:00,11.35,8.04,29.16,90.0
SC-110,2026-07-10 08:00:00,4.39,3.42,22.07,90.0
SC-110,2026-07-10 08:30:00,6.59,4.65,29.41,90.0
SC-110,2026-07-10 09:00:00,7.7,5.31,31.07,90.0
SC-110,2026-07-10 09:30:00,8.76,6.09,30.45,90.0
SC-110,2026-07-10 10:00:00,9.07,6.47,28.75,90.0
SC-110,2026-07-10 10:30:00,8.96,7.09,20.84,90.0
SC-110,2026-07-10 11:00:00,10.64,7.36,30.77,90.0
SC-110,2026-07-10 11:30:00,10.98,7.24,34.06,90.0
SC-110,2026-07-10 12:00:00,8.74,6.67,23.66,90.0
SC-110,2026-07-10 12:30:00,9.46,6.82,27.82,90.0
SC-110,2026-07-10 13:00:00,8.39,6.53,22.24,90.0
SC-110,2026-07-10 13:30:00,7.98,6.16,22.82,90.0
SC-110,2026-07-10 14:00:00,7.76,5.74,26.03,90.0
SC-110,2026-07-10 14:30:00,8.17,5.42,33.65,90.0
SC-110,2026-07-10 15:00:00,6.97,5.25,24.61,90.0
SC-110,2026-07-10 15:30:00,6.53,4.57,29.93,90.0
SC-110,2026-07-10 16:00:00,6.52,4.73,27.38,90.0
SC-110,2026-07-10 16:30:00,5.6,4.21,24.95,90.0
SC-110,2026-07-11 08:00:00,3.68,2.51,31.7,90.0
SC-110,2026-07-11 08:30:00,5.4,3.83,29.18,90.0
SC-110,2026-07-11 09:00:00,5.6,4.32,22.98,90.0
SC-110,2026-07-11 09:30:00,7.16,4.97,30.56,90.0
SC-110,2026-07-11 10:00:00,7.35,5.11,30.5,90.0
SC-110,2026-07-11 10:30:00,8.23,5.74,30.3,90.0
SC-110,2026-07-11 11:00:00,7.47,5.99,19.9,90.0
SC-110,2026-07-11 11:30:00,8.19,5.79,29.33,90.0
SC-110,2026-07-11 12:00:00,7.44,5.42,27.17,90.0
SC-110,2026-07-11 12:30:00,7.55,5.65,25.18,90.0
SC-110,2026-07-11 13:00:00,7.21,4.83,33.03,90.0
SC-110,2026-07-11 13:30:00,6.9,4.83,30.02,90.0
SC-110,2026-07-11 14:00:00,6.94,5.0,27.88,90.0
SC-110,2026-07-11 14:30:00,5.63,4.13,26.64,90.0
SC-110,2026-07-11 15:00:00,6.39,4.29,32.9,90.0
SC-110,2026-07-11 15:30:00,5.36,3.85,28.27,90.0
SC-110,2026-07-11 16:00:00,5.18,3.92,24.37,90.0
SC-110,2026-07-11 16:30:00,4.67,3.24,30.66,90.0
SC-110,2026-07-12 08:00:00,8.38,6.28,25.06,90.0
SC-110,2026-07-12 08:30:00,11.93,8.12,31.94,90.0
SC-110,2026-07-12 09:00:00,17.35,10.93,37.0,90.0
SC-110,2026-07-12 09:30:00,14.18,11.42,19.5,90.0
SC-110,2026-07-12 10:00:00,23.76,14.95,37.07,90.0
SC-110,2026-07-12 10:30:00,19.92,13.39,32.78,90.0
SC-110,2026-07-12 11:00:00,20.29,14.99,26.11,90.0
SC-110,2026-07-12 11:30:00,19.2,14.67,23.62,90.0
SC-110,2026-07-12 12:00:00,21.6,14.74,31.79,90.0
SC-110,2026-07-12 12:30:00,16.89,13.8,18.34,90.0
SC-110,2026-07-12 13:00:00,18.81,13.6,27.68,90.0
SC-110,2026-07-12 13:30:00,15.42,11.34,26.48,90.0
SC-110,2026-07-12 14:00:00,16.21,11.28,30.4,90.0
SC-110,2026-07-12 14:30:00,14.32,10.9,23.88,90.0
SC-110,2026-07-12 15:00:00,14.03,9.72,30.71,90.0
SC-110,2026-07-12 15:30:00,15.18,10.62,30.05,90.0
SC-110,2026-07-12 16:00:00,13.75,9.78,28.88,90.0
SC-110,2026-07-12 16:30:00,11.23,7.89,29.73,90.0
SC-110,2026-07-13 08:00:00,9.29,6.73,27.52,90.0
SC-110,2026-07-13 08:30:00,11.69,8.69,25.66,90.0
SC-110,2026-07-13 09:00:00,15.74,11.8,24.99,90.0
SC-110,2026-07-13 09:30:00,22.19,14.13,36.33,90.0
SC-110,2026-07-13 10:00:00,21.6,15.48,28.37,90.0
SC-110,2026-07-13 10:30:00,18.37,13.49,26.57,90.0
SC-110,2026-07-13 11:00:00,23.69,15.74,33.55,90.0
SC-110,2026-07-13 11:30:00,21.49,15.84,26.28,90.0
SC-110,2026-07-13 12:00:00,22.71,15.35,32.42,90.0
SC-110,2026-07-13 12:30:00,19.52,14.78,24.28,90.0
SC-110,2026-07-13 13:00:00,21.05,13.66,35.09,90.0
SC-110,2026-07-13 13:30:00,16.14,12.54,22.33,90.0
SC-110,2026-07-13 14:00:00,18.45,13.33,27.76,90.0
SC-110,2026-07-13 14:30:00,17.16,12.49,27.2,90.0
SC-110,2026-07-13 15:00:00,14.5,11.29,22.13,90.0
SC-110,2026-07-13 15:30:00,14.44,10.17,29.58,90.0
SC-110,2026-07-13 16:00:00,15.15,10.84,28.42,90.0
SC-110,2026-07-13 16:30:00,14.16,10.16,28.2,90.0
SC-110,2026-07-14 08:00:00,8.57,6.2,27.68,90.0
SC-110,2026-07-14 08:30:00,13.11,10.31,21.38,90.0
SC-110,2026-07-14 09:00:00,15.5,11.37,26.63,90.0
SC-110,2026-07-14 09:30:00,19.96,14.58,26.97,90.0
SC-110,2026-07-14 10:00:00,21.34,14.35,32.78,90.0
SC-110,2026-07-14 10:30:00,21.03,15.56,26.03,90.0
SC-110,2026-07-14 11:00:00,25.64,17.4,32.12,90.0
SC-110,2026-07-14 11:30:00,21.51,15.22,29.22,90.0
SC-110,2026-07-14 12:00:00,19.83,14.57,26.52,90.0
SC-110,2026-07-14 12:30:00,20.2,14.71,27.18,90.0
SC-110,2026-07-14 13:00:00,21.45,14.41,32.82,90.0
SC-110,2026-07-14 13:30:00,18.14,13.01,28.25,90.0
SC-110,2026-07-14 14:00:00,14.51,11.18,22.92,90.0
SC-110,2026-07-14 14:30:00,15.97,10.82,32.27,90.0
SC-110,2026-07-14 15:00:00,13.53,9.94,26.54,90.0
SC-110,2026-07-14 15:30:00,13.26,9.53,28.13,90.0
SC-110,2026-07-14 16:00:00,13.04,9.78,24.99,90.0
SC-110,2026-07-14 16:30:00,11.72,8.43,28.03,90.0
SC-110,2026-07-15 08:00:00,8.99,6.17,31.41,90.0
SC-110,2026-07-15 08:30:00,13.04,8.96,31.27,90.0
SC-110,2026-07-15 09:00:00,15.52,11.01,29.06,90.0
SC-110,2026-07-15 09:30:00,18.41,13.53,26.51,90.0
SC-110,2026-07-15 10:00:00,18.61,13.33,28.37,90.0
SC-110,2026-07-15 10:30:00,20.9,15.04,28.03,90.0
SC-110,2026-07-15 11:00:00,21.2,15.47,27.04,90.0
SC-110,2026-07-15 11:30:00,20.98,14.97,28.64,90.0
SC-110,2026-07-15 12:00:00,19.1,13.28,30.49,90.0
SC-110,2026-07-15 12:30:00,18.61,13.54,27.25,90.0
SC-110,2026-07-15 13:00:00,18.93,13.78,27.19,90.0
SC-110,2026-07-15 13:30:00,16.63,12.31,25.94,90.0
SC-110,2026-07-15 14:00:00,15.96,11.79,26.14,90.0
SC-110,2026-07-15 14:30:00,14.94,11.2,24.98,90.0
SC-110,2026-07-15 15:00:00,12.7,9.53,24.98,90.0
SC-110,2026-07-15 15:30:00,12.48,9.44,24.35,90.0
SC-110,2026-07-15 16:00:00,11.85,9.73,17.89,90.0
SC-110,2026-07-15 16:30:00,12.25,8.58,29.93,90.0
SC-110,2026-07-16 08:00:00,8.07,5.7,29.4,90.0
SC-110,2026-07-16 08:30:00,12.03,8.49,29.38,90.0
SC-110,2026-07-16 09:00:00,12.77,9.11,28.6,90.0
SC-110,2026-07-16 09:30:00,13.91,10.55,24.13,90.0
SC-110,2026-07-16 10:00:00,17.54,13.07,25.46,90.0
SC-110,2026-07-16 10:30:00,18.33,13.03,28.92,90.0
SC-110,2026-07-16 11:00:00,16.97,13.27,21.8,90.0
SC-110,2026-07-16 11:30:00,17.46,12.52,28.32,90.0
SC-110,2026-07-16 12:00:00,19.56,14.06,28.14,90.0
SC-110,2026-07-16 12:30:00,17.94,13.86,22.76,90.0
SC-110,2026-07-16 13:00:00,17.12,12.4,27.55,90.0
SC-110,2026-07-16 13:30:00,16.3,12.27,24.71,90.0
SC-110,2026-07-16 14:00:00,14.54,11.02,24.24,90.0
SC-110,2026-07-16 14:30:00,13.89,9.87,28.94,90.0
SC-110,2026-07-16 15:00:00,13.52,9.77,27.78,90.0
SC-110,2026-07-16 15:30:00,14.67,9.6,34.57,90.0
SC-110,2026-07-16 16:00:00,11.44,8.51,25.66,90.0
SC-110,2026-07-16 16:30:00,9.06,7.2,20.6,90.0
SC-110,2026-07-17 08:00:00,4.21,3.09,26.61,90.0
SC-110,2026-07-17 08:30:00,7.03,4.87,30.75,90.0
SC-110,2026-07-17 09:00:00,6.77,4.98,26.48,90.0
SC-110,2026-07-17 09:30:00,7.57,5.95,21.46,90.0
SC-110,2026-07-17 10:00:00,8.24,6.48,21.35,90.0
SC-110,2026-07-17 10:30:00,10.54,7.31,30.71,90.0
SC-110,2026-07-17 11:00:00,10.56,7.8,26.18,90.0
SC-110,2026-07-17 11:30:00,10.95,7.6,30.56,90.0
SC-110,2026-07-17 12:00:00,9.8,7.16,26.97,90.0
SC-110,2026-07-17 12:30:00,10.99,7.59,30.95,90.0
SC-110,2026-07-17 13:00:00,9.13,6.93,24.08,90.0
SC-110,2026-07-17 13:30:00,9.11,6.2,31.89,90.0
SC-110,2026-07-17 14:00:00,8.32,5.82,30.07,90.0
SC-110,2026-07-17 14:30:00,7.7,5.33,30.77,90.0
SC-110,2026-07-17 15:00:00,7.09,5.37,24.27,90.0
SC-110,2026-07-17 15:30:00,7.23,5.14,28.97,90.0
SC-110,2026-07-17 16:00:00,6.97,4.52,35.19,90.0
SC-110,2026-07-17 16:30:00,6.95,4.7,32.38,90.0
SC-110,2026-07-18 08:00:00,3.81,2.7,29.22,90.0
SC-110,2026-07-18 08:30:00,5.87,3.89,33.8,90.0
SC-110,2026-07-18 09:00:00,6.09,4.65,23.71,90.0
SC-110,2026-07-18 09:30:00,6.77,4.82,28.82,90.0
SC-110,2026-07-18 10:00:00,6.22,4.74,23.92,90.0
SC-110,2026-07-18 10:30:00,8.73,6.09,30.15,90.0
SC-110,2026-07-18 11:00:00,7.65,5.66,26.1,90.0
SC-110,2026-07-18 11:30:00,7.89,5.78,26.82,90.0
SC-110,2026-07-18 12:00:00,7.78,5.39,30.8,90.0
SC-110,2026-07-18 12:30:00,7.65,5.74,25.06,90.0
SC-110,2026-07-18 13:00:00,7.65,5.2,32.0,90.0
SC-110,2026-07-18 13:30:00,6.72,4.87,27.5,90.0
SC-110,2026-07-18 14:00:00,6.59,4.69,28.79,90.0
SC-110,2026-07-18 14:30:00,6.2,4.51,27.16,90.0
SC-110,2026-07-18 15:00:00,5.82,4.34,25.38,90.0
SC-110,2026-07-18 15:30:00,6.01,4.27,28.98,90.0
SC-110,2026-07-18 16:00:00,5.11,3.56,30.41,90.0
SC-110,2026-07-18 16:30:00,5.01,3.58,28.52,90.0
SC-110,2026-07-19 08:00:00,9.39,7.03,25.14,90.0
SC-110,2026-07-19 08:30:00,13.77,10.2,25.92,90.0
SC-110,2026-07-19 09:00:00,16.24,11.74,27.69,90.0
SC-110,2026-07-19 09:30:00,19.49,13.57,30.38,90.0
SC-110,2026-07-19 10:00:00,22.85,15.7,31.31,90.0
SC-110,2026-07-19 10:30:00,23.26,16.18,30.44,90.0
SC-110,2026-07-19 11:00:00,23.25,17.66,24.06,90.0
SC-110,2026-07-19 11:30:00,23.08,16.1,30.28,90.0
SC-110,2026-07-19 12:00:00,23.25,15.77,32.16,90.0
SC-110,2026-07-19 12:30:00,19.68,14.92,24.21,90.0
SC-110,2026-07-19 13:00:00,20.04,13.47,32.82,90.0
SC-110,2026-07-19 13:30:00,18.98,13.49,28.91,90.0
SC-110,2026-07-19 14:00:00,19.22,12.91,32.87,90.0
SC-110,2026-07-19 14:30:00,17.52,12.6,28.13,90.0
SC-110,2026-07-19 15:00:00,15.8,11.61,26.51,90.0
SC-110,2026-07-19 15:30:00,14.93,10.79,27.76,90.0
SC-110,2026-07-19 16:00:00,14.28,10.32,27.7,90.0
SC-110,2026-07-19 16:30:00,12.02,8.85,26.39,90.0
SC-110,2026-07-20 08:00:00,9.26,6.63,28.45,90.0
SC-110,2026-07-20 08:30:00,14.48,9.89,31.7,90.0
SC-110,2026-07-20 09:00:00,15.19,11.11,26.82,90.0
SC-110,2026-07-20 09:30:00,18.95,13.02,31.26,90.0
SC-110,2026-07-20 10:00:00,21.29,15.19,28.68,90.0
SC-110,2026-07-20 10:30:00,18.86,14.33,24.03,90.0
SC-110,2026-07-20 11:00:00,23.76,17.72,25.42,90.0
SC-110,2026-07-20 11:30:00,22.29,16.05,28.0,90.0
SC-110,2026-07-20 12:00:00,19.52,14.8,24.16,90.0
SC-110,2026-07-20 12:30:00,19.17,14.27,25.56,90.0
SC-110,2026-07-20 13:00:00,17.5,12.85,26.6,90.0
SC-110,2026-07-20 13:30:00,19.5,13.42,31.16,90.0
SC-110,2026-07-20 14:00:00,19.28,13.48,30.06,90.0
SC-110,2026-07-20 14:30:00,18.07,12.42,31.27,90.0
SC-110,2026-07-20 15:00:00,16.12,11.42,29.16,90.0
SC-110,2026-07-20 15:30:00,14.67,10.46,28.71,90.0
SC-110,2026-07-20 16:00:00,13.81,10.08,26.98,90.0
SC-110,2026-07-20 16:30:00,10.79,8.23,23.66,90.0
SC-110,2026-07-21 08:00:00,11.16,7.13,36.16,90.0
SC-110,2026-07-21 08:30:00,12.39,9.39,24.21,90.0
SC-110,2026-07-21 09:00:00,13.08,9.59,26.7,90.0
SC-110,2026-07-21 09:30:00,18.86,13.0,31.07,90.0
SC-110,2026-07-21 10:00:00,17.68,13.41,24.13,90.0
SC-110,2026-07-21 10:30:00,18.46,14.04,23.91,90.0
SC-110,2026-07-21 11:00:00,19.87,14.34,27.81,90.0
SC-110,2026-07-21 11:30:00,20.65,15.47,25.12,90.0
SC-110,2026-07-21 12:00:00,17.64,13.3,24.59,90.0
SC-110,2026-07-21 12:30:00,16.39,12.42,24.23,90.0
SC-110,2026-07-21 13:00:00,17.54,12.38,29.43,90.0
SC-110,2026-07-21 13:30:00,16.64,11.65,30.02,90.0
SC-110,2026-07-21 14:00:00,15.38,10.88,29.27,90.0
SC-110,2026-07-21 14:30:00,13.75,10.12,26.42,90.0
SC-110,2026-07-21 15:00:00,12.29,9.84,19.92,90.0
SC-110,2026-07-21 15:30:00,13.87,10.2,26.48,90.0
SC-110,2026-07-21 16:00:00,12.92,9.09,29.68,90.0
SC-110,2026-07-21 16:30:00,11.74,8.59,26.79,90.0
SC-110,2026-07-22 08:00:00,7.47,5.91,20.79,90.0
SC-110,2026-07-22 08:30:00,13.16,9.08,30.97,90.0
SC-110,2026-07-22 09:00:00,13.91,10.86,21.94,90.0
SC-110,2026-07-22 09:30:00,15.27,10.97,28.14,90.0
SC-110,2026-07-22 10:00:00,18.07,13.05,27.79,90.0
SC-110,2026-07-22 10:30:00,19.65,14.57,25.84,90.0
SC-110,2026-07-22 11:00:00,21.47,16.12,24.93,90.0
SC-110,2026-07-22 11:30:00,19.97,14.81,25.82,90.0
SC-110,2026-07-22 12:00:00,20.53,15.14,26.26,90.0
SC-110,2026-07-22 12:30:00,18.21,13.35,26.69,90.0
SC-110,2026-07-22 13:00:00,19.28,13.81,28.38,90.0
SC-110,2026-07-22 13:30:00,16.74,12.87,23.12,90.0
SC-110,2026-07-22 14:00:00,14.13,10.49,25.72,90.0
SC-110,2026-07-22 14:30:00,13.82,10.42,24.64,90.0
SC-110,2026-07-22 15:00:00,15.15,10.27,32.21,90.0
SC-110,2026-07-22 15:30:00,13.69,9.72,29.02,90.0
SC-110,2026-07-22 16:00:00,13.64,9.55,30.02,90.0
SC-110,2026-07-22 16:30:00,13.67,9.48,30.68,90.0
SC-110,2026-07-23 08:00:00,8.63,6.3,27.0,90.0
SC-110,2026-07-23 08:30:00,14.14,10.15,28.23,90.0
SC-110,2026-07-23 09:00:00,14.74,11.51,21.91,90.0
SC-110,2026-07-23 09:30:00,18.41,13.11,28.77,90.0
SC-110,2026-07-23 10:00:00,20.52,14.28,30.41,90.0
SC-110,2026-07-23 10:30:00,19.26,13.46,30.1,90.0
SC-110,2026-07-23 11:00:00,17.89,14.6,18.41,90.0
SC-110,2026-07-23 11:30:00,20.62,14.63,29.05,90.0
SC-110,2026-07-23 12:00:00,21.35,15.24,28.61,90.0
SC-110,2026-07-23 12:30:00,17.06,13.13,22.99,90.0
SC-110,2026-07-23 13:00:00,19.35,13.26,31.52,90.0
SC-110,2026-07-23 13:30:00,17.56,12.24,30.29,90.0
SC-110,2026-07-23 14:00:00,15.34,11.38,25.83,90.0
SC-110,2026-07-23 14:30:00,17.03,11.56,32.12,90.0
SC-110,2026-07-23 15:00:00,14.06,10.29,26.85,90.0
SC-110,2026-07-23 15:30:00,12.67,9.4,25.83,90.0
SC-110,2026-07-23 16:00:00,13.03,8.98,31.06,90.0
SC-110,2026-07-23 16:30:00,11.25,7.91,29.72,90.0
SC-110,2026-07-24 08:00:00,4.4,3.08,29.94,90.0
SC-110,2026-07-24 08:30:00,5.99,4.53,24.44,90.0
SC-110,2026-07-24 09:00:00,8.07,5.77,28.46,90.0
SC-110,2026-07-24 09:30:00,8.06,6.02,25.32,90.0
SC-110,2026-07-24 10:00:00,9.97,6.7,32.78,90.0
SC-110,2026-07-24 10:30:00,9.7,6.96,28.22,90.0
SC-110,2026-07-24 11:00:00,9.94,7.25,27.09,90.0
SC-110,2026-07-24 11:30:00,9.52,6.85,28.08,90.0
SC-110,2026-07-24 12:00:00,10.1,6.96,31.06,90.0
SC-110,2026-07-24 12:30:00,9.47,6.53,30.99,90.0
SC-110,2026-07-24 13:00:00,10.17,6.44,36.62,90.0
SC-110,2026-07-24 13:30:00,8.62,6.07,29.55,90.0
SC-110,2026-07-24 14:00:00,7.36,5.46,25.84,90.0
SC-110,2026-07-24 14:30:00,8.57,5.5,35.85,90.0
SC-110,2026-07-24 15:00:00,7.52,5.62,25.24,90.0
SC-110,2026-07-24 15:30:00,6.47,4.53,30.09,90.0
SC-110,2026-07-24 16:00:00,6.11,4.54,25.75,90.0
SC-110,2026-07-24 16:30:00,6.64,4.31,35.04,90.0
SC-110,2026-07-25 08:00:00,3.42,2.53,26.2,90.0
SC-110,2026-07-25 08:30:00,5.66,4.05,28.33,90.0
SC-110,2026-07-25 09:00:00,6.37,4.5,29.28,90.0
SC-110,2026-07-25 09:30:00,7.25,5.54,23.58,90.0
SC-110,2026-07-25 10:00:00,7.78,5.37,30.89,90.0
SC-110,2026-07-25 10:30:00,8.86,6.46,27.1,90.0
SC-110,2026-07-25 11:00:00,8.56,6.08,28.93,90.0
SC-110,2026-07-25 11:30:00,9.56,6.4,33.08,90.0
SC-110,2026-07-25 12:00:00,9.16,6.49,29.15,90.0
SC-110,2026-07-25 12:30:00,7.95,5.55,30.25,90.0
SC-110,2026-07-25 13:00:00,6.54,5.3,18.93,90.0
SC-110,2026-07-25 13:30:00,7.46,5.84,21.74,90.0
SC-110,2026-07-25 14:00:00,6.57,4.64,29.34,90.0
SC-110,2026-07-25 14:30:00,6.2,4.62,25.56,90.0
SC-110,2026-07-25 15:00:00,6.2,4.45,28.2,90.0
SC-110,2026-07-25 15:30:00,6.32,4.39,30.57,90.0
SC-110,2026-07-25 16:00:00,5.48,4.05,26.1,90.0
SC-110,2026-07-25 16:30:00,5.07,3.66,27.77,90.0
SC-110,2026-07-26 08:00:00,9.64,6.81,29.39,90.0
SC-110,2026-07-26 08:30:00,13.17,9.56,27.4,90.0
SC-110,2026-07-26 09:00:00,19.34,13.38,30.78,90.0
SC-110,2026-07-26 09:30:00,17.72,13.59,23.3,90.0
SC-110,2026-07-26 10:00:00,18.53,14.8,20.18,90.0
SC-110,2026-07-26 10:30:00,21.06,14.98,28.87,90.0
SC-110,2026-07-26 11:00:00,25.33,18.67,26.3,90.0
SC-110,2026-07-26 11:30:00,25.98,18.92,27.16,90.0
SC-110,2026-07-26 12:00:00,24.36,17.1,29.83,90.0
SC-110,2026-07-26 12:30:00,23.27,17.5,24.81,90.0
SC-110,2026-07-26 13:00:00,19.66,14.83,24.59,90.0
SC-110,2026-07-26 13:30:00,21.6,14.64,32.2,90.0
SC-110,2026-07-26 14:00:00,17.2,12.75,25.87,90.0
SC-110,2026-07-26 14:30:00,18.15,12.77,29.66,90.0
SC-110,2026-07-26 15:00:00,15.82,11.3,28.59,90.0
SC-110,2026-07-26 15:30:00,15.48,10.57,31.7,90.0
SC-110,2026-07-26 16:00:00,14.37,10.83,24.63,90.0
SC-110,2026-07-26 16:30:00,12.88,9.61,25.35,90.0
SC-110,2026-07-27 08:00:00,10.76,7.09,34.16,90.0
SC-110,2026-07-27 08:30:00,13.41,9.98,25.61,90.0
SC-110,2026-07-27 09:00:00,18.7,12.85,31.3,90.0
SC-110,2026-07-27 09:30:00,21.44,14.88,30.58,90.0
SC-110,2026-07-27 10:00:00,21.04,15.46,26.51,90.0
SC-110,2026-07-27 10:30:00,25.27,17.72,29.9,90.0
SC-110,2026-07-27 11:00:00,23.63,16.27,31.12,90.0
SC-110,2026-07-27 11:30:00,23.24,16.61,28.52,90.0
SC-110,2026-07-27 12:00:00,20.77,15.66,24.59,90.0
SC-110,2026-07-27 12:30:00,21.2,15.87,25.15,90.0
SC-110,2026-07-27 13:00:00,20.15,14.36,28.72,90.0
SC-110,2026-07-27 13:30:00,18.18,13.53,25.58,90.0
SC-110,2026-07-27 14:00:00,19.14,14.2,25.79,90.0
SC-110,2026-07-27 14:30:00,20.0,13.91,30.46,90.0
SC-110,2026-07-27 15:00:00,17.51,12.0,31.43,90.0
SC-110,2026-07-27 15:30:00,14.45,10.72,25.84,90.0
SC-110,2026-07-27 16:00:00,15.31,10.17,33.58,90.0
SC-110,2026-07-27 16:30:00,12.13,9.65,20.46,90.0
SC-111,2026-06-30 08:00:00,29.23,21.5,26.44,60.0
SC-111,2026-06-30 08:30:00,55.35,35.6,35.68,60.0
SC-111,2026-06-30 09:00:00,64.75,44.49,31.29,60.0
SC-111,2026-06-30 09:30:00,85.28,58.56,31.33,60.0
SC-111,2026-06-30 10:00:00,80.02,55.91,30.13,60.0
SC-111,2026-06-30 10:30:00,94.63,68.89,27.2,60.0
SC-111,2026-06-30 11:00:00,91.51,66.9,26.89,60.0
SC-111,2026-06-30 11:30:00,86.51,68.8,20.47,60.0
SC-111,2026-06-30 12:00:00,90.11,65.34,27.48,60.0
SC-111,2026-06-30 12:30:00,76.6,53.85,29.7,60.0
SC-111,2026-06-30 13:00:00,76.02,54.95,27.72,60.0
SC-111,2026-06-30 13:30:00,78.65,52.5,33.25,60.0
SC-111,2026-06-30 14:00:00,73.72,53.8,27.03,60.0
SC-111,2026-06-30 14:30:00,52.71,40.32,23.5,60.0
SC-111,2026-06-30 15:00:00,56.0,42.59,23.94,60.0
SC-111,2026-06-30 15:30:00,64.21,43.72,31.91,60.0
SC-111,2026-06-30 16:00:00,50.97,36.05,29.27,60.0
SC-111,2026-06-30 16:30:00,53.68,36.9,31.26,60.0
SC-111,2026-06-30 17:00:00,41.6,28.7,31.01,60.0
SC-111,2026-06-30 17:30:00,30.11,22.08,26.68,60.0
SC-111,2026-06-30 18:00:00,30.81,21.92,28.86,60.0
SC-111,2026-06-30 18:30:00,22.96,16.79,26.87,60.0
SC-111,2026-06-30 19:00:00,19.42,13.97,28.08,60.0
SC-111,2026-06-30 19:30:00,12.93,9.21,28.75,60.0
SC-111,2026-06-30 20:00:00,11.62,8.23,29.16,60.0
SC-111,2026-06-30 20:30:00,7.83,5.36,31.59,60.0
SC-111,2026-06-30 21:00:00,5.6,3.65,34.82,60.0
SC-111,2026-06-30 21:30:00,3.32,2.6,21.72,60.0
SC-111,2026-06-30 22:00:00,2.77,1.97,28.68,60.0
SC-111,2026-06-30 22:30:00,2.98,2.05,31.14,60.0
SC-111,2026-06-30 23:00:00,2.72,1.99,26.87,60.0
SC-111,2026-06-30 23:30:00,2.82,1.97,29.97,60.0
SC-111,2026-07-01 08:00:00,25.77,19.37,24.83,60.0
SC-111,2026-07-01 08:30:00,41.21,29.47,28.49,60.0
SC-111,2026-07-01 09:00:00,53.95,35.13,34.9,60.0
SC-111,2026-07-01 09:30:00,67.27,48.14,28.44,60.0
SC-111,2026-07-01 10:00:00,65.91,47.62,27.76,60.0
SC-111,2026-07-01 10:30:00,77.63,54.67,29.57,60.0
SC-111,2026-07-01 11:00:00,83.44,60.07,28.01,60.0
SC-111,2026-07-01 11:30:00,75.02,56.7,24.42,60.0
SC-111,2026-07-01 12:00:00,78.09,56.38,27.8,60.0
SC-111,2026-07-01 12:30:00,68.13,51.36,24.62,60.0
SC-111,2026-07-01 13:00:00,54.75,40.68,25.7,60.0
SC-111,2026-07-01 13:30:00,60.35,43.77,27.47,60.0
SC-111,2026-07-01 14:00:00,60.27,42.39,29.67,60.0
SC-111,2026-07-01 14:30:00,55.77,38.18,31.54,60.0
SC-111,2026-07-01 15:00:00,48.59,36.05,25.81,60.0
SC-111,2026-07-01 15:30:00,43.02,31.51,26.76,60.0
SC-111,2026-07-01 16:00:00,45.13,33.09,26.67,60.0
SC-111,2026-07-01 16:30:00,42.68,28.17,34.0,60.0
SC-111,2026-07-01 17:00:00,38.45,26.25,31.72,60.0
SC-111,2026-07-01 17:30:00,28.24,19.71,30.22,60.0
SC-111,2026-07-01 18:00:00,23.98,17.59,26.64,60.0
SC-111,2026-07-01 18:30:00,18.95,13.42,29.19,60.0
SC-111,2026-07-01 19:00:00,18.34,12.75,30.51,60.0
SC-111,2026-07-01 19:30:00,11.71,8.57,26.82,60.0
SC-111,2026-07-01 20:00:00,8.23,6.16,25.12,60.0
SC-111,2026-07-01 20:30:00,6.69,4.52,32.44,60.0
SC-111,2026-07-01 21:00:00,4.62,3.18,31.17,60.0
SC-111,2026-07-01 21:30:00,3.47,2.36,32.18,60.0
SC-111,2026-07-01 22:00:00,2.78,2.04,26.65,60.0
SC-111,2026-07-01 22:30:00,2.78,1.98,28.91,60.0
SC-111,2026-07-01 23:00:00,3.1,2.09,32.75,60.0
SC-111,2026-07-01 23:30:00,3.1,2.1,32.31,60.0
SC-111,2026-07-02 08:00:00,24.09,17.87,25.83,60.0
SC-111,2026-07-02 08:30:00,49.01,32.48,33.73,60.0
SC-111,2026-07-02 09:00:00,59.76,41.28,30.93,60.0
SC-111,2026-07-02 09:30:00,64.48,47.8,25.86,60.0
SC-111,2026-07-02 10:00:00,66.73,48.94,26.66,60.0
SC-111,2026-07-02 10:30:00,76.21,58.84,22.8,60.0
SC-111,2026-07-02 11:00:00,86.08,54.7,36.46,60.0
SC-111,2026-07-02 11:30:00,75.64,54.97,27.32,60.0
SC-111,2026-07-02 12:00:00,94.52,60.89,35.58,60.0
SC-111,2026-07-02 12:30:00,72.9,53.84,26.15,60.0
SC-111,2026-07-02 13:00:00,68.09,48.76,28.39,60.0
SC-111,2026-07-02 13:30:00,57.4,44.13,23.12,60.0
SC-111,2026-07-02 14:00:00,57.36,41.29,28.01,60.0
SC-111,2026-07-02 14:30:00,57.79,41.09,28.89,60.0
SC-111,2026-07-02 15:00:00,50.77,36.71,27.7,60.0
SC-111,2026-07-02 15:30:00,42.05,29.51,29.82,60.0
SC-111,2026-07-02 16:00:00,43.52,30.14,30.74,60.0
SC-111,2026-07-02 16:30:00,41.61,31.25,24.9,60.0
SC-111,2026-07-02 17:00:00,36.93,27.33,26.0,60.0
SC-111,2026-07-02 17:30:00,30.45,21.77,28.5,60.0
SC-111,2026-07-02 18:00:00,22.31,16.94,24.05,60.0
SC-111,2026-07-02 18:30:00,19.69,14.97,23.98,60.0
SC-111,2026-07-02 19:00:00,14.75,10.83,26.59,60.0
SC-111,2026-07-02 19:30:00,12.4,8.4,32.23,60.0
SC-111,2026-07-02 20:00:00,8.72,6.08,30.32,60.0
SC-111,2026-07-02 20:30:00,6.75,4.4,34.87,60.0
SC-111,2026-07-02 21:00:00,4.65,3.24,30.26,60.0
SC-111,2026-07-02 21:30:00,3.39,2.4,29.16,60.0
SC-111,2026-07-02 22:00:00,2.8,1.96,30.04,60.0
SC-111,2026-07-02 22:30:00,2.51,1.85,26.37,60.0
SC-111,2026-07-02 23:00:00,2.6,1.93,25.78,60.0
SC-111,2026-07-02 23:30:00,2.78,1.98,28.7,60.0
SC-111,2026-07-03 08:00:00,13.84,10.01,27.64,60.0
SC-111,2026-07-03 08:30:00,20.9,14.98,28.33,60.0
SC-111,2026-07-03 09:00:00,28.93,19.97,30.95,60.0
SC-111,2026-07-03 09:30:00,31.29,23.06,26.3,60.0
SC-111,2026-07-03 10:00:00,34.96,27.07,22.56,60.0
SC-111,2026-07-03 10:30:00,34.81,24.74,28.92,60.0
SC-111,2026-07-03 11:00:00,41.53,30.14,27.43,60.0
SC-111,2026-07-03 11:30:00,41.45,28.65,30.88,60.0
SC-111,2026-07-03 12:00:00,34.76,26.15,24.79,60.0
SC-111,2026-07-03 12:30:00,35.59,26.9,24.42,60.0
SC-111,2026-07-03 13:00:00,34.11,21.69,36.42,60.0
SC-111,2026-07-03 13:30:00,32.76,23.08,29.54,60.0
SC-111,2026-07-03 14:00:00,26.69,19.64,26.43,60.0
SC-111,2026-07-03 14:30:00,28.37,19.62,30.84,60.0
SC-111,2026-07-03 15:00:00,27.73,19.62,29.25,60.0
SC-111,2026-07-03 15:30:00,21.53,15.52,27.94,60.0
SC-111,2026-07-03 16:00:00,18.09,14.03,22.45,60.0
SC-111,2026-07-03 16:30:00,19.49,12.79,34.39,60.0
SC-111,2026-07-03 17:00:00,14.28,11.13,22.09,60.0
SC-111,2026-07-03 17:30:00,14.18,10.12,28.67,60.0
SC-111,2026-07-03 18:00:00,11.33,7.98,29.54,60.0
SC-111,2026-07-03 18:30:00,9.23,6.99,24.35,60.0
SC-111,2026-07-03 19:00:00,7.82,5.43,30.55,60.0
SC-111,2026-07-03 19:30:00,5.88,4.31,26.77,60.0
SC-111,2026-07-03 20:00:00,4.45,3.31,25.69,60.0
SC-111,2026-07-03 20:30:00,3.28,2.36,27.88,60.0
SC-111,2026-07-03 21:00:00,3.02,2.1,30.39,60.0
SC-111,2026-07-03 21:30:00,2.96,2.14,27.79,60.0
SC-111,2026-07-03 22:00:00,2.68,1.99,25.71,60.0
SC-111,2026-07-03 22:30:00,2.86,1.97,31.37,60.0
SC-111,2026-07-03 23:00:00,2.85,2.1,26.5,60.0
SC-111,2026-07-03 23:30:00,2.76,2.06,25.36,60.0
SC-111,2026-07-04 08:00:00,9.3,6.79,27.02,60.0
SC-111,2026-07-04 08:30:00,14.4,10.97,23.85,60.0
SC-111,2026-07-04 09:00:00,16.73,12.43,25.68,60.0
SC-111,2026-07-04 09:30:00,23.52,16.8,28.59,60.0
SC-111,2026-07-04 10:00:00,21.86,15.94,27.07,60.0
SC-111,2026-07-04 10:30:00,25.16,18.84,25.12,60.0
SC-111,2026-07-04 11:00:00,27.05,19.64,27.42,60.0
SC-111,2026-07-04 11:30:00,29.01,19.45,32.95,60.0
SC-111,2026-07-04 12:00:00,25.25,19.61,22.35,60.0
SC-111,2026-07-04 12:30:00,23.89,17.44,26.98,60.0
SC-111,2026-07-04 13:00:00,24.38,17.88,26.67,60.0
SC-111,2026-07-04 13:30:00,20.94,15.14,27.72,60.0
SC-111,2026-07-04 14:00:00,19.93,13.99,29.82,60.0
SC-111,2026-07-04 14:30:00,22.97,16.76,27.04,60.0
SC-111,2026-07-04 15:00:00,15.38,12.38,19.51,60.0
SC-111,2026-07-04 15:30:00,14.62,11.25,23.05,60.0
SC-111,2026-07-04 16:00:00,14.37,10.42,27.5,60.0
SC-111,2026-07-04 16:30:00,14.73,10.52,28.6,60.0
SC-111,2026-07-04 17:00:00,13.07,8.87,32.12,60.0
SC-111,2026-07-04 17:30:00,11.51,8.36,27.35,60.0
SC-111,2026-07-04 18:00:00,8.92,6.37,28.59,60.0
SC-111,2026-07-04 18:30:00,7.85,5.29,32.64,60.0
SC-111,2026-07-04 19:00:00,5.77,4.32,25.18,60.0
SC-111,2026-07-04 19:30:00,5.01,3.6,28.06,60.0
SC-111,2026-07-04 20:00:00,3.7,2.6,29.78,60.0
SC-111,2026-07-04 20:30:00,3.29,2.05,37.65,60.0
SC-111,2026-07-04 21:00:00,2.53,1.87,26.2,60.0
SC-111,2026-07-04 21:30:00,2.51,1.97,21.64,60.0
SC-111,2026-07-04 22:00:00,2.83,2.11,25.59,60.0
SC-111,2026-07-04 22:30:00,2.69,1.92,28.83,60.0
SC-111,2026-07-04 23:00:00,2.68,1.9,29.36,60.0
SC-111,2026-07-04 23:30:00,2.75,1.97,28.29,60.0
SC-111,2026-07-05 08:00:00,37.66,25.54,32.17,60.0
SC-111,2026-07-05 08:30:00,65.12,45.81,29.65,60.0
SC-111,2026-07-05 09:00:00,64.11,46.25,27.85,60.0
SC-111,2026-07-05 09:30:00,73.51,54.4,25.99,60.0
SC-111,2026-07-05 10:00:00,92.41,69.44,24.86,60.0
SC-111,2026-07-05 10:30:00,92.18,65.71,28.72,60.0
SC-111,2026-07-05 11:00:00,93.75,74.5,20.53,60.0
SC-111,2026-07-05 11:30:00,96.58,75.49,21.84,60.0
SC-111,2026-07-05 12:00:00,89.09,64.44,27.67,60.0
SC-111,2026-07-05 12:30:00,100.64,73.62,26.85,60.0
SC-111,2026-07-05 13:00:00,75.61,57.95,23.36,60.0
SC-111,2026-07-05 13:30:00,66.85,52.82,20.99,60.0
SC-111,2026-07-05 14:00:00,67.48,53.16,21.22,60.0
SC-111,2026-07-05 14:30:00,68.33,49.81,27.11,60.0
SC-111,2026-07-05 15:00:00,63.59,45.38,28.64,60.0
SC-111,2026-07-05 15:30:00,58.29,43.2,25.89,60.0
SC-111,2026-07-05 16:00:00,48.13,35.36,26.53,60.0
SC-111,2026-07-05 16:30:00,51.15,37.02,27.62,60.0
SC-111,2026-07-05 17:00:00,42.41,31.82,24.99,60.0
SC-111,2026-07-05 17:30:00,29.58,23.66,20.04,60.0
SC-111,2026-07-05 18:00:00,31.41,21.03,33.05,60.0
SC-111,2026-07-05 18:30:00,22.97,16.64,27.54,60.0
SC-111,2026-07-05 19:00:00,19.26,13.49,29.93,60.0
SC-111,2026-07-05 19:30:00,15.07,11.0,27.0,60.0
SC-111,2026-07-05 20:00:00,12.44,9.52,23.5,60.0
SC-111,2026-07-05 20:30:00,7.53,5.09,32.47,60.0
SC-111,2026-07-05 21:00:00,6.06,4.42,26.96,60.0
SC-111,2026-07-05 21:30:00,3.69,2.67,27.67,60.0
SC-111,2026-07-05 22:00:00,2.64,2.03,23.29,60.0
SC-111,2026-07-05 22:30:00,2.82,2.09,26.1,60.0
SC-111,2026-07-05 23:00:00,2.72,1.97,27.49,60.0
SC-111,2026-07-05 23:30:00,2.74,1.87,31.51,60.0
SC-111,2026-07-06 08:00:00,26.72,18.62,30.33,60.0
SC-111,2026-07-06 08:30:00,45.68,35.16,23.03,60.0
SC-111,2026-07-06 09:00:00,60.15,43.17,28.23,60.0
SC-111,2026-07-06 09:30:00,63.35,43.08,32.0,60.0
SC-111,2026-07-06 10:00:00,70.31,53.17,24.37,60.0
SC-111,2026-07-06 10:30:00,79.19,58.1,26.63,60.0
SC-111,2026-07-06 11:00:00,83.83,60.72,27.57,60.0
SC-111,2026-07-06 11:30:00,78.88,54.07,31.45,60.0
SC-111,2026-07-06 12:00:00,70.69,51.26,27.49,60.0
SC-111,2026-07-06 12:30:00,61.26,47.47,22.51,60.0
SC-111,2026-07-06 13:00:00,62.09,39.62,36.18,60.0
SC-111,2026-07-06 13:30:00,56.65,41.93,25.99,60.0
SC-111,2026-07-06 14:00:00,60.18,42.97,28.59,60.0
SC-111,2026-07-06 14:30:00,65.35,46.64,28.64,60.0
SC-111,2026-07-06 15:00:00,49.1,37.95,22.7,60.0
SC-111,2026-07-06 15:30:00,52.13,36.64,29.72,60.0
SC-111,2026-07-06 16:00:00,43.91,31.23,28.88,60.0
SC-111,2026-07-06 16:30:00,39.91,28.04,29.74,60.0
SC-111,2026-07-06 17:00:00,37.29,25.42,31.83,60.0
SC-111,2026-07-06 17:30:00,25.83,18.68,27.7,60.0
SC-111,2026-07-06 18:00:00,26.35,17.47,33.72,60.0
SC-111,2026-07-06 18:30:00,23.1,15.5,32.89,60.0
SC-111,2026-07-06 19:00:00,16.9,12.85,23.98,60.0
SC-111,2026-07-06 19:30:00,13.4,9.46,29.41,60.0
SC-111,2026-07-06 20:00:00,10.27,7.12,30.69,60.0
SC-111,2026-07-06 20:30:00,6.83,4.79,29.77,60.0
SC-111,2026-07-06 21:00:00,4.23,3.07,27.43,60.0
SC-111,2026-07-06 21:30:00,3.09,2.24,27.38,60.0
SC-111,2026-07-06 22:00:00,2.86,2.09,27.04,60.0
SC-111,2026-07-06 22:30:00,3.32,2.19,34.03,60.0
SC-111,2026-07-06 23:00:00,2.82,2.09,25.93,60.0
SC-111,2026-07-06 23:30:00,2.79,1.91,31.73,60.0
SC-111,2026-07-07 08:00:00,27.15,18.92,30.31,60.0
SC-111,2026-07-07 08:30:00,42.77,31.61,26.09,60.0
SC-111,2026-07-07 09:00:00,57.13,41.12,28.02,60.0
SC-111,2026-07-07 09:30:00,72.74,53.77,26.08,60.0
SC-111,2026-07-07 10:00:00,78.95,56.78,28.08,60.0
SC-111,2026-07-07 10:30:00,78.39,60.75,22.49,60.0
SC-111,2026-07-07 11:00:00,93.71,63.56,32.17,60.0
SC-111,2026-07-07 11:30:00,92.26,61.28,33.58,60.0
SC-111,2026-07-07 12:00:00,88.15,61.1,30.69,60.0
SC-111,2026-07-07 12:30:00,75.47,56.66,24.93,60.0
SC-111,2026-07-07 13:00:00,82.49,55.32,32.94,60.0
SC-111,2026-07-07 13:30:00,74.86,52.81,29.45,60.0
SC-111,2026-07-07 14:00:00,58.23,43.66,25.02,60.0
SC-111,2026-07-07 14:30:00,52.51,40.12,23.6,60.0
SC-111,2026-07-07 15:00:00,53.82,38.99,27.56,60.0
SC-111,2026-07-07 15:30:00,54.6,38.93,28.7,60.0
SC-111,2026-07-07 16:00:00,42.31,30.04,28.99,60.0
SC-111,2026-07-07 16:30:00,43.98,31.19,29.09,60.0
SC-111,2026-07-07 17:00:00,36.41,26.46,27.34,60.0
SC-111,2026-07-07 17:30:00,35.1,24.13,31.24,60.0
SC-111,2026-07-07 18:00:00,28.22,20.77,26.4,60.0
SC-111,2026-07-07 18:30:00,22.52,17.19,23.71,60.0
SC-111,2026-07-07 19:00:00,18.76,12.83,31.63,60.0
SC-111,2026-07-07 19:30:00,11.74,8.38,28.63,60.0
SC-111,2026-07-07 20:00:00,9.93,7.06,28.94,60.0
SC-111,2026-07-07 20:30:00,7.26,4.92,32.21,60.0
SC-111,2026-07-07 21:00:00,4.47,3.36,24.82,60.0
SC-111,2026-07-07 21:30:00,2.89,2.25,22.05,60.0
SC-111,2026-07-07 22:00:00,2.59,1.89,27.02,60.0
SC-111,2026-07-07 22:30:00,2.71,2.02,25.53,60.0
SC-111,2026-07-07 23:00:00,3.02,2.07,31.46,60.0
SC-111,2026-07-07 23:30:00,2.71,1.97,27.4,60.0
SC-111,2026-07-08 08:00:00,28.31,20.15,28.84,60.0
SC-111,2026-07-08 08:30:00,47.57,36.09,24.14,60.0
SC-111,2026-07-08 09:00:00,56.46,39.54,29.98,60.0
SC-111,2026-07-08 09:30:00,65.81,45.85,30.32,60.0
SC-111,2026-07-08 10:00:00,71.51,51.06,28.6,60.0
SC-111,2026-07-08 10:30:00,84.59,62.01,26.7,60.0
SC-111,2026-07-08 11:00:00,73.79,56.64,23.25,60.0
SC-111,2026-07-08 11:30:00,92.28,64.76,29.82,60.0
SC-111,2026-07-08 12:00:00,90.9,67.39,25.87,60.0
SC-111,2026-07-08 12:30:00,75.24,54.13,28.05,60.0
SC-111,2026-07-08 13:00:00,63.47,47.84,24.62,60.0
SC-111,2026-07-08 13:30:00,61.74,43.02,30.32,60.0
SC-111,2026-07-08 14:00:00,64.07,46.96,26.7,60.0
SC-111,2026-07-08 14:30:00,57.9,40.68,29.75,60.0
SC-111,2026-07-08 15:00:00,52.53,37.4,28.81,60.0
SC-111,2026-07-08 15:30:00,42.11,32.74,22.25,60.0
SC-111,2026-07-08 16:00:00,42.2,34.18,19.0,60.0
SC-111,2026-07-08 16:30:00,41.35,29.1,29.62,60.0
SC-111,2026-07-08 17:00:00,29.94,24.0,19.84,60.0
SC-111,2026-07-08 17:30:00,29.04,19.59,32.53,60.0
SC-111,2026-07-08 18:00:00,28.06,19.65,29.96,60.0
SC-111,2026-07-08 18:30:00,23.1,17.76,23.09,60.0
SC-111,2026-07-08 19:00:00,16.32,12.07,26.05,60.0
SC-111,2026-07-08 19:30:00,12.55,8.68,30.82,60.0
SC-111,2026-07-08 20:00:00,8.27,6.23,24.73,60.0
SC-111,2026-07-08 20:30:00,6.48,4.44,31.44,60.0
SC-111,2026-07-08 21:00:00,4.44,3.24,27.04,60.0
SC-111,2026-07-08 21:30:00,3.18,2.27,28.74,60.0
SC-111,2026-07-08 22:00:00,3.03,2.12,30.01,60.0
SC-111,2026-07-08 22:30:00,2.53,1.85,26.65,60.0
SC-111,2026-07-08 23:00:00,2.83,2.15,23.75,60.0
SC-111,2026-07-08 23:30:00,2.75,2.02,26.53,60.0
SC-111,2026-07-09 08:00:00,27.41,20.67,24.6,60.0
SC-111,2026-07-09 08:30:00,44.69,32.3,27.72,60.0
SC-111,2026-07-09 09:00:00,53.85,41.01,23.85,60.0
SC-111,2026-07-09 09:30:00,68.29,49.7,27.22,60.0
SC-111,2026-07-09 10:00:00,68.36,49.5,27.6,60.0
SC-111,2026-07-09 10:30:00,87.97,63.36,27.97,60.0
SC-111,2026-07-09 11:00:00,85.01,59.93,29.51,60.0
SC-111,2026-07-09 11:30:00,89.88,61.27,31.84,60.0
SC-111,2026-07-09 12:00:00,84.77,62.06,26.8,60.0
SC-111,2026-07-09 12:30:00,76.11,57.62,24.3,60.0
SC-111,2026-07-09 13:00:00,68.83,52.35,23.94,60.0
SC-111,2026-07-09 13:30:00,66.06,49.04,25.77,60.0
SC-111,2026-07-09 14:00:00,68.89,49.25,28.51,60.0
SC-111,2026-07-09 14:30:00,45.52,35.5,22.01,60.0
SC-111,2026-07-09 15:00:00,50.64,37.85,25.25,60.0
SC-111,2026-07-09 15:30:00,49.53,38.73,21.8,60.0
SC-111,2026-07-09 16:00:00,44.76,32.81,26.71,60.0
SC-111,2026-07-09 16:30:00,38.07,29.83,21.65,60.0
SC-111,2026-07-09 17:00:00,34.79,27.21,21.8,60.0
SC-111,2026-07-09 17:30:00,32.19,23.71,26.33,60.0
SC-111,2026-07-09 18:00:00,29.13,20.52,29.58,60.0
SC-111,2026-07-09 18:30:00,23.78,16.23,31.72,60.0
SC-111,2026-07-09 19:00:00,15.96,11.88,25.55,60.0
SC-111,2026-07-09 19:30:00,13.13,9.04,31.2,60.0
SC-111,2026-07-09 20:00:00,9.62,7.11,26.08,60.0
SC-111,2026-07-09 20:30:00,7.39,5.29,28.38,60.0
SC-111,2026-07-09 21:00:00,4.33,3.24,25.26,60.0
SC-111,2026-07-09 21:30:00,3.15,2.31,26.56,60.0
SC-111,2026-07-09 22:00:00,2.68,1.98,26.4,60.0
SC-111,2026-07-09 22:30:00,2.76,2.0,27.52,60.0
SC-111,2026-07-09 23:00:00,2.89,2.17,25.04,60.0
SC-111,2026-07-09 23:30:00,3.07,2.06,33.06,60.0
SC-111,2026-07-10 08:00:00,12.83,9.1,29.09,60.0
SC-111,2026-07-10 08:30:00,18.64,13.33,28.52,60.0
SC-111,2026-07-10 09:00:00,24.46,16.36,33.1,60.0
SC-111,2026-07-10 09:30:00,31.74,22.05,30.52,60.0
SC-111,2026-07-10 10:00:00,31.23,22.49,27.97,60.0
SC-111,2026-07-10 10:30:00,28.71,21.98,23.44,60.0
SC-111,2026-07-10 11:00:00,37.74,26.56,29.62,60.0
SC-111,2026-07-10 11:30:00,36.04,27.3,24.25,60.0
SC-111,2026-07-10 12:00:00,29.4,23.69,19.43,60.0
SC-111,2026-07-10 12:30:00,31.56,24.04,23.83,60.0
SC-111,2026-07-10 13:00:00,30.69,22.54,26.55,60.0
SC-111,2026-07-10 13:30:00,27.44,19.69,28.24,60.0
SC-111,2026-07-10 14:00:00,23.52,17.21,26.82,60.0
SC-111,2026-07-10 14:30:00,24.79,17.88,27.87,60.0
SC-111,2026-07-10 15:00:00,20.15,14.19,29.58,60.0
SC-111,2026-07-10 15:30:00,21.92,15.71,28.34,60.0
SC-111,2026-07-10 16:00:00,18.26,13.4,26.62,60.0
SC-111,2026-07-10 16:30:00,18.3,13.23,27.7,60.0
SC-111,2026-07-10 17:00:00,17.19,12.71,26.08,60.0
SC-111,2026-07-10 17:30:00,12.79,8.92,30.23,60.0
SC-111,2026-07-10 18:00:00,11.11,7.54,32.13,60.0
SC-111,2026-07-10 18:30:00,8.94,6.42,28.16,60.0
SC-111,2026-07-10 19:00:00,7.9,5.4,31.63,60.0
SC-111,2026-07-10 19:30:00,5.09,3.81,25.01,60.0
SC-111,2026-07-10 20:00:00,4.9,3.38,31.09,60.0
SC-111,2026-07-10 20:30:00,2.89,2.08,28.17,60.0
SC-111,2026-07-10 21:00:00,2.57,1.98,22.85,60.0
SC-111,2026-07-10 21:30:00,3.03,2.12,30.06,60.0
SC-111,2026-07-10 22:00:00,2.86,2.09,26.76,60.0
SC-111,2026-07-10 22:30:00,2.85,2.12,25.7,60.0
SC-111,2026-07-10 23:00:00,2.92,2.06,29.37,60.0
SC-111,2026-07-10 23:30:00,2.97,2.07,30.22,60.0
SC-111,2026-07-11 08:00:00,8.76,6.85,21.73,60.0
SC-111,2026-07-11 08:30:00,16.54,12.02,27.33,60.0
SC-111,2026-07-11 09:00:00,17.49,13.47,22.97,60.0
SC-111,2026-07-11 09:30:00,20.05,14.26,28.87,60.0
SC-111,2026-07-11 10:00:00,24.94,18.56,25.61,60.0
SC-111,2026-07-11 10:30:00,24.68,17.04,30.94,60.0
SC-111,2026-07-11 11:00:00,29.88,19.92,33.35,60.0
SC-111,2026-07-11 11:30:00,24.53,18.6,24.16,60.0
SC-111,2026-07-11 12:00:00,28.63,19.28,32.63,60.0
SC-111,2026-07-11 12:30:00,24.09,17.51,27.32,60.0
SC-111,2026-07-11 13:00:00,22.04,15.54,29.51,60.0
SC-111,2026-07-11 13:30:00,19.16,13.04,31.9,60.0
SC-111,2026-07-11 14:00:00,25.57,15.87,37.93,60.0
SC-111,2026-07-11 14:30:00,21.5,15.3,28.83,60.0
SC-111,2026-07-11 15:00:00,18.04,12.46,30.92,60.0
SC-111,2026-07-11 15:30:00,13.49,9.88,26.78,60.0
SC-111,2026-07-11 16:00:00,14.89,10.8,27.5,60.0
SC-111,2026-07-11 16:30:00,13.82,9.46,31.59,60.0
SC-111,2026-07-11 17:00:00,12.49,8.73,30.08,60.0
SC-111,2026-07-11 17:30:00,8.86,7.13,19.59,60.0
SC-111,2026-07-11 18:00:00,9.21,6.65,27.76,60.0
SC-111,2026-07-11 18:30:00,6.64,4.96,25.35,60.0
SC-111,2026-07-11 19:00:00,5.21,3.72,28.57,60.0
SC-111,2026-07-11 19:30:00,4.52,3.19,29.32,60.0
SC-111,2026-07-11 20:00:00,3.01,2.16,28.2,60.0
SC-111,2026-07-11 20:30:00,2.35,1.79,23.83,60.0
SC-111,2026-07-11 21:00:00,2.8,1.96,30.11,60.0
SC-111,2026-07-11 21:30:00,2.96,2.07,30.12,60.0
SC-111,2026-07-11 22:00:00,2.76,1.99,27.95,60.0
SC-111,2026-07-11 22:30:00,2.83,2.0,29.31,60.0
SC-111,2026-07-11 23:00:00,2.68,2.0,25.34,60.0
SC-111,2026-07-11 23:30:00,2.8,2.01,28.24,60.0
SC-111,2026-07-12 08:00:00,34.86,25.51,26.81,60.0
SC-111,2026-07-12 08:30:00,60.02,41.6,30.69,60.0
SC-111,2026-07-12 09:00:00,70.58,49.38,30.03,60.0
SC-111,2026-07-12 09:30:00,78.9,58.77,25.52,60.0
SC-111,2026-07-12 10:00:00,85.89,64.03,25.46,60.0
SC-111,2026-07-12 10:30:00,117.72,81.25,30.99,60.0
SC-111,2026-07-12 11:00:00,90.77,71.0,21.77,60.0
SC-111,2026-07-12 11:30:00,109.84,74.33,32.33,60.0
SC-111,2026-07-12 12:00:00,88.85,67.35,24.2,60.0
SC-111,2026-07-12 12:30:00,89.2,64.17,28.06,60.0
SC-111,2026-07-12 13:00:00,89.6,64.97,27.49,60.0
SC-111,2026-07-12 13:30:00,70.48,52.15,26.01,60.0
SC-111,2026-07-12 14:00:00,72.11,53.54,25.74,60.0
SC-111,2026-07-12 14:30:00,70.43,50.4,28.44,60.0
SC-111,2026-07-12 15:00:00,66.08,46.47,29.68,60.0
SC-111,2026-07-12 15:30:00,53.1,40.47,23.77,60.0
SC-111,2026-07-12 16:00:00,66.42,43.21,34.94,60.0
SC-111,2026-07-12 16:30:00,55.2,39.82,27.87,60.0
SC-111,2026-07-12 17:00:00,41.54,29.1,29.94,60.0
SC-111,2026-07-12 17:30:00,33.32,24.83,25.48,60.0
SC-111,2026-07-12 18:00:00,38.51,25.75,33.13,60.0
SC-111,2026-07-12 18:30:00,25.45,17.96,29.44,60.0
SC-111,2026-07-12 19:00:00,20.14,14.12,29.89,60.0
SC-111,2026-07-12 19:30:00,16.84,11.55,31.38,60.0
SC-111,2026-07-12 20:00:00,11.35,8.86,21.94,60.0
SC-111,2026-07-12 20:30:00,6.61,4.8,27.3,60.0
SC-111,2026-07-12 21:00:00,5.49,3.94,28.13,60.0
SC-111,2026-07-12 21:30:00,3.99,2.91,27.16,60.0
SC-111,2026-07-12 22:00:00,2.96,2.06,30.33,60.0
SC-111,2026-07-12 22:30:00,2.74,1.93,29.41,60.0
SC-111,2026-07-12 23:00:00,2.37,1.98,16.31,60.0
SC-111,2026-07-12 23:30:00,2.78,1.92,30.9,60.0
SC-111,2026-07-13 08:00:00,31.52,22.33,29.17,60.0
SC-111,2026-07-13 08:30:00,55.54,38.09,31.41,60.0
SC-111,2026-07-13 09:00:00,70.8,48.95,30.87,60.0
SC-111,2026-07-13 09:30:00,77.04,58.09,24.59,60.0
SC-111,2026-07-13 10:00:00,96.25,67.16,30.23,60.0
SC-111,2026-07-13 10:30:00,111.47,74.33,33.32,60.0
SC-111,2026-07-13 11:00:00,100.75,70.34,30.19,60.0
SC-111,2026-07-13 11:30:00,92.73,67.47,27.24,60.0
SC-111,2026-07-13 12:00:00,99.25,67.91,31.57,60.0
SC-111,2026-07-13 12:30:00,81.42,58.34,28.35,60.0
SC-111,2026-07-13 13:00:00,80.48,60.02,25.43,60.0
SC-111,2026-07-13 13:30:00,78.21,56.12,28.25,60.0
SC-111,2026-07-13 14:00:00,71.0,51.71,27.17,60.0
SC-111,2026-07-13 14:30:00,70.47,50.53,28.29,60.0
SC-111,2026-07-13 15:00:00,65.15,43.12,33.81,60.0
SC-111,2026-07-13 15:30:00,58.74,40.32,31.36,60.0
SC-111,2026-07-13 16:00:00,56.06,40.76,27.29,60.0
SC-111,2026-07-13 16:30:00,47.0,31.93,32.06,60.0
SC-111,2026-07-13 17:00:00,37.79,27.97,26.0,60.0
SC-111,2026-07-13 17:30:00,38.38,24.01,37.44,60.0
SC-111,2026-07-13 18:00:00,31.15,23.11,25.81,60.0
SC-111,2026-07-13 18:30:00,19.39,14.1,27.27,60.0
SC-111,2026-07-13 19:00:00,18.32,13.28,27.52,60.0
SC-111,2026-07-13 19:30:00,14.23,10.2,28.31,60.0
SC-111,2026-07-13 20:00:00,11.74,8.44,28.1,60.0
SC-111,2026-07-13 20:30:00,8.87,6.25,29.59,60.0
SC-111,2026-07-13 21:00:00,5.66,4.22,25.43,60.0
SC-111,2026-07-13 21:30:00,4.07,2.72,33.19,60.0
SC-111,2026-07-13 22:00:00,2.55,1.85,27.4,60.0
SC-111,2026-07-13 22:30:00,2.86,2.01,29.47,60.0
SC-111,2026-07-13 23:00:00,3.11,2.09,32.66,60.0
SC-111,2026-07-13 23:30:00,2.83,1.96,30.6,60.0
SC-111,2026-07-14 08:00:00,30.45,21.03,30.92,60.0
SC-111,2026-07-14 08:30:00,55.85,36.57,34.52,60.0
SC-111,2026-07-14 09:00:00,66.67,45.76,31.37,60.0
SC-111,2026-07-14 09:30:00,66.54,51.03,23.31,60.0
SC-111,2026-07-14 10:00:00,75.95,52.17,31.31,60.0
SC-111,2026-07-14 10:30:00,81.66,59.02,27.72,60.0
SC-111,2026-07-14 11:00:00,85.49,63.22,26.05,60.0
SC-111,2026-07-14 11:30:00,98.29,64.69,34.19,60.0
SC-111,2026-07-14 12:00:00,81.96,61.45,25.03,60.0
SC-111,2026-07-14 12:30:00,76.81,57.28,25.44,60.0
SC-111,2026-07-14 13:00:00,65.86,48.54,26.3,60.0
SC-111,2026-07-14 13:30:00,66.65,48.95,26.56,60.0
SC-111,2026-07-14 14:00:00,60.72,44.1,27.38,60.0
SC-111,2026-07-14 14:30:00,60.53,45.54,24.76,60.0
SC-111,2026-07-14 15:00:00,58.72,41.39,29.52,60.0
SC-111,2026-07-14 15:30:00,49.91,36.74,26.39,60.0
SC-111,2026-07-14 16:00:00,52.57,35.55,32.38,60.0
SC-111,2026-07-14 16:30:00,38.37,28.53,25.65,60.0
SC-111,2026-07-14 17:00:00,38.41,27.31,28.89,60.0
SC-111,2026-07-14 17:30:00,33.09,25.94,21.61,60.0
SC-111,2026-07-14 18:00:00,29.55,20.21,31.58,60.0
SC-111,2026-07-14 18:30:00,23.92,18.0,24.73,60.0
SC-111,2026-07-14 19:00:00,15.03,11.44,23.87,60.0
SC-111,2026-07-14 19:30:00,13.89,9.58,31.01,60.0
SC-111,2026-07-14 20:00:00,9.32,7.0,24.89,60.0
SC-111,2026-07-14 20:30:00,6.72,4.9,27.14,60.0
SC-111,2026-07-14 21:00:00,4.44,3.39,23.55,60.0
SC-111,2026-07-14 21:30:00,3.69,2.58,30.1,60.0
SC-111,2026-07-14 22:00:00,2.86,1.93,32.47,60.0
SC-111,2026-07-14 22:30:00,2.69,1.96,27.1,60.0
SC-111,2026-07-14 23:00:00,2.58,1.85,28.07,60.0
SC-111,2026-07-14 23:30:00,2.83,2.04,27.84,60.0
SC-111,2026-07-15 08:00:00,32.56,22.27,31.62,60.0
SC-111,2026-07-15 08:30:00,52.19,35.98,31.06,60.0
SC-111,2026-07-15 09:00:00,57.83,40.67,29.67,60.0
SC-111,2026-07-15 09:30:00,74.04,52.65,28.89,60.0
SC-111,2026-07-15 10:00:00,80.42,62.41,22.39,60.0
SC-111,2026-07-15 10:30:00,90.27,68.94,23.63,60.0
SC-111,2026-07-15 11:00:00,85.4,59.95,29.8,60.0
SC-111,2026-07-15 11:30:00,95.62,66.38,30.59,60.0
SC-111,2026-07-15 12:00:00,88.08,60.55,31.26,60.0
SC-111,2026-07-15 12:30:00,81.91,57.85,29.37,60.0
SC-111,2026-07-15 13:00:00,77.55,54.91,29.19,60.0
SC-111,2026-07-15 13:30:00,67.04,47.88,28.58,60.0
SC-111,2026-07-15 14:00:00,69.55,47.33,31.96,60.0
SC-111,2026-07-15 14:30:00,82.2,54.14,34.14,60.0
SC-111,2026-07-15 15:00:00,63.81,44.08,30.92,60.0
SC-111,2026-07-15 15:30:00,58.98,43.42,26.38,60.0
SC-111,2026-07-15 16:00:00,56.06,39.79,29.02,60.0
SC-111,2026-07-15 16:30:00,48.24,33.06,31.46,60.0
SC-111,2026-07-15 17:00:00,35.91,25.59,28.72,60.0
SC-111,2026-07-15 17:30:00,35.55,26.59,25.19,60.0
SC-111,2026-07-15 18:00:00,31.46,22.03,29.98,60.0
SC-111,2026-07-15 18:30:00,23.77,17.54,26.2,60.0
SC-111,2026-07-15 19:00:00,16.43,11.89,27.63,60.0
SC-111,2026-07-15 19:30:00,12.03,9.62,19.99,60.0
SC-111,2026-07-15 20:00:00,9.62,7.44,22.71,60.0
SC-111,2026-07-15 20:30:00,7.59,5.54,26.98,60.0
SC-111,2026-07-15 21:00:00,5.09,3.63,28.63,60.0
SC-111,2026-07-15 21:30:00,3.34,2.45,26.57,60.0
SC-111,2026-07-15 22:00:00,2.56,1.84,28.34,60.0
SC-111,2026-07-15 22:30:00,3.07,2.06,32.99,60.0
SC-111,2026-07-15 23:00:00,2.71,2.06,24.23,60.0
SC-111,2026-07-15 23:30:00,2.64,2.1,20.47,60.0
SC-111,2026-07-16 08:00:00,28.86,21.6,25.14,60.0
SC-111,2026-07-16 08:30:00,60.24,42.25,29.87,60.0
SC-111,2026-07-16 09:00:00,56.99,41.31,27.52,60.0
SC-111,2026-07-16 09:30:00,66.15,49.52,25.14,60.0
SC-111,2026-07-16 10:00:00,94.63,66.43,29.8,60.0
SC-111,2026-07-16 10:30:00,83.8,62.81,25.05,60.0
SC-111,2026-07-16 11:00:00,85.67,58.89,31.26,60.0
SC-111,2026-07-16 11:30:00,101.55,67.74,33.29,60.0
SC-111,2026-07-16 12:00:00,99.59,64.99,34.75,60.0
SC-111,2026-07-16 12:30:00,88.33,59.99,32.09,60.0
SC-111,2026-07-16 13:00:00,83.57,61.21,26.75,60.0
SC-111,2026-07-16 13:30:00,76.2,56.3,26.12,60.0
SC-111,2026-07-16 14:00:00,70.19,52.09,25.79,60.0
SC-111,2026-07-16 14:30:00,58.99,41.91,28.94,60.0
SC-111,2026-07-16 15:00:00,56.33,41.89,25.64,60.0
SC-111,2026-07-16 15:30:00,54.74,42.11,23.07,60.0
SC-111,2026-07-16 16:00:00,56.7,40.84,27.97,60.0
SC-111,2026-07-16 16:30:00,49.23,31.74,35.52,60.0
SC-111,2026-07-16 17:00:00,39.29,26.48,32.6,60.0
SC-111,2026-07-16 17:30:00,29.66,20.63,30.46,60.0
SC-111,2026-07-16 18:00:00,31.38,22.81,27.29,60.0
SC-111,2026-07-16 18:30:00,19.28,14.9,22.75,60.0
SC-111,2026-07-16 19:00:00,18.88,13.05,30.86,60.0
SC-111,2026-07-16 19:30:00,15.32,10.52,31.37,60.0
SC-111,2026-07-16 20:00:00,9.15,6.79,25.77,60.0
SC-111,2026-07-16 20:30:00,6.44,5.02,22.15,60.0
SC-111,2026-07-16 21:00:00,4.93,3.53,28.5,60.0
SC-111,2026-07-16 21:30:00,3.83,2.71,29.32,60.0
SC-111,2026-07-16 22:00:00,2.99,1.94,35.27,60.0
SC-111,2026-07-16 22:30:00,2.98,2.05,31.42,60.0
SC-111,2026-07-16 23:00:00,2.91,2.04,29.78,60.0
SC-111,2026-07-16 23:30:00,2.99,2.13,28.95,60.0
SC-111,2026-07-17 08:00:00,13.76,8.95,34.98,60.0
SC-111,2026-07-17 08:30:00,22.13,15.9,28.16,60.0
SC-111,2026-07-17 09:00:00,27.48,18.78,31.66,60.0
SC-111,2026-07-17 09:30:00,26.15,20.16,22.93,60.0
SC-111,2026-07-17 10:00:00,34.02,24.86,26.91,60.0
SC-111,2026-07-17 10:30:00,37.24,26.92,27.71,60.0
SC-111,2026-07-17 11:00:00,42.56,29.7,30.22,60.0
SC-111,2026-07-17 11:30:00,37.58,26.83,28.62,60.0
SC-111,2026-07-17 12:00:00,36.99,26.35,28.77,60.0
SC-111,2026-07-17 12:30:00,35.95,24.84,30.9,60.0
SC-111,2026-07-17 13:00:00,30.84,22.13,28.24,60.0
SC-111,2026-07-17 13:30:00,31.64,22.3,29.5,60.0
SC-111,2026-07-17 14:00:00,26.61,19.6,26.32,60.0
SC-111,2026-07-17 14:30:00,27.34,20.41,25.36,60.0
SC-111,2026-07-17 15:00:00,22.85,16.41,28.2,60.0
SC-111,2026-07-17 15:30:00,25.25,18.49,26.77,60.0
SC-111,2026-07-17 16:00:00,24.39,16.48,32.41,60.0
SC-111,2026-07-17 16:30:00,20.79,13.77,33.75,60.0
SC-111,2026-07-17 17:00:00,16.53,12.22,26.06,60.0
SC-111,2026-07-17 17:30:00,13.33,9.76,26.82,60.0
SC-111,2026-07-17 18:00:00,11.72,8.08,31.12,60.0
SC-111,2026-07-17 18:30:00,9.95,7.43,25.31,60.0
SC-111,2026-07-17 19:00:00,7.04,5.33,24.39,60.0
SC-111,2026-07-17 19:30:00,6.29,4.43,29.6,60.0
SC-111,2026-07-17 20:00:00,4.14,3.05,26.38,60.0
SC-111,2026-07-17 20:30:00,3.42,2.39,30.21,60.0
SC-111,2026-07-17 21:00:00,2.73,2.04,25.33,60.0
SC-111,2026-07-17 21:30:00,2.53,1.95,23.13,60.0
SC-111,2026-07-17 22:00:00,2.77,2.04,26.35,60.0
SC-111,2026-07-17 22:30:00,2.84,1.96,30.81,60.0
SC-111,2026-07-17 23:00:00,2.58,1.95,24.38,60.0
SC-111,2026-07-17 23:30:00,2.57,1.81,29.74,60.0
SC-111,2026-07-18 08:00:00,10.57,7.8,26.2,60.0
SC-111,2026-07-18 08:30:00,19.35,13.3,31.25,60.0
SC-111,2026-07-18 09:00:00,19.5,14.0,28.19,60.0
SC-111,2026-07-18 09:30:00,22.97,16.91,26.37,60.0
SC-111,2026-07-18 10:00:00,30.27,20.9,30.96,60.0
SC-111,2026-07-18 10:30:00,27.6,20.21,26.75,60.0
SC-111,2026-07-18 11:00:00,29.38,20.37,30.67,60.0
SC-111,2026-07-18 11:30:00,24.79,18.63,24.83,60.0
SC-111,2026-07-18 12:00:00,31.44,23.27,25.99,60.0
SC-111,2026-07-18 12:30:00,29.08,22.3,23.32,60.0
SC-111,2026-07-18 13:00:00,22.99,16.85,26.7,60.0
SC-111,2026-07-18 13:30:00,24.68,17.52,29.02,60.0
SC-111,2026-07-18 14:00:00,22.44,16.63,25.89,60.0
SC-111,2026-07-18 14:30:00,22.25,15.46,30.52,60.0
SC-111,2026-07-18 15:00:00,20.96,15.73,24.95,60.0
SC-111,2026-07-18 15:30:00,17.05,13.61,20.18,60.0
SC-111,2026-07-18 16:00:00,16.7,12.72,23.85,60.0
SC-111,2026-07-18 16:30:00,14.84,10.58,28.68,60.0
SC-111,2026-07-18 17:00:00,12.63,9.11,27.82,60.0
SC-111,2026-07-18 17:30:00,12.71,9.28,27.0,60.0
SC-111,2026-07-18 18:00:00,8.89,6.87,22.8,60.0
SC-111,2026-07-18 18:30:00,8.8,6.08,30.95,60.0
SC-111,2026-07-18 19:00:00,6.31,4.65,26.25,60.0
SC-111,2026-07-18 19:30:00,3.9,3.03,22.13,60.0
SC-111,2026-07-18 20:00:00,3.71,2.68,27.86,60.0
SC-111,2026-07-18 20:30:00,2.79,2.09,25.19,60.0
SC-111,2026-07-18 21:00:00,3.03,2.09,31.11,60.0
SC-111,2026-07-18 21:30:00,2.45,1.92,21.37,60.0
SC-111,2026-07-18 22:00:00,2.68,1.99,25.72,60.0
SC-111,2026-07-18 22:30:00,2.49,1.85,25.56,60.0
SC-111,2026-07-18 23:00:00,2.49,1.88,24.53,60.0
SC-111,2026-07-18 23:30:00,2.75,2.01,26.76,60.0
SC-111,2026-07-19 08:00:00,31.26,23.6,24.49,60.0
SC-111,2026-07-19 08:30:00,57.13,42.13,26.24,60.0
SC-111,2026-07-19 09:00:00,69.34,49.24,29.0,60.0
SC-111,2026-07-19 09:30:00,73.57,52.98,27.98,60.0
SC-111,2026-07-19 10:00:00,85.94,60.71,29.35,60.0
SC-111,2026-07-19 10:30:00,92.09,69.77,24.24,60.0
SC-111,2026-07-19 11:00:00,102.91,70.18,31.81,60.0
SC-111,2026-07-19 11:30:00,101.2,73.22,27.65,60.0
SC-111,2026-07-19 12:00:00,88.17,67.2,23.79,60.0
SC-111,2026-07-19 12:30:00,89.31,69.67,22.0,60.0
SC-111,2026-07-19 13:00:00,87.69,63.69,27.36,60.0
SC-111,2026-07-19 13:30:00,92.44,62.6,32.28,60.0
SC-111,2026-07-19 14:00:00,81.75,58.74,28.16,60.0
SC-111,2026-07-19 14:30:00,73.79,52.78,28.48,60.0
SC-111,2026-07-19 15:00:00,50.69,36.52,27.96,60.0
SC-111,2026-07-19 15:30:00,56.41,44.12,21.78,60.0
SC-111,2026-07-19 16:00:00,56.02,41.91,25.2,60.0
SC-111,2026-07-19 16:30:00,53.24,37.78,29.03,60.0
SC-111,2026-07-19 17:00:00,45.7,31.74,30.54,60.0
SC-111,2026-07-19 17:30:00,40.41,29.12,27.94,60.0
SC-111,2026-07-19 18:00:00,30.31,22.12,27.0,60.0
SC-111,2026-07-19 18:30:00,28.81,20.24,29.75,60.0
SC-111,2026-07-19 19:00:00,20.6,14.68,28.73,60.0
SC-111,2026-07-19 19:30:00,13.05,9.76,25.18,60.0
SC-111,2026-07-19 20:00:00,11.57,8.58,25.79,60.0
SC-111,2026-07-19 20:30:00,7.23,5.36,25.85,60.0
SC-111,2026-07-19 21:00:00,5.46,4.16,23.82,60.0
SC-111,2026-07-19 21:30:00,4.4,2.79,36.73,60.0
SC-111,2026-07-19 22:00:00,2.79,2.06,26.35,60.0
SC-111,2026-07-19 22:30:00,2.68,2.04,24.06,60.0
SC-111,2026-07-19 23:00:00,2.54,1.93,23.92,60.0
SC-111,2026-07-19 23:30:00,2.95,2.08,29.47,60.0
SC-111,2026-07-20 08:00:00,31.39,22.16,29.41,60.0
SC-111,2026-07-20 08:30:00,55.23,37.32,32.43,60.0
SC-111,2026-07-20 09:00:00,58.18,41.41,28.82,60.0
SC-111,2026-07-20 09:30:00,74.47,54.36,27.0,60.0
SC-111,2026-07-20 10:00:00,87.4,64.76,25.9,60.0
SC-111,2026-07-20 10:30:00,76.69,57.07,25.59,60.0
SC-111,2026-07-20 11:00:00,96.09,65.21,32.14,60.0
SC-111,2026-07-20 11:30:00,90.15,64.12,28.87,60.0
SC-111,2026-07-20 12:00:00,88.61,59.89,32.42,60.0
SC-111,2026-07-20 12:30:00,83.28,56.59,32.05,60.0
SC-111,2026-07-20 13:00:00,68.39,50.39,26.32,60.0
SC-111,2026-07-20 13:30:00,61.92,49.2,20.55,60.0
SC-111,2026-07-20 14:00:00,79.78,54.38,31.84,60.0
SC-111,2026-07-20 14:30:00,69.32,48.65,29.82,60.0
SC-111,2026-07-20 15:00:00,60.85,44.11,27.5,60.0
SC-111,2026-07-20 15:30:00,55.48,41.57,25.07,60.0
SC-111,2026-07-20 16:00:00,44.65,33.78,24.34,60.0
SC-111,2026-07-20 16:30:00,43.84,34.12,22.19,60.0
SC-111,2026-07-20 17:00:00,38.29,28.01,26.84,60.0
SC-111,2026-07-20 17:30:00,32.61,24.02,26.33,60.0
SC-111,2026-07-20 18:00:00,33.17,23.27,29.85,60.0
SC-111,2026-07-20 18:30:00,27.82,18.12,34.84,60.0
SC-111,2026-07-20 19:00:00,19.97,13.85,30.64,60.0
SC-111,2026-07-20 19:30:00,15.26,11.39,25.35,60.0
SC-111,2026-07-20 20:00:00,10.48,7.98,23.9,60.0
SC-111,2026-07-20 20:30:00,8.15,5.51,32.43,60.0
SC-111,2026-07-20 21:00:00,5.96,4.18,29.91,60.0
SC-111,2026-07-20 21:30:00,3.6,2.66,26.08,60.0
SC-111,2026-07-20 22:00:00,2.68,1.88,29.92,60.0
SC-111,2026-07-20 22:30:00,2.76,1.96,28.9,60.0
SC-111,2026-07-20 23:00:00,2.75,2.04,25.93,60.0
SC-111,2026-07-20 23:30:00,2.97,2.06,30.85,60.0
SC-111,2026-07-21 08:00:00,32.44,20.7,36.18,60.0
SC-111,2026-07-21 08:30:00,47.06,36.28,22.9,60.0
SC-111,2026-07-21 09:00:00,60.74,41.65,31.44,60.0
SC-111,2026-07-21 09:30:00,60.67,45.79,24.53,60.0
SC-111,2026-07-21 10:00:00,74.66,55.79,25.27,60.0
SC-111,2026-07-21 10:30:00,86.42,63.5,26.53,60.0
SC-111,2026-07-21 11:00:00,92.54,62.84,32.1,60.0
SC-111,2026-07-21 11:30:00,74.0,57.91,21.75,60.0
SC-111,2026-07-21 12:00:00,73.87,55.01,25.53,60.0
SC-111,2026-07-21 12:30:00,66.19,50.17,24.2,60.0
SC-111,2026-07-21 13:00:00,76.19,56.25,26.18,60.0
SC-111,2026-07-21 13:30:00,65.91,49.18,25.38,60.0
SC-111,2026-07-21 14:00:00,68.53,51.67,24.59,60.0
SC-111,2026-07-21 14:30:00,56.5,40.26,28.74,60.0
SC-111,2026-07-21 15:00:00,57.58,41.25,28.36,60.0
SC-111,2026-07-21 15:30:00,53.91,36.19,32.88,60.0
SC-111,2026-07-21 16:00:00,49.38,36.89,25.29,60.0
SC-111,2026-07-21 16:30:00,46.22,35.9,22.34,60.0
SC-111,2026-07-21 17:00:00,38.94,26.33,32.38,60.0
SC-111,2026-07-21 17:30:00,30.05,22.12,26.38,60.0
SC-111,2026-07-21 18:00:00,27.35,19.09,30.22,60.0
SC-111,2026-07-21 18:30:00,20.28,16.3,19.61,60.0
SC-111,2026-07-21 19:00:00,18.01,13.04,27.59,60.0
SC-111,2026-07-21 19:30:00,12.57,8.85,29.59,60.0
SC-111,2026-07-21 20:00:00,9.84,7.59,22.91,60.0
SC-111,2026-07-21 20:30:00,6.89,5.1,26.08,60.0
SC-111,2026-07-21 21:00:00,4.87,3.53,27.58,60.0
SC-111,2026-07-21 21:30:00,3.16,2.4,23.85,60.0
SC-111,2026-07-21 22:00:00,2.84,2.03,28.51,60.0
SC-111,2026-07-21 22:30:00,2.79,2.03,27.14,60.0
SC-111,2026-07-21 23:00:00,3.0,2.06,31.51,60.0
SC-111,2026-07-21 23:30:00,2.76,2.0,27.48,60.0
SC-111,2026-07-22 08:00:00,29.89,22.44,24.91,60.0
SC-111,2026-07-22 08:30:00,55.76,39.39,29.37,60.0
SC-111,2026-07-22 09:00:00,65.89,47.93,27.26,60.0
SC-111,2026-07-22 09:30:00,67.44,50.36,25.32,60.0
SC-111,2026-07-22 10:00:00,97.68,63.36,35.13,60.0
SC-111,2026-07-22 10:30:00,94.86,67.8,28.52,60.0
SC-111,2026-07-22 11:00:00,92.1,64.21,30.27,60.0
SC-111,2026-07-22 11:30:00,85.18,62.04,27.17,60.0
SC-111,2026-07-22 12:00:00,104.34,75.03,28.09,60.0
SC-111,2026-07-22 12:30:00,82.25,59.22,27.99,60.0
SC-111,2026-07-22 13:00:00,69.54,52.83,24.04,60.0
SC-111,2026-07-22 13:30:00,72.28,49.16,32.0,60.0
SC-111,2026-07-22 14:00:00,70.81,51.06,27.89,60.0
SC-111,2026-07-22 14:30:00,64.38,44.82,30.37,60.0
SC-111,2026-07-22 15:00:00,58.68,42.73,27.19,60.0
SC-111,2026-07-22 15:30:00,54.39,39.86,26.71,60.0
SC-111,2026-07-22 16:00:00,50.24,35.11,30.12,60.0
SC-111,2026-07-22 16:30:00,47.52,34.27,27.88,60.0
SC-111,2026-07-22 17:00:00,41.44,29.65,28.44,60.0
SC-111,2026-07-22 17:30:00,32.37,24.92,23.03,60.0
SC-111,2026-07-22 18:00:00,28.0,20.07,28.34,60.0
SC-111,2026-07-22 18:30:00,22.48,18.01,19.89,60.0
SC-111,2026-07-22 19:00:00,19.83,14.36,27.6,60.0
SC-111,2026-07-22 19:30:00,13.72,10.22,25.46,60.0
SC-111,2026-07-22 20:00:00,12.68,8.44,33.42,60.0
SC-111,2026-07-22 20:30:00,7.47,5.32,28.8,60.0
SC-111,2026-07-22 21:00:00,5.32,3.67,31.14,60.0
SC-111,2026-07-22 21:30:00,2.99,2.23,25.3,60.0
SC-111,2026-07-22 22:00:00,2.87,1.99,30.76,60.0
SC-111,2026-07-22 22:30:00,2.83,2.08,26.48,60.0
SC-111,2026-07-22 23:00:00,2.42,1.86,23.16,60.0
SC-111,2026-07-22 23:30:00,2.81,1.95,30.76,60.0
SC-111,2026-07-23 08:00:00,25.48,19.07,25.16,60.0
SC-111,2026-07-23 08:30:00,46.17,33.71,26.98,60.0
SC-111,2026-07-23 09:00:00,57.17,41.98,26.57,60.0
SC-111,2026-07-23 09:30:00,68.12,48.74,28.45,60.0
SC-111,2026-07-23 10:00:00,72.6,55.57,23.46,60.0
SC-111,2026-07-23 10:30:00,85.99,62.82,26.95,60.0
SC-111,2026-07-23 11:00:00,80.41,57.46,28.54,60.0
SC-111,2026-07-23 11:30:00,87.56,57.07,34.81,60.0
SC-111,2026-07-23 12:00:00,83.92,61.51,26.71,60.0
SC-111,2026-07-23 12:30:00,79.91,56.77,28.96,60.0
SC-111,2026-07-23 13:00:00,70.51,49.77,29.41,60.0
SC-111,2026-07-23 13:30:00,73.05,48.63,33.44,60.0
SC-111,2026-07-23 14:00:00,67.91,47.59,29.92,60.0
SC-111,2026-07-23 14:30:00,54.61,39.81,27.1,60.0
SC-111,2026-07-23 15:00:00,55.05,37.72,31.49,60.0
SC-111,2026-07-23 15:30:00,56.72,38.33,32.42,60.0
SC-111,2026-07-23 16:00:00,53.88,37.0,31.33,60.0
SC-111,2026-07-23 16:30:00,45.61,34.74,23.83,60.0
SC-111,2026-07-23 17:00:00,42.77,28.38,33.63,60.0
SC-111,2026-07-23 17:30:00,33.08,23.9,27.77,60.0
SC-111,2026-07-23 18:00:00,29.37,20.52,30.12,60.0
SC-111,2026-07-23 18:30:00,20.05,15.03,25.02,60.0
SC-111,2026-07-23 19:00:00,14.96,10.51,29.71,60.0
SC-111,2026-07-23 19:30:00,12.55,9.49,24.42,60.0
SC-111,2026-07-23 20:00:00,8.71,6.68,23.34,60.0
SC-111,2026-07-23 20:30:00,7.23,5.18,28.41,60.0
SC-111,2026-07-23 21:00:00,5.13,3.2,37.75,60.0
SC-111,2026-07-23 21:30:00,3.3,2.32,29.75,60.0
SC-111,2026-07-23 22:00:00,2.7,1.97,26.89,60.0
SC-111,2026-07-23 22:30:00,2.74,2.09,23.87,60.0
SC-111,2026-07-23 23:00:00,3.25,1.98,39.0,60.0
SC-111,2026-07-23 23:30:00,2.49,1.86,25.15,60.0
SC-111,2026-07-24 08:00:00,12.93,10.22,21.0,60.0
SC-111,2026-07-24 08:30:00,22.36,16.96,24.16,60.0
SC-111,2026-07-24 09:00:00,27.26,20.49,24.85,60.0
SC-111,2026-07-24 09:30:00,32.82,23.21,29.27,60.0
SC-111,2026-07-24 10:00:00,37.37,27.13,27.4,60.0
SC-111,2026-07-24 10:30:00,41.27,30.1,27.06,60.0
SC-111,2026-07-24 11:00:00,36.37,26.77,26.38,60.0
SC-111,2026-07-24 11:30:00,35.97,27.71,22.98,60.0
SC-111,2026-07-24 12:00:00,48.4,33.65,30.49,60.0
SC-111,2026-07-24 12:30:00,37.78,27.75,26.55,60.0
SC-111,2026-07-24 13:00:00,38.19,25.44,33.38,60.0
SC-111,2026-07-24 13:30:00,28.92,22.25,23.08,60.0
SC-111,2026-07-24 14:00:00,32.45,23.37,27.99,60.0
SC-111,2026-07-24 14:30:00,29.84,20.42,31.55,60.0
SC-111,2026-07-24 15:00:00,26.08,18.34,29.67,60.0
SC-111,2026-07-24 15:30:00,23.78,16.98,28.61,60.0
SC-111,2026-07-24 16:00:00,25.6,18.5,27.75,60.0
SC-111,2026-07-24 16:30:00,23.66,17.01,28.09,60.0
SC-111,2026-07-24 17:00:00,19.97,12.07,39.57,60.0
SC-111,2026-07-24 17:30:00,18.69,12.35,33.91,60.0
SC-111,2026-07-24 18:00:00,13.83,10.06,27.27,60.0
SC-111,2026-07-24 18:30:00,11.1,7.69,30.69,60.0
SC-111,2026-07-24 19:00:00,9.36,6.42,31.43,60.0
SC-111,2026-07-24 19:30:00,6.88,4.66,32.26,60.0
SC-111,2026-07-24 20:00:00,4.87,3.43,29.44,60.0
SC-111,2026-07-24 20:30:00,4.01,2.67,33.57,60.0
SC-111,2026-07-24 21:00:00,2.75,1.98,28.08,60.0
SC-111,2026-07-24 21:30:00,2.77,1.92,30.56,60.0
SC-111,2026-07-24 22:00:00,2.48,1.9,23.51,60.0
SC-111,2026-07-24 22:30:00,2.44,1.86,24.0,60.0
SC-111,2026-07-24 23:00:00,2.88,2.03,29.52,60.0
SC-111,2026-07-24 23:30:00,3.03,2.12,29.93,60.0
SC-111,2026-07-25 08:00:00,10.6,7.61,28.24,60.0
SC-111,2026-07-25 08:30:00,14.49,11.04,23.77,60.0
SC-111,2026-07-25 09:00:00,17.02,12.84,24.58,60.0
SC-111,2026-07-25 09:30:00,23.22,16.74,27.94,60.0
SC-111,2026-07-25 10:00:00,28.3,20.08,29.03,60.0
SC-111,2026-07-25 10:30:00,28.11,20.18,28.23,60.0
SC-111,2026-07-25 11:00:00,35.24,22.58,35.91,60.0
SC-111,2026-07-25 11:30:00,30.04,21.06,29.88,60.0
SC-111,2026-07-25 12:00:00,20.94,17.37,17.07,60.0
SC-111,2026-07-25 12:30:00,24.87,18.62,25.13,60.0
SC-111,2026-07-25 13:00:00,26.31,17.7,32.72,60.0
SC-111,2026-07-25 13:30:00,23.35,16.29,30.22,60.0
SC-111,2026-07-25 14:00:00,20.16,15.1,25.08,60.0
SC-111,2026-07-25 14:30:00,19.05,14.2,25.48,60.0
SC-111,2026-07-25 15:00:00,17.21,12.94,24.81,60.0
SC-111,2026-07-25 15:30:00,15.84,12.2,22.95,60.0
SC-111,2026-07-25 16:00:00,14.78,10.99,25.65,60.0
SC-111,2026-07-25 16:30:00,15.84,9.96,37.16,60.0
SC-111,2026-07-25 17:00:00,12.93,9.07,29.91,60.0
SC-111,2026-07-25 17:30:00,10.02,7.5,25.13,60.0
SC-111,2026-07-25 18:00:00,9.04,6.9,23.62,60.0
SC-111,2026-07-25 18:30:00,8.26,5.75,30.44,60.0
SC-111,2026-07-25 19:00:00,5.59,4.0,28.35,60.0
SC-111,2026-07-25 19:30:00,5.35,3.63,32.14,60.0
SC-111,2026-07-25 20:00:00,3.05,2.32,24.1,60.0
SC-111,2026-07-25 20:30:00,2.79,2.07,25.77,60.0
SC-111,2026-07-25 21:00:00,2.75,2.05,25.56,60.0
SC-111,2026-07-25 21:30:00,2.76,2.02,26.85,60.0
SC-111,2026-07-25 22:00:00,2.7,1.97,27.04,60.0
SC-111,2026-07-25 22:30:00,2.73,2.07,24.15,60.0
SC-111,2026-07-25 23:00:00,2.88,2.2,23.79,60.0
SC-111,2026-07-25 23:30:00,2.78,2.01,27.87,60.0
SC-111,2026-07-26 08:00:00,30.07,22.17,26.27,60.0
SC-111,2026-07-26 08:30:00,46.86,31.97,31.77,60.0
SC-111,2026-07-26 09:00:00,52.29,40.42,22.69,60.0
SC-111,2026-07-26 09:30:00,72.05,52.8,26.72,60.0
SC-111,2026-07-26 10:00:00,80.55,52.41,34.93,60.0
SC-111,2026-07-26 10:30:00,80.55,56.98,29.26,60.0
SC-111,2026-07-26 11:00:00,94.32,61.48,34.82,60.0
SC-111,2026-07-26 11:30:00,98.33,65.54,33.35,60.0
SC-111,2026-07-26 12:00:00,90.26,62.36,30.91,60.0
SC-111,2026-07-26 12:30:00,91.23,60.5,33.69,60.0
SC-111,2026-07-26 13:00:00,67.97,46.74,31.24,60.0
SC-111,2026-07-26 13:30:00,64.62,45.26,29.96,60.0
SC-111,2026-07-26 14:00:00,70.03,50.18,28.35,60.0
SC-111,2026-07-26 14:30:00,60.16,44.68,25.73,60.0
SC-111,2026-07-26 15:00:00,48.03,37.96,20.97,60.0
SC-111,2026-07-26 15:30:00,49.74,36.04,27.54,60.0
SC-111,2026-07-26 16:00:00,45.76,31.67,30.78,60.0
SC-111,2026-07-26 16:30:00,44.09,31.58,28.38,60.0
SC-111,2026-07-26 17:00:00,43.2,31.44,27.22,60.0
SC-111,2026-07-26 17:30:00,31.67,21.82,31.09,60.0
SC-111,2026-07-26 18:00:00,27.19,19.35,28.85,60.0
SC-111,2026-07-26 18:30:00,21.57,16.07,25.48,60.0
SC-111,2026-07-26 19:00:00,16.75,12.75,23.91,60.0
SC-111,2026-07-26 19:30:00,11.03,8.56,22.4,60.0
SC-111,2026-07-26 20:00:00,10.11,7.39,26.87,60.0
SC-111,2026-07-26 20:30:00,6.59,4.69,28.82,60.0
SC-111,2026-07-26 21:00:00,4.82,3.56,26.32,60.0
SC-111,2026-07-26 21:30:00,3.27,2.43,25.61,60.0
SC-111,2026-07-26 22:00:00,3.08,2.05,33.54,60.0
SC-111,2026-07-26 22:30:00,3.03,2.04,32.61,60.0
SC-111,2026-07-26 23:00:00,2.93,1.98,32.38,60.0
SC-111,2026-07-26 23:30:00,2.61,2.0,23.5,60.0
SC-111,2026-07-27 08:00:00,32.39,23.11,28.65,60.0
SC-111,2026-07-27 08:30:00,56.49,38.74,31.42,60.0
SC-111,2026-07-27 09:00:00,69.77,46.02,34.03,60.0
SC-111,2026-07-27 09:30:00,85.35,59.37,30.43,60.0
SC-111,2026-07-27 10:00:00,90.75,64.96,28.42,60.0
SC-111,2026-07-27 10:30:00,83.62,65.0,22.26,60.0
SC-111,2026-07-27 11:00:00,95.44,68.39,28.34,60.0
SC-111,2026-07-27 11:30:00,103.29,76.63,25.82,60.0
SC-111,2026-07-27 12:00:00,104.76,73.33,30.0,60.0
SC-111,2026-07-27 12:30:00,80.3,57.12,28.87,60.0
SC-111,2026-07-27 13:00:00,80.95,58.21,28.09,60.0
SC-111,2026-07-27 13:30:00,84.87,59.93,29.38,60.0
SC-111,2026-07-27 14:00:00,85.01,56.53,33.5,60.0
SC-111,2026-07-27 14:30:00,70.06,51.98,25.81,60.0
SC-111,2026-07-27 15:00:00,65.44,48.08,26.53,60.0
SC-111,2026-07-27 15:30:00,55.52,39.01,29.74,60.0
SC-111,2026-07-27 16:00:00,55.01,38.46,30.09,60.0
SC-111,2026-07-27 16:30:00,52.08,37.08,28.79,60.0
SC-111,2026-07-27 17:00:00,40.65,31.71,22.0,60.0
SC-111,2026-07-27 17:30:00,36.36,27.47,24.46,60.0
SC-111,2026-07-27 18:00:00,28.65,21.94,23.41,60.0
SC-111,2026-07-27 18:30:00,22.75,17.04,25.1,60.0
SC-111,2026-07-27 19:00:00,17.29,12.48,27.79,60.0
SC-111,2026-07-27 19:30:00,11.88,8.62,27.46,60.0
SC-111,2026-07-27 20:00:00,11.03,8.1,26.56,60.0
SC-111,2026-07-27 20:30:00,7.36,5.22,29.1,60.0
SC-111,2026-07-27 21:00:00,5.79,4.11,28.99,60.0
SC-111,2026-07-27 21:30:00,3.71,2.66,28.31,60.0
SC-111,2026-07-27 22:00:00,2.72,2.0,26.37,60.0
SC-111,2026-07-27 22:30:00,2.74,1.91,30.29,60.0
SC-111,2026-07-27 23:00:00,2.78,2.02,27.32,60.0
SC-111,2026-07-27 23:30:00,2.71,2.0,26.06,60.0
SC-112,2026-06-30 08:00:00,12.93,8.68,32.89,90.0
SC-112,2026-06-30 08:30:00,19.92,13.53,32.05,90.0
SC-112,2026-06-30 09:00:00,21.95,15.57,29.05,90.0
SC-112,2026-06-30 09:30:00,32.71,20.17,38.32,90.0
SC-112,2026-06-30 10:00:00,34.7,24.3,29.97,90.0
SC-112,2026-06-30 10:30:00,27.5,21.76,20.86,90.0
SC-112,2026-06-30 11:00:00,35.54,23.96,32.57,90.0
SC-112,2026-06-30 11:30:00,32.33,22.7,29.8,90.0
SC-112,2026-06-30 12:00:00,28.54,22.06,22.71,90.0
SC-112,2026-06-30 12:30:00,28.76,20.48,28.8,90.0
SC-112,2026-06-30 13:00:00,31.79,21.61,32.04,90.0
SC-112,2026-06-30 13:30:00,28.31,19.61,30.7,90.0
SC-112,2026-06-30 14:00:00,22.63,16.17,28.53,90.0
SC-112,2026-06-30 14:30:00,22.52,16.15,28.31,90.0
SC-112,2026-06-30 15:00:00,17.21,12.74,25.99,90.0
SC-112,2026-06-30 15:30:00,19.74,14.43,26.89,90.0
SC-112,2026-06-30 16:00:00,17.67,13.41,24.11,90.0
SC-112,2026-06-30 16:30:00,16.3,12.48,23.41,90.0
SC-112,2026-06-30 17:00:00,12.87,10.38,19.33,90.0
SC-112,2026-06-30 17:30:00,14.73,9.85,33.17,90.0
SC-112,2026-07-01 08:00:00,10.93,8.14,25.55,90.0
SC-112,2026-07-01 08:30:00,19.15,13.99,26.93,90.0
SC-112,2026-07-01 09:00:00,23.71,16.64,29.81,90.0
SC-112,2026-07-01 09:30:00,29.42,22.18,24.62,90.0
SC-112,2026-07-01 10:00:00,28.66,21.65,24.44,90.0
SC-112,2026-07-01 10:30:00,33.65,24.68,26.66,90.0
SC-112,2026-07-01 11:00:00,36.2,25.94,28.32,90.0
SC-112,2026-07-01 11:30:00,40.14,26.45,34.1,90.0
SC-112,2026-07-01 12:00:00,32.8,23.79,27.47,90.0
SC-112,2026-07-01 12:30:00,34.36,24.67,28.18,90.0
SC-112,2026-07-01 13:00:00,30.5,21.66,28.97,90.0
SC-112,2026-07-01 13:30:00,27.64,20.44,26.05,90.0
SC-112,2026-07-01 14:00:00,29.66,19.56,34.06,90.0
SC-112,2026-07-01 14:30:00,20.25,14.97,26.05,90.0
SC-112,2026-07-01 15:00:00,20.62,15.78,23.47,90.0
SC-112,2026-07-01 15:30:00,20.38,14.88,27.01,90.0
SC-112,2026-07-01 16:00:00,21.48,14.44,32.78,90.0
SC-112,2026-07-01 16:30:00,17.32,12.81,26.01,90.0
SC-112,2026-07-01 17:00:00,15.96,11.25,29.53,90.0
SC-112,2026-07-01 17:30:00,12.84,9.11,29.1,90.0
SC-112,2026-07-02 08:00:00,11.11,8.75,21.31,90.0
SC-112,2026-07-02 08:30:00,20.28,15.3,24.57,90.0
SC-112,2026-07-02 09:00:00,20.98,17.21,17.97,90.0
SC-112,2026-07-02 09:30:00,26.35,19.03,27.78,90.0
SC-112,2026-07-02 10:00:00,28.32,20.72,26.82,90.0
SC-112,2026-07-02 10:30:00,31.49,23.54,25.24,90.0
SC-112,2026-07-02 11:00:00,32.88,25.08,23.7,90.0
SC-112,2026-07-02 11:30:00,35.12,25.11,28.5,90.0
SC-112,2026-07-02 12:00:00,33.78,24.81,26.55,90.0
SC-112,2026-07-02 12:30:00,32.94,23.64,28.24,90.0
SC-112,2026-07-02 13:00:00,26.15,19.95,23.69,90.0
SC-112,2026-07-02 13:30:00,24.57,17.79,27.6,90.0
SC-112,2026-07-02 14:00:00,29.46,20.48,30.49,90.0
SC-112,2026-07-02 14:30:00,23.77,15.97,32.8,90.0
SC-112,2026-07-02 15:00:00,22.37,16.32,27.02,90.0
SC-112,2026-07-02 15:30:00,20.95,13.99,33.22,90.0
SC-112,2026-07-02 16:00:00,20.55,15.34,25.37,90.0
SC-112,2026-07-02 16:30:00,16.27,12.16,25.29,90.0
SC-112,2026-07-02 17:00:00,15.94,10.68,32.99,90.0
SC-112,2026-07-02 17:30:00,11.53,9.19,20.25,90.0
SC-112,2026-07-03 08:00:00,6.14,4.38,28.75,90.0
SC-112,2026-07-03 08:30:00,9.23,7.0,24.14,90.0
SC-112,2026-07-03 09:00:00,11.15,8.27,25.77,90.0
SC-112,2026-07-03 09:30:00,13.4,9.69,27.64,90.0
SC-112,2026-07-03 10:00:00,13.79,10.28,25.43,90.0
SC-112,2026-07-03 10:30:00,14.41,10.28,28.69,90.0
SC-112,2026-07-03 11:00:00,15.54,11.13,28.36,90.0
SC-112,2026-07-03 11:30:00,16.2,12.02,25.82,90.0
SC-112,2026-07-03 12:00:00,17.2,12.14,29.45,90.0
SC-112,2026-07-03 12:30:00,14.6,10.09,30.87,90.0
SC-112,2026-07-03 13:00:00,13.16,9.7,26.35,90.0
SC-112,2026-07-03 13:30:00,10.51,8.57,18.44,90.0
SC-112,2026-07-03 14:00:00,12.48,7.92,36.51,90.0
SC-112,2026-07-03 14:30:00,10.96,8.14,25.76,90.0
SC-112,2026-07-03 15:00:00,9.74,6.75,30.75,90.0
SC-112,2026-07-03 15:30:00,9.83,7.63,22.3,90.0
SC-112,2026-07-03 16:00:00,10.19,6.73,33.93,90.0
SC-112,2026-07-03 16:30:00,9.06,6.17,31.87,90.0
SC-112,2026-07-03 17:00:00,7.32,5.12,30.01,90.0
SC-112,2026-07-03 17:30:00,6.9,4.8,30.46,90.0
SC-112,2026-07-04 08:00:00,4.18,3.21,23.04,90.0
SC-112,2026-07-04 08:30:00,6.39,4.68,26.83,90.0
SC-112,2026-07-04 09:00:00,8.45,6.16,27.11,90.0
SC-112,2026-07-04 09:30:00,9.63,6.81,29.3,90.0
SC-112,2026-07-04 10:00:00,11.7,8.26,29.43,90.0
SC-112,2026-07-04 10:30:00,12.6,8.52,32.33,90.0
SC-112,2026-07-04 11:00:00,13.55,9.92,26.78,90.0
SC-112,2026-07-04 11:30:00,13.44,9.1,32.27,90.0
SC-112,2026-07-04 12:00:00,11.84,8.28,30.06,90.0
SC-112,2026-07-04 12:30:00,11.7,8.47,27.54,90.0
SC-112,2026-07-04 13:00:00,9.61,6.63,31.03,90.0
SC-112,2026-07-04 13:30:00,9.04,6.84,24.35,90.0
SC-112,2026-07-04 14:00:00,9.48,7.12,24.92,90.0
SC-112,2026-07-04 14:30:00,8.2,6.37,22.32,90.0
SC-112,2026-07-04 15:00:00,9.08,6.15,32.26,90.0
SC-112,2026-07-04 15:30:00,7.13,5.17,27.47,90.0
SC-112,2026-07-04 16:00:00,6.65,4.9,26.23,90.0
SC-112,2026-07-04 16:30:00,6.42,4.59,28.54,90.0
SC-112,2026-07-04 17:00:00,4.77,3.63,23.93,90.0
SC-112,2026-07-04 17:30:00,5.18,3.74,27.87,90.0
SC-112,2026-07-05 08:00:00,12.73,9.97,21.73,90.0
SC-112,2026-07-05 08:30:00,24.54,17.26,29.65,90.0
SC-112,2026-07-05 09:00:00,25.14,18.21,27.58,90.0
SC-112,2026-07-05 09:30:00,27.72,22.93,17.27,90.0
SC-112,2026-07-05 10:00:00,33.14,23.72,28.41,90.0
SC-112,2026-07-05 10:30:00,38.58,27.08,29.8,90.0
SC-112,2026-07-05 11:00:00,42.41,30.06,29.13,90.0
SC-112,2026-07-05 11:30:00,42.58,28.81,32.34,90.0
SC-112,2026-07-05 12:00:00,35.36,25.1,29.03,90.0
SC-112,2026-07-05 12:30:00,40.11,26.64,33.58,90.0
SC-112,2026-07-05 13:00:00,32.52,22.13,31.95,90.0
SC-112,2026-07-05 13:30:00,25.91,19.08,26.36,90.0
SC-112,2026-07-05 14:00:00,29.32,21.88,25.37,90.0
SC-112,2026-07-05 14:30:00,29.44,21.29,27.66,90.0
SC-112,2026-07-05 15:00:00,28.27,20.51,27.44,90.0
SC-112,2026-07-05 15:30:00,22.91,16.31,28.82,90.0
SC-112,2026-07-05 16:00:00,21.37,15.8,26.06,90.0
SC-112,2026-07-05 16:30:00,18.44,13.55,26.51,90.0
SC-112,2026-07-05 17:00:00,17.76,11.89,33.04,90.0
SC-112,2026-07-05 17:30:00,15.06,11.08,26.44,90.0
SC-112,2026-07-06 08:00:00,11.64,8.44,27.55,90.0
SC-112,2026-07-06 08:30:00,18.71,14.94,20.14,90.0
SC-112,2026-07-06 09:00:00,22.68,15.58,31.31,90.0
SC-112,2026-07-06 09:30:00,31.32,22.78,27.27,90.0
SC-112,2026-07-06 10:00:00,27.46,20.39,25.75,90.0
SC-112,2026-07-06 10:30:00,33.27,24.0,27.85,90.0
SC-112,2026-07-06 11:00:00,32.6,23.65,27.45,90.0
SC-112,2026-07-06 11:30:00,33.04,24.18,26.81,90.0
SC-112,2026-07-06 12:00:00,31.57,22.89,27.48,90.0
SC-112,2026-07-06 12:30:00,27.31,19.51,28.56,90.0
SC-112,2026-07-06 13:00:00,29.3,21.86,25.39,90.0
SC-112,2026-07-06 13:30:00,23.77,17.65,25.76,90.0
SC-112,2026-07-06 14:00:00,24.91,16.55,33.56,90.0
SC-112,2026-07-06 14:30:00,25.54,17.51,31.45,90.0
SC-112,2026-07-06 15:00:00,22.15,15.5,30.04,90.0
SC-112,2026-07-06 15:30:00,22.78,15.79,30.69,90.0
SC-112,2026-07-06 16:00:00,19.23,13.72,28.65,90.0
SC-112,2026-07-06 16:30:00,15.45,12.04,22.08,90.0
SC-112,2026-07-06 17:00:00,16.52,11.88,28.09,90.0
SC-112,2026-07-06 17:30:00,13.88,10.23,26.3,90.0
SC-112,2026-07-07 08:00:00,13.56,8.86,34.66,90.0
SC-112,2026-07-07 08:30:00,20.32,14.43,28.96,90.0
SC-112,2026-07-07 09:00:00,29.11,19.11,34.35,90.0
SC-112,2026-07-07 09:30:00,27.79,22.0,20.85,90.0
SC-112,2026-07-07 10:00:00,37.77,23.3,38.32,90.0
SC-112,2026-07-07 10:30:00,32.78,24.93,23.95,90.0
SC-112,2026-07-07 11:00:00,35.58,25.59,28.07,90.0
SC-112,2026-07-07 11:30:00,35.95,25.16,30.03,90.0
SC-112,2026-07-07 12:00:00,28.64,21.19,26.02,90.0
SC-112,2026-07-07 12:30:00,34.64,22.49,35.09,90.0
SC-112,2026-07-07 13:00:00,31.7,20.74,34.57,90.0
SC-112,2026-07-07 13:30:00,29.9,21.93,26.66,90.0
SC-112,2026-07-07 14:00:00,28.13,19.05,32.29,90.0
SC-112,2026-07-07 14:30:00,21.78,15.92,26.88,90.0
SC-112,2026-07-07 15:00:00,23.45,17.24,26.46,90.0
SC-112,2026-07-07 15:30:00,19.19,14.45,24.7,90.0
SC-112,2026-07-07 16:00:00,19.94,14.52,27.17,90.0
SC-112,2026-07-07 16:30:00,17.18,13.24,22.91,90.0
SC-112,2026-07-07 17:00:00,16.71,11.25,32.68,90.0
SC-112,2026-07-07 17:30:00,15.68,10.8,31.09,90.0
SC-112,2026-07-08 08:00:00,11.6,8.36,27.93,90.0
SC-112,2026-07-08 08:30:00,17.39,12.42,28.58,90.0
SC-112,2026-07-08 09:00:00,27.39,18.72,31.64,90.0
SC-112,2026-07-08 09:30:00,28.89,19.27,33.32,90.0
SC-112,2026-07-08 10:00:00,32.64,23.12,29.18,90.0
SC-112,2026-07-08 10:30:00,32.78,24.62,24.89,90.0
SC-112,2026-07-08 11:00:00,32.67,24.43,25.21,90.0
SC-112,2026-07-08 11:30:00,28.8,20.44,29.04,90.0
SC-112,2026-07-08 12:00:00,28.62,21.16,26.06,90.0
SC-112,2026-07-08 12:30:00,30.86,24.67,20.06,90.0
SC-112,2026-07-08 13:00:00,33.15,20.7,37.56,90.0
SC-112,2026-07-08 13:30:00,24.21,19.33,20.15,90.0
SC-112,2026-07-08 14:00:00,23.89,16.53,30.79,90.0
SC-112,2026-07-08 14:30:00,22.56,16.83,25.42,90.0
SC-112,2026-07-08 15:00:00,20.54,15.52,24.45,90.0
SC-112,2026-07-08 15:30:00,23.0,16.06,30.16,90.0
SC-112,2026-07-08 16:00:00,19.67,13.87,29.48,90.0
SC-112,2026-07-08 16:30:00,16.58,12.13,26.87,90.0
SC-112,2026-07-08 17:00:00,15.04,10.93,27.33,90.0
SC-112,2026-07-08 17:30:00,11.79,8.36,29.11,90.0
SC-112,2026-07-09 08:00:00,12.07,8.3,31.23,90.0
SC-112,2026-07-09 08:30:00,21.09,14.82,29.71,90.0
SC-112,2026-07-09 09:00:00,24.46,17.85,27.03,90.0
SC-112,2026-07-09 09:30:00,32.33,23.26,28.06,90.0
SC-112,2026-07-09 10:00:00,33.2,23.4,29.52,90.0
SC-112,2026-07-09 10:30:00,32.04,23.57,26.44,90.0
SC-112,2026-07-09 11:00:00,30.5,23.99,21.34,90.0
SC-112,2026-07-09 11:30:00,32.61,23.55,27.78,90.0
SC-112,2026-07-09 12:00:00,34.44,24.7,28.3,90.0
SC-112,2026-07-09 12:30:00,35.27,24.08,31.72,90.0
SC-112,2026-07-09 13:00:00,32.45,22.56,30.48,90.0
SC-112,2026-07-09 13:30:00,28.37,20.27,28.55,90.0
SC-112,2026-07-09 14:00:00,24.6,18.22,25.91,90.0
SC-112,2026-07-09 14:30:00,23.37,16.76,28.25,90.0
SC-112,2026-07-09 15:00:00,24.33,17.05,29.93,90.0
SC-112,2026-07-09 15:30:00,20.95,15.39,26.5,90.0
SC-112,2026-07-09 16:00:00,20.24,14.97,26.04,90.0
SC-112,2026-07-09 16:30:00,15.59,10.85,30.38,90.0
SC-112,2026-07-09 17:00:00,16.47,11.43,30.57,90.0
SC-112,2026-07-09 17:30:00,13.16,9.61,26.96,90.0
SC-112,2026-07-10 08:00:00,6.03,4.36,27.73,90.0
SC-112,2026-07-10 08:30:00,8.44,6.11,27.65,90.0
SC-112,2026-07-10 09:00:00,10.95,8.16,25.54,90.0
SC-112,2026-07-10 09:30:00,13.14,9.04,31.18,90.0
SC-112,2026-07-10 10:00:00,14.66,10.76,26.57,90.0
SC-112,2026-07-10 10:30:00,17.4,12.39,28.81,90.0
SC-112,2026-07-10 11:00:00,15.42,11.23,27.17,90.0
SC-112,2026-07-10 11:30:00,13.66,10.27,24.81,90.0
SC-112,2026-07-10 12:00:00,14.09,10.31,26.87,90.0
SC-112,2026-07-10 12:30:00,13.52,9.59,29.04,90.0
SC-112,2026-07-10 13:00:00,13.73,10.24,25.44,90.0
SC-112,2026-07-10 13:30:00,11.99,8.49,29.21,90.0
SC-112,2026-07-10 14:00:00,12.86,8.16,36.52,90.0
SC-112,2026-07-10 14:30:00,10.51,7.63,27.35,90.0
SC-112,2026-07-10 15:00:00,11.19,8.08,27.78,90.0
SC-112,2026-07-10 15:30:00,10.45,7.87,24.69,90.0
SC-112,2026-07-10 16:00:00,9.37,6.58,29.75,90.0
SC-112,2026-07-10 16:30:00,7.98,5.84,26.85,90.0
SC-112,2026-07-10 17:00:00,8.4,6.17,26.54,90.0
SC-112,2026-07-10 17:30:00,6.93,4.91,29.13,90.0
SC-112,2026-07-11 08:00:00,4.05,2.93,27.73,90.0
SC-112,2026-07-11 08:30:00,6.2,4.85,21.78,90.0
SC-112,2026-07-11 09:00:00,9.04,6.05,33.04,90.0
SC-112,2026-07-11 09:30:00,9.39,7.33,21.96,90.0
SC-112,2026-07-11 10:00:00,11.21,7.77,30.72,90.0
SC-112,2026-07-11 10:30:00,11.5,8.16,29.01,90.0
SC-112,2026-07-11 11:00:00,11.81,8.06,31.74,90.0
SC-112,2026-07-11 11:30:00,11.98,8.76,26.88,90.0
SC-112,2026-07-11 12:00:00,10.67,7.97,25.25,90.0
SC-112,2026-07-11 12:30:00,11.01,8.18,25.76,90.0
SC-112,2026-07-11 13:00:00,8.71,6.66,23.49,90.0
SC-112,2026-07-11 13:30:00,9.52,7.42,22.06,90.0
SC-112,2026-07-11 14:00:00,9.32,6.65,28.65,90.0
SC-112,2026-07-11 14:30:00,9.11,6.62,27.34,90.0
SC-112,2026-07-11 15:00:00,8.47,5.87,30.63,90.0
SC-112,2026-07-11 15:30:00,7.28,5.38,26.09,90.0
SC-112,2026-07-11 16:00:00,6.26,4.67,25.42,90.0
SC-112,2026-07-11 16:30:00,6.19,4.34,30.0,90.0
SC-112,2026-07-11 17:00:00,5.88,4.14,29.54,90.0
SC-112,2026-07-11 17:30:00,5.1,3.49,31.63,90.0
SC-112,2026-07-12 08:00:00,13.37,9.68,27.58,90.0
SC-112,2026-07-12 08:30:00,20.6,15.17,26.36,90.0
SC-112,2026-07-12 09:00:00,24.62,18.13,26.36,90.0
SC-112,2026-07-12 09:30:00,31.73,20.82,34.38,90.0
SC-112,2026-07-12 10:00:00,33.23,22.28,32.97,90.0
SC-112,2026-07-12 10:30:00,40.97,26.44,35.46,90.0
SC-112,2026-07-12 11:00:00,37.11,24.95,32.77,90.0
SC-112,2026-07-12 11:30:00,36.08,25.59,29.09,90.0
SC-112,2026-07-12 12:00:00,41.17,26.35,36.01,90.0
SC-112,2026-07-12 12:30:00,27.18,20.37,25.07,90.0
SC-112,2026-07-12 13:00:00,32.63,21.58,33.87,90.0
SC-112,2026-07-12 13:30:00,30.63,21.22,30.7,90.0
SC-112,2026-07-12 14:00:00,28.54,20.02,29.83,90.0
SC-112,2026-07-12 14:30:00,25.97,17.12,34.07,90.0
SC-112,2026-07-12 15:00:00,24.68,17.47,29.24,90.0
SC-112,2026-07-12 15:30:00,21.63,16.03,25.91,90.0
SC-112,2026-07-12 16:00:00,20.09,13.74,31.59,90.0
SC-112,2026-07-12 16:30:00,23.0,14.13,38.58,90.0
SC-112,2026-07-12 17:00:00,18.36,13.55,26.2,90.0
SC-112,2026-07-12 17:30:00,16.72,10.69,36.07,90.0
SC-112,2026-07-13 08:00:00,11.57,8.36,27.74,90.0
SC-112,2026-07-13 08:30:00,16.99,13.36,21.36,90.0
SC-112,2026-07-13 09:00:00,25.91,17.46,32.61,90.0
SC-112,2026-07-13 09:30:00,25.86,18.52,28.36,90.0
SC-112,2026-07-13 10:00:00,28.72,20.91,27.19,90.0
SC-112,2026-07-13 10:30:00,32.84,23.74,27.7,90.0
SC-112,2026-07-13 11:00:00,33.58,24.17,28.02,90.0
SC-112,2026-07-13 11:30:00,34.4,24.46,28.88,90.0
SC-112,2026-07-13 12:00:00,30.36,21.84,28.05,90.0
SC-112,2026-07-13 12:30:00,27.51,19.86,27.81,90.0
SC-112,2026-07-13 13:00:00,28.53,21.08,26.12,90.0
SC-112,2026-07-13 13:30:00,26.46,17.7,33.11,90.0
SC-112,2026-07-13 14:00:00,26.85,18.37,31.59,90.0
SC-112,2026-07-13 14:30:00,25.52,17.27,32.32,90.0
SC-112,2026-07-13 15:00:00,22.47,15.85,29.44,90.0
SC-112,2026-07-13 15:30:00,21.42,14.26,33.43,90.0
SC-112,2026-07-13 16:00:00,19.03,14.29,24.9,90.0
SC-112,2026-07-13 16:30:00,15.75,11.74,25.44,90.0
SC-112,2026-07-13 17:00:00,16.15,11.79,26.98,90.0
SC-112,2026-07-13 17:30:00,13.19,9.19,30.31,90.0
SC-112,2026-07-14 08:00:00,14.71,10.04,31.78,90.0
SC-112,2026-07-14 08:30:00,20.89,15.01,28.15,90.0
SC-112,2026-07-14 09:00:00,24.41,16.78,31.27,90.0
SC-112,2026-07-14 09:30:00,32.36,23.48,27.44,90.0
SC-112,2026-07-14 10:00:00,31.32,22.5,28.15,90.0
SC-112,2026-07-14 10:30:00,42.36,27.69,34.62,90.0
SC-112,2026-07-14 11:00:00,33.87,25.08,25.95,90.0
SC-112,2026-07-14 11:30:00,39.01,28.31,27.44,90.0
SC-112,2026-07-14 12:00:00,36.09,27.8,22.97,90.0
SC-112,2026-07-14 12:30:00,35.59,24.29,31.75,90.0
SC-112,2026-07-14 13:00:00,27.54,20.63,25.12,90.0
SC-112,2026-07-14 13:30:00,24.43,18.48,24.35,90.0
SC-112,2026-07-14 14:00:00,28.75,20.79,27.69,90.0
SC-112,2026-07-14 14:30:00,25.36,17.8,29.82,90.0
SC-112,2026-07-14 15:00:00,22.9,16.95,25.99,90.0
SC-112,2026-07-14 15:30:00,19.99,15.06,24.65,90.0
SC-112,2026-07-14 16:00:00,21.29,14.68,31.03,90.0
SC-112,2026-07-14 16:30:00,18.32,13.35,27.16,90.0
SC-112,2026-07-14 17:00:00,16.81,12.39,26.29,90.0
SC-112,2026-07-14 17:30:00,14.65,11.02,24.75,90.0
SC-112,2026-07-15 08:00:00,12.5,9.58,23.37,90.0
SC-112,2026-07-15 08:30:00,17.22,13.41,22.11,90.0
SC-112,2026-07-15 09:00:00,24.3,17.33,28.67,90.0
SC-112,2026-07-15 09:30:00,26.57,18.15,31.69,90.0
SC-112,2026-07-15 10:00:00,32.83,22.94,30.14,90.0
SC-112,2026-07-15 10:30:00,35.88,25.19,29.81,90.0
SC-112,2026-07-15 11:00:00,35.18,23.07,34.42,90.0
SC-112,2026-07-15 11:30:00,32.77,23.3,28.9,90.0
SC-112,2026-07-15 12:00:00,28.87,21.48,25.59,90.0
SC-112,2026-07-15 12:30:00,32.74,24.13,26.29,90.0
SC-112,2026-07-15 13:00:00,25.49,19.77,22.46,90.0
SC-112,2026-07-15 13:30:00,27.8,19.09,31.31,90.0
SC-112,2026-07-15 14:00:00,24.47,17.8,27.28,90.0
SC-112,2026-07-15 14:30:00,23.89,17.59,26.37,90.0
SC-112,2026-07-15 15:00:00,20.39,15.53,23.87,90.0
SC-112,2026-07-15 15:30:00,21.97,16.45,25.12,90.0
SC-112,2026-07-15 16:00:00,16.1,12.12,24.68,90.0
SC-112,2026-07-15 16:30:00,18.83,13.62,27.66,90.0
SC-112,2026-07-15 17:00:00,15.7,11.33,27.81,90.0
SC-112,2026-07-15 17:30:00,13.45,9.75,27.56,90.0
SC-112,2026-07-16 08:00:00,10.98,8.07,26.54,90.0
SC-112,2026-07-16 08:30:00,19.0,14.33,24.55,90.0
SC-112,2026-07-16 09:00:00,24.3,18.04,25.75,90.0
SC-112,2026-07-16 09:30:00,24.9,18.85,24.31,90.0
SC-112,2026-07-16 10:00:00,31.33,22.2,29.15,90.0
SC-112,2026-07-16 10:30:00,36.07,24.82,31.18,90.0
SC-112,2026-07-16 11:00:00,33.46,24.4,27.07,90.0
SC-112,2026-07-16 11:30:00,35.32,25.91,26.64,90.0
SC-112,2026-07-16 12:00:00,37.39,26.25,29.79,90.0
SC-112,2026-07-16 12:30:00,32.08,24.03,25.1,90.0
SC-112,2026-07-16 13:00:00,26.32,19.1,27.43,90.0
SC-112,2026-07-16 13:30:00,28.0,19.85,29.08,90.0
SC-112,2026-07-16 14:00:00,28.05,20.29,27.67,90.0
SC-112,2026-07-16 14:30:00,20.45,14.84,27.43,90.0
SC-112,2026-07-16 15:00:00,23.29,16.54,28.99,90.0
SC-112,2026-07-16 15:30:00,19.81,14.05,29.08,90.0
SC-112,2026-07-16 16:00:00,17.57,13.38,23.84,90.0
SC-112,2026-07-16 16:30:00,16.76,12.34,26.38,90.0
SC-112,2026-07-16 17:00:00,15.29,11.04,27.79,90.0
SC-112,2026-07-16 17:30:00,14.4,9.84,31.67,90.0
SC-112,2026-07-17 08:00:00,5.9,4.04,31.51,90.0
SC-112,2026-07-17 08:30:00,8.75,6.04,30.93,90.0
SC-112,2026-07-17 09:00:00,10.71,7.7,28.1,90.0
SC-112,2026-07-17 09:30:00,12.73,9.17,27.94,90.0
SC-112,2026-07-17 10:00:00,13.07,9.72,25.65,90.0
SC-112,2026-07-17 10:30:00,12.65,8.41,33.53,90.0
SC-112,2026-07-17 11:00:00,14.67,11.01,24.96,90.0
SC-112,2026-07-17 11:30:00,15.29,10.88,28.87,90.0
SC-112,2026-07-17 12:00:00,14.84,10.2,31.27,90.0
SC-112,2026-07-17 12:30:00,13.69,10.05,26.6,90.0
SC-112,2026-07-17 13:00:00,11.86,8.93,24.72,90.0
SC-112,2026-07-17 13:30:00,12.41,8.41,32.22,90.0
SC-112,2026-07-17 14:00:00,11.46,8.17,28.75,90.0
SC-112,2026-07-17 14:30:00,11.91,8.45,29.02,90.0
SC-112,2026-07-17 15:00:00,9.95,7.29,26.72,90.0
SC-112,2026-07-17 15:30:00,10.64,7.51,29.43,90.0
SC-112,2026-07-17 16:00:00,7.83,5.75,26.57,90.0
SC-112,2026-07-17 16:30:00,8.23,5.77,29.93,90.0
SC-112,2026-07-17 17:00:00,7.03,4.86,30.85,90.0
SC-112,2026-07-17 17:30:00,6.84,4.72,30.92,90.0
SC-112,2026-07-18 08:00:00,5.34,3.26,38.84,90.0
SC-112,2026-07-18 08:30:00,6.52,4.6,29.5,90.0
SC-112,2026-07-18 09:00:00,9.15,6.7,26.77,90.0
SC-112,2026-07-18 09:30:00,10.4,7.51,27.83,90.0
SC-112,2026-07-18 10:00:00,11.0,7.16,34.88,90.0
SC-112,2026-07-18 10:30:00,10.17,7.4,27.24,90.0
SC-112,2026-07-18 11:00:00,12.33,8.11,34.23,90.0
SC-112,2026-07-18 11:30:00,10.82,8.03,25.79,90.0
SC-112,2026-07-18 12:00:00,10.39,7.34,29.32,90.0
SC-112,2026-07-18 12:30:00,10.71,7.44,30.58,90.0
SC-112,2026-07-18 13:00:00,9.63,7.48,22.31,90.0
SC-112,2026-07-18 13:30:00,9.33,6.5,30.41,90.0
SC-112,2026-07-18 14:00:00,8.49,5.89,30.58,90.0
SC-112,2026-07-18 14:30:00,7.4,5.82,21.38,90.0
SC-112,2026-07-18 15:00:00,7.5,5.74,23.41,90.0
SC-112,2026-07-18 15:30:00,6.72,4.98,25.95,90.0
SC-112,2026-07-18 16:00:00,7.29,5.45,25.19,90.0
SC-112,2026-07-18 16:30:00,5.46,3.94,27.81,90.0
SC-112,2026-07-18 17:00:00,5.23,3.67,29.87,90.0
SC-112,2026-07-18 17:30:00,4.6,3.32,27.9,90.0
SC-112,2026-07-19 08:00:00,14.75,10.24,30.57,90.0
SC-112,2026-07-19 08:30:00,23.34,15.33,34.29,90.0
SC-112,2026-07-19 09:00:00,30.55,22.69,25.73,90.0
SC-112,2026-07-19 09:30:00,29.44,22.52,23.5,90.0
SC-112,2026-07-19 10:00:00,37.45,26.69,28.73,90.0
SC-112,2026-07-19 10:30:00,32.92,26.85,18.44,90.0
SC-112,2026-07-19 11:00:00,39.04,28.66,26.6,90.0
SC-112,2026-07-19 11:30:00,37.95,28.9,23.85,90.0
SC-112,2026-07-19 12:00:00,34.56,26.7,22.75,90.0
SC-112,2026-07-19 12:30:00,47.26,31.75,32.83,90.0
SC-112,2026-07-19 13:00:00,34.78,25.83,25.75,90.0
SC-112,2026-07-19 13:30:00,30.71,22.88,25.48,90.0
SC-112,2026-07-19 14:00:00,25.5,18.65,26.86,90.0
SC-112,2026-07-19 14:30:00,28.06,21.13,24.7,90.0
SC-112,2026-07-19 15:00:00,30.83,20.23,34.37,90.0
SC-112,2026-07-19 15:30:00,22.54,15.55,30.98,90.0
SC-112,2026-07-19 16:00:00,21.62,15.86,26.66,90.0
SC-112,2026-07-19 16:30:00,18.85,13.93,26.09,90.0
SC-112,2026-07-19 17:00:00,18.49,13.18,28.71,90.0
SC-112,2026-07-19 17:30:00,16.39,11.47,30.03,90.0
SC-112,2026-07-20 08:00:00,12.79,8.89,30.51,90.0
SC-112,2026-07-20 08:30:00,19.02,14.37,24.45,90.0
SC-112,2026-07-20 09:00:00,24.43,16.98,30.49,90.0
SC-112,2026-07-20 09:30:00,30.08,21.0,30.18,90.0
SC-112,2026-07-20 10:00:00,38.82,27.09,30.21,90.0
SC-112,2026-07-20 10:30:00,34.51,25.05,27.4,90.0
SC-112,2026-07-20 11:00:00,37.89,28.84,23.89,90.0
SC-112,2026-07-20 11:30:00,39.75,27.84,29.95,90.0
SC-112,2026-07-20 12:00:00,32.49,23.6,27.37,90.0
SC-112,2026-07-20 12:30:00,29.24,22.45,23.21,90.0
SC-112,2026-07-20 13:00:00,30.01,22.73,24.26,90.0
SC-112,2026-07-20 13:30:00,25.88,20.03,22.59,90.0
SC-112,2026-07-20 14:00:00,28.2,19.9,29.42,90.0
SC-112,2026-07-20 14:30:00,26.08,19.09,26.81,90.0
SC-112,2026-07-20 15:00:00,23.74,16.3,31.33,90.0
SC-112,2026-07-20 15:30:00,25.66,16.74,34.76,90.0
SC-112,2026-07-20 16:00:00,21.89,15.47,29.35,90.0
SC-112,2026-07-20 16:30:00,20.75,14.49,30.2,90.0
SC-112,2026-07-20 17:00:00,17.51,11.68,33.33,90.0
SC-112,2026-07-20 17:30:00,15.22,10.08,33.75,90.0
SC-112,2026-07-21 08:00:00,12.03,9.12,24.18,90.0
SC-112,2026-07-21 08:30:00,18.47,14.84,19.69,90.0
SC-112,2026-07-21 09:00:00,28.19,21.15,24.95,90.0
SC-112,2026-07-21 09:30:00,28.52,19.16,32.83,90.0
SC-112,2026-07-21 10:00:00,32.61,25.69,21.2,90.0
SC-112,2026-07-21 10:30:00,40.0,27.34,31.63,90.0
SC-112,2026-07-21 11:00:00,36.61,27.22,25.63,90.0
SC-112,2026-07-21 11:30:00,32.55,23.42,28.06,90.0
SC-112,2026-07-21 12:00:00,34.95,26.24,24.93,90.0
SC-112,2026-07-21 12:30:00,38.2,26.92,29.54,90.0
SC-112,2026-07-21 13:00:00,33.91,24.74,27.06,90.0
SC-112,2026-07-21 13:30:00,31.41,24.09,23.33,90.0
SC-112,2026-07-21 14:00:00,30.49,20.84,31.63,90.0
SC-112,2026-07-21 14:30:00,26.97,20.5,24.01,90.0
SC-112,2026-07-21 15:00:00,24.68,17.35,29.68,90.0
SC-112,2026-07-21 15:30:00,20.23,15.75,22.17,90.0
SC-112,2026-07-21 16:00:00,19.72,14.35,27.21,90.0
SC-112,2026-07-21 16:30:00,19.87,13.77,30.71,90.0
SC-112,2026-07-21 17:00:00,19.67,13.38,32.0,90.0
SC-112,2026-07-21 17:30:00,14.22,10.35,27.23,90.0
SC-112,2026-07-22 08:00:00,13.29,8.85,33.38,90.0
SC-112,2026-07-22 08:30:00,18.1,13.05,27.87,90.0
SC-112,2026-07-22 09:00:00,23.19,16.88,27.19,90.0
SC-112,2026-07-22 09:30:00,24.99,18.37,26.5,90.0
SC-112,2026-07-22 10:00:00,32.14,22.78,29.12,90.0
SC-112,2026-07-22 10:30:00,31.56,23.69,24.92,90.0
SC-112,2026-07-22 11:00:00,32.71,21.72,33.61,90.0
SC-112,2026-07-22 11:30:00,30.4,22.23,26.87,90.0
SC-112,2026-07-22 12:00:00,33.51,25.46,24.03,90.0
SC-112,2026-07-22 12:30:00,30.96,22.05,28.78,90.0
SC-112,2026-07-22 13:00:00,29.35,20.34,30.68,90.0
SC-112,2026-07-22 13:30:00,26.89,18.73,30.34,90.0
SC-112,2026-07-22 14:00:00,25.03,17.16,31.42,90.0
SC-112,2026-07-22 14:30:00,24.27,17.32,28.65,90.0
SC-112,2026-07-22 15:00:00,19.5,14.01,28.15,90.0
SC-112,2026-07-22 15:30:00,23.62,16.19,31.47,90.0
SC-112,2026-07-22 16:00:00,16.6,11.66,29.75,90.0
SC-112,2026-07-22 16:30:00,16.31,12.01,26.33,90.0
SC-112,2026-07-22 17:00:00,14.53,9.94,31.62,90.0
SC-112,2026-07-22 17:30:00,11.69,9.16,21.67,90.0
SC-112,2026-07-23 08:00:00,11.33,7.85,30.71,90.0
SC-112,2026-07-23 08:30:00,14.7,11.26,23.4,90.0
SC-112,2026-07-23 09:00:00,19.51,14.81,24.1,90.0
SC-112,2026-07-23 09:30:00,22.38,15.92,28.87,90.0
SC-112,2026-07-23 10:00:00,27.01,19.65,27.25,90.0
SC-112,2026-07-23 10:30:00,25.79,18.82,27.03,90.0
SC-112,2026-07-23 11:00:00,26.22,19.53,25.5,90.0
SC-112,2026-07-23 11:30:00,26.14,19.14,26.76,90.0
SC-112,2026-07-23 12:00:00,26.51,19.32,27.11,90.0
SC-112,2026-07-23 12:30:00,27.55,19.36,29.72,90.0
SC-112,2026-07-23 13:00:00,26.36,18.27,30.7,90.0
SC-112,2026-07-23 13:30:00,21.67,17.07,21.23,90.0
SC-112,2026-07-23 14:00:00,21.98,16.07,26.89,90.0
SC-112,2026-07-23 14:30:00,19.13,14.33,25.08,90.0
SC-112,2026-07-23 15:00:00,20.49,15.28,25.42,90.0
SC-112,2026-07-23 15:30:00,17.26,13.02,24.58,90.0
SC-112,2026-07-23 16:00:00,17.73,12.39,30.08,90.0
SC-112,2026-07-23 16:30:00,15.07,10.73,28.76,90.0
SC-112,2026-07-23 17:00:00,12.6,9.64,23.48,90.0
SC-112,2026-07-23 17:30:00,11.08,7.9,28.64,90.0
SC-112,2026-07-24 08:00:00,5.77,3.83,33.68,90.0
SC-112,2026-07-24 08:30:00,8.67,6.22,28.26,90.0
SC-112,2026-07-24 09:00:00,9.13,6.9,24.49,90.0
SC-112,2026-07-24 09:30:00,12.26,8.31,32.21,90.0
SC-112,2026-07-24 10:00:00,13.72,9.56,30.33,90.0
SC-112,2026-07-24 10:30:00,18.9,12.8,32.29,90.0
SC-112,2026-07-24 11:00:00,15.4,11.0,28.55,90.0
SC-112,2026-07-24 11:30:00,15.6,10.85,30.45,90.0
SC-112,2026-07-24 12:00:00,14.36,10.42,27.44,90.0
SC-112,2026-07-24 12:30:00,11.01,8.14,26.13,90.0
SC-112,2026-07-24 13:00:00,12.61,9.03,28.39,90.0
SC-112,2026-07-24 13:30:00,12.58,9.03,28.18,90.0
SC-112,2026-07-24 14:00:00,11.6,8.0,31.0,90.0
SC-112,2026-07-24 14:30:00,11.79,8.24,30.1,90.0
SC-112,2026-07-24 15:00:00,10.48,7.5,28.46,90.0
SC-112,2026-07-24 15:30:00,10.47,6.88,34.28,90.0
SC-112,2026-07-24 16:00:00,8.91,6.34,28.81,90.0
SC-112,2026-07-24 16:30:00,7.13,5.21,26.88,90.0
SC-112,2026-07-24 17:00:00,7.98,5.32,33.32,90.0
SC-112,2026-07-24 17:30:00,6.83,4.54,33.6,90.0
SC-112,2026-07-25 08:00:00,4.59,3.35,27.04,90.0
SC-112,2026-07-25 08:30:00,8.5,6.31,25.71,90.0
SC-112,2026-07-25 09:00:00,9.77,6.75,30.98,90.0
SC-112,2026-07-25 09:30:00,9.91,7.52,24.11,90.0
SC-112,2026-07-25 10:00:00,10.26,7.54,26.47,90.0
SC-112,2026-07-25 10:30:00,13.32,9.67,27.39,90.0
SC-112,2026-07-25 11:00:00,13.92,9.7,30.28,90.0
SC-112,2026-07-25 11:30:00,14.09,9.91,29.7,90.0
SC-112,2026-07-25 12:00:00,12.16,9.23,24.1,90.0
SC-112,2026-07-25 12:30:00,10.71,7.72,27.92,90.0
SC-112,2026-07-25 13:00:00,10.2,7.51,26.33,90.0
SC-112,2026-07-25 13:30:00,11.02,7.69,30.22,90.0
SC-112,2026-07-25 14:00:00,9.2,6.37,30.75,90.0
SC-112,2026-07-25 14:30:00,8.88,5.91,33.41,90.0
SC-112,2026-07-25 15:00:00,9.53,6.77,28.98,90.0
SC-112,2026-07-25 15:30:00,8.13,5.87,27.78,90.0
SC-112,2026-07-25 16:00:00,7.4,5.03,32.11,90.0
SC-112,2026-07-25 16:30:00,6.87,5.22,24.0,90.0
SC-112,2026-07-25 17:00:00,5.66,4.4,22.27,90.0
SC-112,2026-07-25 17:30:00,5.34,3.86,27.83,90.0
SC-112,2026-07-26 08:00:00,13.56,9.75,28.11,90.0
SC-112,2026-07-26 08:30:00,20.12,14.46,28.14,90.0
SC-112,2026-07-26 09:00:00,23.75,17.98,24.3,90.0
SC-112,2026-07-26 09:30:00,34.05,23.6,30.7,90.0
SC-112,2026-07-26 10:00:00,36.55,25.28,30.82,90.0
SC-112,2026-07-26 10:30:00,36.19,25.54,29.42,90.0
SC-112,2026-07-26 11:00:00,41.65,28.58,31.37,90.0
SC-112,2026-07-26 11:30:00,33.68,26.03,22.72,90.0
SC-112,2026-07-26 12:00:00,33.8,25.61,24.22,90.0
SC-112,2026-07-26 12:30:00,31.16,23.38,24.95,90.0
SC-112,2026-07-26 13:00:00,36.27,25.2,30.54,90.0
SC-112,2026-07-26 13:30:00,30.74,21.99,28.45,90.0
SC-112,2026-07-26 14:00:00,25.16,19.56,22.28,90.0
SC-112,2026-07-26 14:30:00,27.01,19.54,27.67,90.0
SC-112,2026-07-26 15:00:00,23.42,17.44,25.54,90.0
SC-112,2026-07-26 15:30:00,24.37,17.37,28.75,90.0
SC-112,2026-07-26 16:00:00,22.35,16.39,26.68,90.0
SC-112,2026-07-26 16:30:00,19.11,13.23,30.78,90.0
SC-112,2026-07-26 17:00:00,19.26,13.26,31.15,90.0
SC-112,2026-07-26 17:30:00,15.33,11.24,26.71,90.0
SC-112,2026-07-27 08:00:00,13.65,9.81,28.14,90.0
SC-112,2026-07-27 08:30:00,19.38,14.53,25.05,90.0
SC-112,2026-07-27 09:00:00,22.75,16.54,27.3,90.0
SC-112,2026-07-27 09:30:00,27.02,20.46,24.3,90.0
SC-112,2026-07-27 10:00:00,38.88,24.86,36.05,90.0
SC-112,2026-07-27 10:30:00,34.22,23.36,31.76,90.0
SC-112,2026-07-27 11:00:00,34.46,24.67,28.41,90.0
SC-112,2026-07-27 11:30:00,30.62,23.34,23.76,90.0
SC-112,2026-07-27 12:00:00,42.74,27.99,34.51,90.0
SC-112,2026-07-27 12:30:00,34.3,23.99,30.05,90.0
SC-112,2026-07-27 13:00:00,28.3,20.38,27.99,90.0
SC-112,2026-07-27 13:30:00,29.58,20.38,31.1,90.0
SC-112,2026-07-27 14:00:00,22.94,16.69,27.24,90.0
SC-112,2026-07-27 14:30:00,27.03,19.99,26.07,90.0
SC-112,2026-07-27 15:00:00,23.53,16.35,30.51,90.0
SC-112,2026-07-27 15:30:00,24.28,17.08,29.63,90.0
SC-112,2026-07-27 16:00:00,18.53,13.92,24.88,90.0
SC-112,2026-07-27 16:30:00,17.09,12.92,24.41,90.0
SC-112,2026-07-27 17:00:00,17.48,11.4,34.74,90.0
SC-112,2026-07-27 17:30:00,12.11,9.38,22.54,90.0
SC-113,2026-06-30 08:00:00,29.95,20.09,32.92,90.0
SC-113,2026-06-30 08:30:00,47.46,32.36,31.82,90.0
SC-113,2026-06-30 09:00:00,52.66,35.45,32.69,90.0
SC-113,2026-06-30 09:30:00,51.12,38.98,23.75,90.0
SC-113,2026-06-30 10:00:00,61.13,43.2,29.33,90.0
SC-113,2026-06-30 10:30:00,66.51,48.52,27.04,90.0
SC-113,2026-06-30 11:00:00,73.38,53.1,27.63,90.0
SC-113,2026-06-30 11:30:00,64.14,46.56,27.4,90.0
SC-113,2026-06-30 12:00:00,70.72,52.01,26.45,90.0
SC-113,2026-06-30 12:30:00,72.99,49.74,31.85,90.0
SC-113,2026-06-30 13:00:00,60.0,43.78,27.04,90.0
SC-113,2026-06-30 13:30:00,59.3,42.85,27.74,90.0
SC-113,2026-06-30 14:00:00,54.22,38.9,28.26,90.0
SC-113,2026-06-30 14:30:00,55.3,41.62,24.73,90.0
SC-113,2026-06-30 15:00:00,52.45,36.36,30.67,90.0
SC-113,2026-06-30 15:30:00,42.41,32.4,23.59,90.0
SC-113,2026-06-30 16:00:00,43.48,29.09,33.09,90.0
SC-113,2026-06-30 16:30:00,35.55,27.13,23.69,90.0
SC-113,2026-06-30 17:00:00,29.88,23.42,21.63,90.0
SC-113,2026-06-30 17:30:00,28.09,21.15,24.71,90.0
SC-113,2026-06-30 18:00:00,27.57,19.31,29.98,90.0
SC-113,2026-06-30 18:30:00,19.69,15.08,23.43,90.0
SC-113,2026-06-30 19:00:00,18.49,13.0,29.71,90.0
SC-113,2026-06-30 19:30:00,12.41,9.48,23.64,90.0
SC-113,2026-06-30 20:00:00,9.74,6.92,28.96,90.0
SC-113,2026-06-30 20:30:00,7.33,5.43,25.87,90.0
SC-113,2026-06-30 21:00:00,6.23,4.22,32.21,90.0
SC-113,2026-06-30 21:30:00,4.13,2.94,28.82,90.0
SC-113,2026-07-01 08:00:00,30.53,20.18,33.88,90.0
SC-113,2026-07-01 08:30:00,46.73,32.19,31.12,90.0
SC-113,2026-07-01 09:00:00,48.32,35.98,25.54,90.0
SC-113,2026-07-01 09:30:00,56.78,40.91,27.94,90.0
SC-113,2026-07-01 10:00:00,69.46,54.04,22.21,90.0
SC-113,2026-07-01 10:30:00,69.07,52.72,23.68,90.0
SC-113,2026-07-01 11:00:00,65.08,50.01,23.16,90.0
SC-113,2026-07-01 11:30:00,71.93,55.54,22.79,90.0
SC-113,2026-07-01 12:00:00,59.59,45.25,24.05,90.0
SC-113,2026-07-01 12:30:00,66.99,47.39,29.26,90.0
SC-113,2026-07-01 13:00:00,59.11,41.21,30.28,90.0
SC-113,2026-07-01 13:30:00,58.89,41.83,28.97,90.0
SC-113,2026-07-01 14:00:00,53.37,38.78,27.35,90.0
SC-113,2026-07-01 14:30:00,43.92,32.49,26.03,90.0
SC-113,2026-07-01 15:00:00,41.05,34.34,16.36,90.0
SC-113,2026-07-01 15:30:00,37.19,29.68,20.18,90.0
SC-113,2026-07-01 16:00:00,39.52,28.7,27.39,90.0
SC-113,2026-07-01 16:30:00,40.48,28.21,30.33,90.0
SC-113,2026-07-01 17:00:00,31.5,23.73,24.69,90.0
SC-113,2026-07-01 17:30:00,25.33,18.66,26.32,90.0
SC-113,2026-07-01 18:00:00,23.9,16.49,31.0,90.0
SC-113,2026-07-01 18:30:00,20.15,14.45,28.28,90.0
SC-113,2026-07-01 19:00:00,14.6,10.9,25.33,90.0
SC-113,2026-07-01 19:30:00,12.7,8.44,33.55,90.0
SC-113,2026-07-01 20:00:00,10.39,7.23,30.46,90.0
SC-113,2026-07-01 20:30:00,8.12,5.47,32.57,90.0
SC-113,2026-07-01 21:00:00,5.6,3.91,30.18,90.0
SC-113,2026-07-01 21:30:00,4.0,2.8,29.93,90.0
SC-113,2026-07-02 08:00:00,27.09,18.89,30.26,90.0
SC-113,2026-07-02 08:30:00,41.03,31.7,22.74,90.0
SC-113,2026-07-02 09:00:00,47.82,36.35,23.99,90.0
SC-113,2026-07-02 09:30:00,56.67,40.85,27.91,90.0
SC-113,2026-07-02 10:00:00,61.98,44.55,28.13,90.0
SC-113,2026-07-02 10:30:00,62.69,46.31,26.13,90.0
SC-113,2026-07-02 11:00:00,85.3,56.18,34.14,90.0
SC-113,2026-07-02 11:30:00,67.99,49.81,26.74,90.0
SC-113,2026-07-02 12:00:00,62.86,45.42,27.74,90.0
SC-113,2026-07-02 12:30:00,74.49,51.55,30.79,90.0
SC-113,2026-07-02 13:00:00,62.2,46.2,25.73,90.0
SC-113,2026-07-02 13:30:00,52.81,38.71,26.69,90.0
SC-113,2026-07-02 14:00:00,54.67,38.65,29.29,90.0
SC-113,2026-07-02 14:30:00,51.85,36.3,30.0,90.0
SC-113,2026-07-02 15:00:00,47.87,33.8,29.4,90.0
SC-113,2026-07-02 15:30:00,47.7,34.89,26.87,90.0
SC-113,2026-07-02 16:00:00,38.57,28.94,24.98,90.0
SC-113,2026-07-02 16:30:00,36.51,27.09,25.81,90.0
SC-113,2026-07-02 17:00:00,31.68,23.09,27.12,90.0
SC-113,2026-07-02 17:30:00,26.23,20.4,22.22,90.0
SC-113,2026-07-02 18:00:00,25.8,17.59,31.81,90.0
SC-113,2026-07-02 18:30:00,20.21,14.8,26.77,90.0
SC-113,2026-07-02 19:00:00,18.82,13.34,29.12,90.0
SC-113,2026-07-02 19:30:00,12.28,9.47,22.9,90.0
SC-113,2026-07-02 20:00:00,10.05,6.73,32.98,90.0
SC-113,2026-07-02 20:30:00,7.37,5.45,26.13,90.0
SC-113,2026-07-02 21:00:00,5.19,4.02,22.57,90.0
SC-113,2026-07-02 21:30:00,4.07,2.93,27.95,90.0
SC-113,2026-07-03 08:00:00,13.2,9.46,28.38,90.0
SC-113,2026-07-03 08:30:00,18.09,13.66,24.47,90.0
SC-113,2026-07-03 09:00:00,24.68,17.62,28.6,90.0
SC-113,2026-07-03 09:30:00,29.01,21.61,25.5,90.0
SC-113,2026-07-03 10:00:00,29.52,21.5,27.16,90.0
SC-113,2026-07-03 10:30:00,33.06,24.0,27.4,90.0
SC-113,2026-07-03 11:00:00,36.11,24.8,31.32,90.0
SC-113,2026-07-03 11:30:00,32.69,24.42,25.32,90.0
SC-113,2026-07-03 12:00:00,29.47,22.43,23.9,90.0
SC-113,2026-07-03 12:30:00,36.82,26.6,27.75,90.0
SC-113,2026-07-03 13:00:00,26.15,20.26,22.54,90.0
SC-113,2026-07-03 13:30:00,28.51,19.57,31.35,90.0
SC-113,2026-07-03 14:00:00,25.7,19.91,22.55,90.0
SC-113,2026-07-03 14:30:00,22.33,17.77,20.41,90.0
SC-113,2026-07-03 15:00:00,20.95,14.21,32.16,90.0
SC-113,2026-07-03 15:30:00,18.84,14.81,21.4,90.0
SC-113,2026-07-03 16:00:00,21.09,15.56,26.21,90.0
SC-113,2026-07-03 16:30:00,17.95,12.31,31.44,90.0
SC-113,2026-07-03 17:00:00,18.25,12.04,34.06,90.0
SC-113,2026-07-03 17:30:00,13.9,9.74,29.97,90.0
SC-113,2026-07-03 18:00:00,11.88,8.82,25.76,90.0
SC-113,2026-07-03 18:30:00,10.23,7.48,26.83,90.0
SC-113,2026-07-03 19:00:00,8.51,6.31,25.86,90.0
SC-113,2026-07-03 19:30:00,6.92,4.88,29.55,90.0
SC-113,2026-07-03 20:00:00,5.76,3.88,32.54,90.0
SC-113,2026-07-03 20:30:00,3.79,2.93,22.63,90.0
SC-113,2026-07-03 21:00:00,3.09,2.13,31.05,90.0
SC-113,2026-07-03 21:30:00,2.37,1.97,16.83,90.0
SC-113,2026-07-04 08:00:00,10.08,7.53,25.36,90.0
SC-113,2026-07-04 08:30:00,16.04,11.46,28.56,90.0
SC-113,2026-07-04 09:00:00,19.38,13.65,29.57,90.0
SC-113,2026-07-04 09:30:00,19.49,14.9,23.56,90.0
SC-113,2026-07-04 10:00:00,24.9,17.57,29.44,90.0
SC-113,2026-07-04 10:30:00,25.83,19.63,24.01,90.0
SC-113,2026-07-04 11:00:00,29.47,20.95,28.9,90.0
SC-113,2026-07-04 11:30:00,26.59,18.68,29.75,90.0
SC-113,2026-07-04 12:00:00,25.92,18.66,28.02,90.0
SC-113,2026-07-04 12:30:00,23.85,19.26,19.24,90.0
SC-113,2026-07-04 13:00:00,21.27,16.39,22.93,90.0
SC-113,2026-07-04 13:30:00,20.76,15.76,24.13,90.0
SC-113,2026-07-04 14:00:00,21.3,14.87,30.18,90.0
SC-113,2026-07-04 14:30:00,18.63,12.41,33.39,90.0
SC-113,2026-07-04 15:00:00,18.97,13.55,28.54,90.0
SC-113,2026-07-04 15:30:00,15.77,11.84,24.9,90.0
SC-113,2026-07-04 16:00:00,14.66,10.25,30.03,90.0
SC-113,2026-07-04 16:30:00,13.62,10.63,21.98,90.0
SC-113,2026-07-04 17:00:00,13.84,10.17,26.55,90.0
SC-113,2026-07-04 17:30:00,11.21,8.3,26.0,90.0
SC-113,2026-07-04 18:00:00,10.81,7.62,29.55,90.0
SC-113,2026-07-04 18:30:00,8.25,6.08,26.39,90.0
SC-113,2026-07-04 19:00:00,6.22,4.71,24.37,90.0
SC-113,2026-07-04 19:30:00,5.1,3.63,28.86,90.0
SC-113,2026-07-04 20:00:00,4.58,3.34,27.03,90.0
SC-113,2026-07-04 20:30:00,3.04,2.33,23.6,90.0
SC-113,2026-07-04 21:00:00,2.59,1.95,24.43,90.0
SC-113,2026-07-04 21:30:00,2.7,1.99,26.39,90.0
SC-113,2026-07-05 08:00:00,30.43,22.28,26.76,90.0
SC-113,2026-07-05 08:30:00,49.08,34.51,29.69,90.0
SC-113,2026-07-05 09:00:00,55.02,40.29,26.77,90.0
SC-113,2026-07-05 09:30:00,65.49,47.33,27.73,90.0
SC-113,2026-07-05 10:00:00,76.85,55.49,27.79,90.0
SC-113,2026-07-05 10:30:00,88.82,63.9,28.05,90.0
SC-113,2026-07-05 11:00:00,65.38,51.16,21.75,90.0
SC-113,2026-07-05 11:30:00,95.78,67.31,29.72,90.0
SC-113,2026-07-05 12:00:00,77.76,56.29,27.61,90.0
SC-113,2026-07-05 12:30:00,77.45,55.13,28.82,90.0
SC-113,2026-07-05 13:00:00,69.96,49.38,29.42,90.0
SC-113,2026-07-05 13:30:00,68.22,46.64,31.63,90.0
SC-113,2026-07-05 14:00:00,56.75,42.6,24.93,90.0
SC-113,2026-07-05 14:30:00,60.23,44.35,26.36,90.0
SC-113,2026-07-05 15:00:00,61.04,41.71,31.66,90.0
SC-113,2026-07-05 15:30:00,51.51,38.76,24.76,90.0
SC-113,2026-07-05 16:00:00,52.64,35.63,32.32,90.0
SC-113,2026-07-05 16:30:00,45.93,31.56,31.28,90.0
SC-113,2026-07-05 17:00:00,36.42,25.52,29.92,90.0
SC-113,2026-07-05 17:30:00,36.01,24.73,31.32,90.0
SC-113,2026-07-05 18:00:00,26.03,18.26,29.84,90.0
SC-113,2026-07-05 18:30:00,23.52,16.96,27.89,90.0
SC-113,2026-07-05 19:00:00,17.89,12.48,30.23,90.0
SC-113,2026-07-05 19:30:00,13.18,9.41,28.62,90.0
SC-113,2026-07-05 20:00:00,10.82,7.73,28.57,90.0
SC-113,2026-07-05 20:30:00,8.82,6.15,30.31,90.0
SC-113,2026-07-05 21:00:00,5.51,4.28,22.31,90.0
SC-113,2026-07-05 21:30:00,5.17,3.49,32.56,90.0
SC-113,2026-07-06 08:00:00,26.52,19.62,26.01,90.0
SC-113,2026-07-06 08:30:00,44.13,31.67,28.24,90.0
SC-113,2026-07-06 09:00:00,45.25,35.63,21.26,90.0
SC-113,2026-07-06 09:30:00,71.95,51.59,28.29,90.0
SC-113,2026-07-06 10:00:00,68.87,51.7,24.93,90.0
SC-113,2026-07-06 10:30:00,79.98,55.48,30.63,90.0
SC-113,2026-07-06 11:00:00,69.42,50.84,26.76,90.0
SC-113,2026-07-06 11:30:00,73.48,56.08,23.67,90.0
SC-113,2026-07-06 12:00:00,67.24,51.99,22.68,90.0
SC-113,2026-07-06 12:30:00,73.55,53.02,27.92,90.0
SC-113,2026-07-06 13:00:00,61.6,43.48,29.42,90.0
SC-113,2026-07-06 13:30:00,69.32,49.3,28.89,90.0
SC-113,2026-07-06 14:00:00,57.75,41.91,27.43,90.0
SC-113,2026-07-06 14:30:00,56.25,40.77,27.52,90.0
SC-113,2026-07-06 15:00:00,58.16,38.62,33.6,90.0
SC-113,2026-07-06 15:30:00,50.09,35.18,29.76,90.0
SC-113,2026-07-06 16:00:00,42.92,32.54,24.17,90.0
SC-113,2026-07-06 16:30:00,39.41,27.45,30.35,90.0
SC-113,2026-07-06 17:00:00,33.82,24.91,26.34,90.0
SC-113,2026-07-06 17:30:00,27.09,20.78,23.27,90.0
SC-113,2026-07-06 18:00:00,26.21,18.47,29.53,90.0
SC-113,2026-07-06 18:30:00,22.61,17.07,24.49,90.0
SC-113,2026-07-06 19:00:00,19.84,13.67,31.1,90.0
SC-113,2026-07-06 19:30:00,12.47,9.35,25.01,90.0
SC-113,2026-07-06 20:00:00,10.97,7.62,30.56,90.0
SC-113,2026-07-06 20:30:00,7.58,5.85,22.9,90.0
SC-113,2026-07-06 21:00:00,5.63,4.25,24.46,90.0
SC-113,2026-07-06 21:30:00,4.85,3.39,30.07,90.0
SC-113,2026-07-07 08:00:00,24.48,17.52,28.44,90.0
SC-113,2026-07-07 08:30:00,37.16,27.5,25.98,90.0
SC-113,2026-07-07 09:00:00,46.83,32.84,29.87,90.0
SC-113,2026-07-07 09:30:00,61.15,40.16,34.33,90.0
SC-113,2026-07-07 10:00:00,61.68,43.62,29.28,90.0
SC-113,2026-07-07 10:30:00,59.29,48.26,18.59,90.0
SC-113,2026-07-07 11:00:00,61.59,43.58,29.24,90.0
SC-113,2026-07-07 11:30:00,69.62,47.08,32.37,90.0
SC-113,2026-07-07 12:00:00,66.07,50.47,23.61,90.0
SC-113,2026-07-07 12:30:00,50.73,38.75,23.61,90.0
SC-113,2026-07-07 13:00:00,53.04,37.32,29.65,90.0
SC-113,2026-07-07 13:30:00,55.15,37.32,32.33,90.0
SC-113,2026-07-07 14:00:00,43.9,32.25,26.54,90.0
SC-113,2026-07-07 14:30:00,45.98,33.6,26.93,90.0
SC-113,2026-07-07 15:00:00,47.49,36.29,23.57,90.0
SC-113,2026-07-07 15:30:00,41.46,29.57,28.68,90.0
SC-113,2026-07-07 16:00:00,44.04,30.81,30.05,90.0
SC-113,2026-07-07 16:30:00,31.65,23.46,25.87,90.0
SC-113,2026-07-07 17:00:00,29.86,23.28,22.04,90.0
SC-113,2026-07-07 17:30:00,26.08,19.29,26.04,90.0
SC-113,2026-07-07 18:00:00,23.21,18.47,20.44,90.0
SC-113,2026-07-07 18:30:00,18.95,12.59,33.58,90.0
SC-113,2026-07-07 19:00:00,16.16,11.97,25.92,90.0
SC-113,2026-07-07 19:30:00,12.56,8.97,28.55,90.0
SC-113,2026-07-07 20:00:00,9.29,6.69,27.97,90.0
SC-113,2026-07-07 20:30:00,6.19,4.28,30.85,90.0
SC-113,2026-07-07 21:00:00,5.41,3.83,29.18,90.0
SC-113,2026-07-07 21:30:00,4.39,2.94,33.19,90.0
SC-113,2026-07-08 08:00:00,30.31,22.14,26.96,90.0
SC-113,2026-07-08 08:30:00,43.43,29.44,32.21,90.0
SC-113,2026-07-08 09:00:00,51.37,38.35,25.35,90.0
SC-113,2026-07-08 09:30:00,59.64,43.29,27.42,90.0
SC-113,2026-07-08 10:00:00,55.76,42.36,24.03,90.0
SC-113,2026-07-08 10:30:00,71.88,50.54,29.69,90.0
SC-113,2026-07-08 11:00:00,75.62,49.54,34.49,90.0
SC-113,2026-07-08 11:30:00,66.0,52.53,20.41,90.0
SC-113,2026-07-08 12:00:00,60.54,47.43,21.66,90.0
SC-113,2026-07-08 12:30:00,66.3,46.33,30.13,90.0
SC-113,2026-07-08 13:00:00,64.01,45.3,29.22,90.0
SC-113,2026-07-08 13:30:00,64.31,45.66,29.01,90.0
SC-113,2026-07-08 14:00:00,59.18,41.05,30.64,90.0
SC-113,2026-07-08 14:30:00,48.33,36.37,24.75,90.0
SC-113,2026-07-08 15:00:00,47.68,36.62,23.21,90.0
SC-113,2026-07-08 15:30:00,45.76,32.86,28.18,90.0
SC-113,2026-07-08 16:00:00,44.66,33.03,26.03,90.0
SC-113,2026-07-08 16:30:00,32.63,25.55,21.69,90.0
SC-113,2026-07-08 17:00:00,34.86,24.67,29.23,90.0
SC-113,2026-07-08 17:30:00,27.51,20.08,27.02,90.0
SC-113,2026-07-08 18:00:00,23.09,16.95,26.57,90.0
SC-113,2026-07-08 18:30:00,21.68,15.8,27.13,90.0
SC-113,2026-07-08 19:00:00,20.14,13.47,33.14,90.0
SC-113,2026-07-08 19:30:00,11.33,8.82,22.11,90.0
SC-113,2026-07-08 20:00:00,10.12,6.91,31.66,90.0
SC-113,2026-07-08 20:30:00,8.15,5.46,33.0,90.0
SC-113,2026-07-08 21:00:00,5.74,4.18,27.21,90.0
SC-113,2026-07-08 21:30:00,4.22,3.02,28.51,90.0
SC-113,2026-07-09 08:00:00,22.8,17.14,24.84,90.0
SC-113,2026-07-09 08:30:00,36.09,25.86,28.35,90.0
SC-113,2026-07-09 09:00:00,46.75,33.19,28.99,90.0
SC-113,2026-07-09 09:30:00,52.44,39.87,23.99,90.0
SC-113,2026-07-09 10:00:00,59.96,43.31,27.78,90.0
SC-113,2026-07-09 10:30:00,60.91,44.86,26.35,90.0
SC-113,2026-07-09 11:00:00,61.69,45.63,26.04,90.0
SC-113,2026-07-09 11:30:00,61.3,45.49,25.78,90.0
SC-113,2026-07-09 12:00:00,66.74,43.57,34.72,90.0
SC-113,2026-07-09 12:30:00,57.94,41.87,27.74,90.0
SC-113,2026-07-09 13:00:00,50.51,36.91,26.92,90.0
SC-113,2026-07-09 13:30:00,54.19,36.78,32.13,90.0
SC-113,2026-07-09 14:00:00,44.61,32.87,26.32,90.0
SC-113,2026-07-09 14:30:00,47.24,34.94,26.04,90.0
SC-113,2026-07-09 15:00:00,44.66,33.24,25.57,90.0
SC-113,2026-07-09 15:30:00,39.1,29.77,23.88,90.0
SC-113,2026-07-09 16:00:00,42.61,29.77,30.13,90.0
SC-113,2026-07-09 16:30:00,33.89,24.73,27.03,90.0
SC-113,2026-07-09 17:00:00,26.81,19.47,27.39,90.0
SC-113,2026-07-09 17:30:00,25.95,19.31,25.59,90.0
SC-113,2026-07-09 18:00:00,19.83,14.91,24.8,90.0
SC-113,2026-07-09 18:30:00,20.14,14.39,28.57,90.0
SC-113,2026-07-09 19:00:00,14.19,9.9,30.24,90.0
SC-113,2026-07-09 19:30:00,11.65,8.91,23.49,90.0
SC-113,2026-07-09 20:00:00,8.54,6.3,26.27,90.0
SC-113,2026-07-09 20:30:00,7.61,5.15,32.37,90.0
SC-113,2026-07-09 21:00:00,4.79,3.47,27.43,90.0
SC-113,2026-07-09 21:30:00,3.75,2.72,27.69,90.0
SC-113,2026-07-10 08:00:00,12.2,8.81,27.78,90.0
SC-113,2026-07-10 08:30:00,20.13,14.4,28.49,90.0
SC-113,2026-07-10 09:00:00,24.99,17.36,30.53,90.0
SC-113,2026-07-10 09:30:00,27.53,19.91,27.66,90.0
SC-113,2026-07-10 10:00:00,26.1,18.54,28.97,90.0
SC-113,2026-07-10 10:30:00,34.86,25.85,25.85,90.0
SC-113,2026-07-10 11:00:00,30.26,22.17,26.76,90.0
SC-113,2026-07-10 11:30:00,31.46,22.44,28.67,90.0
SC-113,2026-07-10 12:00:00,31.88,22.49,29.47,90.0
SC-113,2026-07-10 12:30:00,29.77,21.29,28.5,90.0
SC-113,2026-07-10 13:00:00,25.29,19.87,21.43,90.0
SC-113,2026-07-10 13:30:00,27.65,19.79,28.42,90.0
SC-113,2026-07-10 14:00:00,23.47,16.56,29.41,90.0
SC-113,2026-07-10 14:30:00,24.01,17.43,27.4,90.0
SC-113,2026-07-10 15:00:00,21.73,15.2,30.06,90.0
SC-113,2026-07-10 15:30:00,20.12,14.53,27.76,90.0
SC-113,2026-07-10 16:00:00,20.43,14.68,28.13,90.0
SC-113,2026-07-10 16:30:00,16.97,12.3,27.52,90.0
SC-113,2026-07-10 17:00:00,18.2,13.2,27.46,90.0
SC-113,2026-07-10 17:30:00,15.88,11.04,30.46,90.0
SC-113,2026-07-10 18:00:00,11.98,8.79,26.6,90.0
SC-113,2026-07-10 18:30:00,11.45,7.49,34.59,90.0
SC-113,2026-07-10 19:00:00,7.64,5.55,27.37,90.0
SC-113,2026-07-10 19:30:00,6.53,4.84,25.98,90.0
SC-113,2026-07-10 20:00:00,5.58,3.83,31.28,90.0
SC-113,2026-07-10 20:30:00,4.36,2.87,34.08,90.0
SC-113,2026-07-10 21:00:00,2.86,2.09,26.97,90.0
SC-113,2026-07-10 21:30:00,2.71,2.02,25.32,90.0
SC-113,2026-07-11 08:00:00,8.63,6.4,25.83,90.0
SC-113,2026-07-11 08:30:00,15.15,10.64,29.74,90.0
SC-113,2026-07-11 09:00:00,14.68,11.39,22.43,90.0
SC-113,2026-07-11 09:30:00,21.81,14.6,33.06,90.0
SC-113,2026-07-11 10:00:00,22.8,16.44,27.9,90.0
SC-113,2026-07-11 10:30:00,23.36,17.83,23.67,90.0
SC-113,2026-07-11 11:00:00,23.03,16.96,26.38,90.0
SC-113,2026-07-11 11:30:00,20.75,16.82,18.96,90.0
SC-113,2026-07-11 12:00:00,24.45,15.86,35.15,90.0
SC-113,2026-07-11 12:30:00,22.81,17.14,24.89,90.0
SC-113,2026-07-11 13:00:00,19.6,14.71,24.92,90.0
SC-113,2026-07-11 13:30:00,20.17,14.71,27.09,90.0
SC-113,2026-07-11 14:00:00,19.21,14.48,24.64,90.0
SC-113,2026-07-11 14:30:00,16.99,12.4,27.04,90.0
SC-113,2026-07-11 15:00:00,17.18,12.35,28.11,90.0
SC-113,2026-07-11 15:30:00,15.2,10.98,27.79,90.0
SC-113,2026-07-11 16:00:00,14.25,9.74,31.62,90.0
SC-113,2026-07-11 16:30:00,15.52,10.23,34.11,90.0
SC-113,2026-07-11 17:00:00,13.02,9.32,28.45,90.0
SC-113,2026-07-11 17:30:00,9.61,7.25,24.57,90.0
SC-113,2026-07-11 18:00:00,10.39,6.97,32.87,90.0
SC-113,2026-07-11 18:30:00,7.53,5.47,27.35,90.0
SC-113,2026-07-11 19:00:00,6.85,4.89,28.7,90.0
SC-113,2026-07-11 19:30:00,5.05,3.62,28.3,90.0
SC-113,2026-07-11 20:00:00,3.66,2.76,24.48,90.0
SC-113,2026-07-11 20:30:00,3.46,2.49,27.94,90.0
SC-113,2026-07-11 21:00:00,2.81,2.05,27.23,90.0
SC-113,2026-07-11 21:30:00,2.96,2.02,31.8,90.0
SC-113,2026-07-12 08:00:00,28.62,22.54,21.24,90.0
SC-113,2026-07-12 08:30:00,48.55,32.34,33.4,90.0
SC-113,2026-07-12 09:00:00,66.02,43.46,34.16,90.0
SC-113,2026-07-12 09:30:00,64.86,47.68,26.48,90.0
SC-113,2026-07-12 10:00:00,77.95,56.53,27.47,90.0
SC-113,2026-07-12 10:30:00,73.67,57.07,22.54,90.0
SC-113,2026-07-12 11:00:00,82.14,60.56,26.27,90.0
SC-113,2026-07-12 11:30:00,76.38,54.58,28.54,90.0
SC-113,2026-07-12 12:00:00,92.41,60.12,34.94,90.0
SC-113,2026-07-12 12:30:00,74.28,51.2,31.07,90.0
SC-113,2026-07-12 13:00:00,66.7,49.02,26.51,90.0
SC-113,2026-07-12 13:30:00,69.73,48.24,30.82,90.0
SC-113,2026-07-12 14:00:00,67.63,46.41,31.39,90.0
SC-113,2026-07-12 14:30:00,67.65,45.45,32.82,90.0
SC-113,2026-07-12 15:00:00,54.49,40.8,25.12,90.0
SC-113,2026-07-12 15:30:00,55.69,38.57,30.74,90.0
SC-113,2026-07-12 16:00:00,42.14,32.13,23.75,90.0
SC-113,2026-07-12 16:30:00,41.31,30.62,25.89,90.0
SC-113,2026-07-12 17:00:00,35.21,25.24,28.32,90.0
SC-113,2026-07-12 17:30:00,37.66,25.6,32.04,90.0
SC-113,2026-07-12 18:00:00,31.62,20.81,34.2,90.0
SC-113,2026-07-12 18:30:00,21.56,16.37,24.08,90.0
SC-113,2026-07-12 19:00:00,17.49,12.7,27.37,90.0
SC-113,2026-07-12 19:30:00,14.72,11.5,21.83,90.0
SC-113,2026-07-12 20:00:00,11.19,7.82,30.08,90.0
SC-113,2026-07-12 20:30:00,8.84,6.36,28.06,90.0
SC-113,2026-07-12 21:00:00,6.08,4.19,31.12,90.0
SC-113,2026-07-12 21:30:00,4.31,3.03,29.6,90.0
SC-113,2026-07-13 08:00:00,27.46,20.02,27.09,90.0
SC-113,2026-07-13 08:30:00,48.2,34.86,27.69,90.0
SC-113,2026-07-13 09:00:00,56.12,39.12,30.29,90.0
SC-113,2026-07-13 09:30:00,69.59,48.06,30.94,90.0
SC-113,2026-07-13 10:00:00,69.67,51.96,25.42,90.0
SC-113,2026-07-13 10:30:00,86.26,61.72,28.45,90.0
SC-113,2026-07-13 11:00:00,83.65,59.44,28.95,90.0
SC-113,2026-07-13 11:30:00,84.51,58.83,30.39,90.0
SC-113,2026-07-13 12:00:00,78.58,55.43,29.45,90.0
SC-113,2026-07-13 12:30:00,83.5,59.75,28.44,90.0
SC-113,2026-07-13 13:00:00,69.39,48.4,30.25,90.0
SC-113,2026-07-13 13:30:00,59.37,41.54,30.02,90.0
SC-113,2026-07-13 14:00:00,59.77,41.88,29.93,90.0
SC-113,2026-07-13 14:30:00,60.33,40.18,33.4,90.0
SC-113,2026-07-13 15:00:00,59.85,42.12,29.63,90.0
SC-113,2026-07-13 15:30:00,42.88,33.14,22.71,90.0
SC-113,2026-07-13 16:00:00,56.24,36.7,34.74,90.0
SC-113,2026-07-13 16:30:00,41.63,29.69,28.68,90.0
SC-113,2026-07-13 17:00:00,41.44,29.84,27.99,90.0
SC-113,2026-07-13 17:30:00,29.6,22.73,23.21,90.0
SC-113,2026-07-13 18:00:00,27.62,19.61,28.99,90.0
SC-113,2026-07-13 18:30:00,21.43,15.82,26.18,90.0
SC-113,2026-07-13 19:00:00,20.78,14.24,31.45,90.0
SC-113,2026-07-13 19:30:00,16.15,11.15,30.95,90.0
SC-113,2026-07-13 20:00:00,10.0,7.74,22.65,90.0
SC-113,2026-07-13 20:30:00,7.04,5.46,22.55,90.0
SC-113,2026-07-13 21:00:00,6.6,4.42,33.04,90.0
SC-113,2026-07-13 21:30:00,4.56,3.16,30.77,90.0
SC-113,2026-07-14 08:00:00,29.56,20.12,31.93,90.0
SC-113,2026-07-14 08:30:00,46.95,31.28,33.37,90.0
SC-113,2026-07-14 09:00:00,52.7,40.34,23.45,90.0
SC-113,2026-07-14 09:30:00,63.93,43.86,31.39,90.0
SC-113,2026-07-14 10:00:00,61.68,43.24,29.89,90.0
SC-113,2026-07-14 10:30:00,74.59,51.43,31.04,90.0
SC-113,2026-07-14 11:00:00,75.8,52.6,30.6,90.0
SC-113,2026-07-14 11:30:00,72.4,50.3,30.52,90.0
SC-113,2026-07-14 12:00:00,62.16,44.05,29.14,90.0
SC-113,2026-07-14 12:30:00,72.9,49.84,31.63,90.0
SC-113,2026-07-14 13:00:00,67.34,49.23,26.91,90.0
SC-113,2026-07-14 13:30:00,61.58,44.33,28.02,90.0
SC-113,2026-07-14 14:00:00,56.07,41.33,26.28,90.0
SC-113,2026-07-14 14:30:00,61.62,41.57,32.55,90.0
SC-113,2026-07-14 15:00:00,50.41,37.5,25.61,90.0
SC-113,2026-07-14 15:30:00,53.5,36.97,30.9,90.0
SC-113,2026-07-14 16:00:00,38.59,28.71,25.6,90.0
SC-113,2026-07-14 16:30:00,43.71,31.8,27.24,90.0
SC-113,2026-07-14 17:00:00,32.37,25.19,22.2,90.0
SC-113,2026-07-14 17:30:00,30.61,21.87,28.57,90.0
SC-113,2026-07-14 18:00:00,26.44,18.32,30.74,90.0
SC-113,2026-07-14 18:30:00,23.36,15.79,32.4,90.0
SC-113,2026-07-14 19:00:00,15.53,11.17,28.07,90.0
SC-113,2026-07-14 19:30:00,14.56,10.02,31.14,90.0
SC-113,2026-07-14 20:00:00,10.86,7.81,28.14,90.0
SC-113,2026-07-14 20:30:00,8.04,5.41,32.66,90.0
SC-113,2026-07-14 21:00:00,5.63,4.15,26.3,90.0
SC-113,2026-07-14 21:30:00,4.6,3.19,30.73,90.0
SC-113,2026-07-15 08:00:00,30.79,22.47,27.04,90.0
SC-113,2026-07-15 08:30:00,42.12,32.43,23.01,90.0
SC-113,2026-07-15 09:00:00,55.3,38.43,30.51,90.0
SC-113,2026-07-15 09:30:00,70.97,50.71,28.55,90.0
SC-113,2026-07-15 10:00:00,64.63,48.69,24.66,90.0
SC-113,2026-07-15 10:30:00,86.75,61.59,28.99,90.0
SC-113,2026-07-15 11:00:00,78.22,57.85,26.05,90.0
SC-113,2026-07-15 11:30:00,81.21,51.44,36.65,90.0
SC-113,2026-07-15 12:00:00,64.75,51.84,19.94,90.0
SC-113,2026-07-15 12:30:00,65.91,50.17,23.88,90.0
SC-113,2026-07-15 13:00:00,80.52,53.68,33.33,90.0
SC-113,2026-07-15 13:30:00,67.45,48.12,28.65,90.0
SC-113,2026-07-15 14:00:00,69.32,47.28,31.79,90.0
SC-113,2026-07-15 14:30:00,48.08,35.19,26.82,90.0
SC-113,2026-07-15 15:00:00,51.42,37.22,27.62,90.0
SC-113,2026-07-15 15:30:00,50.29,38.35,23.75,90.0
SC-113,2026-07-15 16:00:00,43.34,32.09,25.97,90.0
SC-113,2026-07-15 16:30:00,46.96,28.03,40.32,90.0
SC-113,2026-07-15 17:00:00,35.18,27.02,23.19,90.0
SC-113,2026-07-15 17:30:00,31.61,22.37,29.23,90.0
SC-113,2026-07-15 18:00:00,27.42,19.63,28.4,90.0
SC-113,2026-07-15 18:30:00,21.19,16.09,24.07,90.0
SC-113,2026-07-15 19:00:00,18.37,13.51,26.48,90.0
SC-113,2026-07-15 19:30:00,13.46,9.97,25.93,90.0
SC-113,2026-07-15 20:00:00,10.73,8.15,24.0,90.0
SC-113,2026-07-15 20:30:00,7.26,5.21,28.22,90.0
SC-113,2026-07-15 21:00:00,6.06,4.13,31.84,90.0
SC-113,2026-07-15 21:30:00,4.81,3.5,27.2,90.0
SC-113,2026-07-16 08:00:00,26.7,18.92,29.14,90.0
SC-113,2026-07-16 08:30:00,43.17,29.18,32.42,90.0
SC-113,2026-07-16 09:00:00,46.72,34.41,26.36,90.0
SC-113,2026-07-16 09:30:00,69.96,45.63,34.78,90.0
SC-113,2026-07-16 10:00:00,72.33,50.01,30.86,90.0
SC-113,2026-07-16 10:30:00,65.86,46.3,29.69,90.0
SC-113,2026-07-16 11:00:00,76.4,54.06,29.25,90.0
SC-113,2026-07-16 11:30:00,83.56,53.88,35.52,90.0
SC-113,2026-07-16 12:00:00,64.23,44.7,30.4,90.0
SC-113,2026-07-16 12:30:00,62.03,46.94,24.32,90.0
SC-113,2026-07-16 13:00:00,63.76,46.76,26.66,90.0
SC-113,2026-07-16 13:30:00,57.29,40.94,28.53,90.0
SC-113,2026-07-16 14:00:00,60.54,41.57,31.33,90.0
SC-113,2026-07-16 14:30:00,46.89,34.32,26.81,90.0
SC-113,2026-07-16 15:00:00,50.21,38.47,23.38,90.0
SC-113,2026-07-16 15:30:00,47.25,33.2,29.74,90.0
SC-113,2026-07-16 16:00:00,43.59,32.32,25.87,90.0
SC-113,2026-07-16 16:30:00,41.22,27.78,32.62,90.0
SC-113,2026-07-16 17:00:00,34.67,25.82,25.53,90.0
SC-113,2026-07-16 17:30:00,31.15,22.87,26.6,90.0
SC-113,2026-07-16 18:00:00,26.66,19.67,26.21,90.0
SC-113,2026-07-16 18:30:00,20.21,14.77,26.94,90.0
SC-113,2026-07-16 19:00:00,19.09,13.62,28.66,90.0
SC-113,2026-07-16 19:30:00,12.92,9.61,25.63,90.0
SC-113,2026-07-16 20:00:00,9.9,7.17,27.58,90.0
SC-113,2026-07-16 20:30:00,8.27,5.85,29.32,90.0
SC-113,2026-07-16 21:00:00,5.36,3.76,29.88,90.0
SC-113,2026-07-16 21:30:00,4.39,3.12,28.84,90.0
SC-113,2026-07-17 08:00:00,13.26,10.07,24.06,90.0
SC-113,2026-07-17 08:30:00,22.05,16.08,27.08,90.0
SC-113,2026-07-17 09:00:00,22.78,17.19,24.54,90.0
SC-113,2026-07-17 09:30:00,29.95,21.29,28.93,90.0
SC-113,2026-07-17 10:00:00,32.38,25.1,22.48,90.0
SC-113,2026-07-17 10:30:00,38.15,25.9,32.13,90.0
SC-113,2026-07-17 11:00:00,39.52,28.61,27.62,90.0
SC-113,2026-07-17 11:30:00,37.69,27.92,25.93,90.0
SC-113,2026-07-17 12:00:00,40.0,27.32,31.69,90.0
SC-113,2026-07-17 12:30:00,30.7,23.12,24.71,90.0
SC-113,2026-07-17 13:00:00,27.11,19.96,26.38,90.0
SC-113,2026-07-17 13:30:00,31.2,22.58,27.65,90.0
SC-113,2026-07-17 14:00:00,28.07,22.27,20.65,90.0
SC-113,2026-07-17 14:30:00,26.87,18.73,30.3,90.0
SC-113,2026-07-17 15:00:00,23.35,18.61,20.29,90.0
SC-113,2026-07-17 15:30:00,26.62,18.38,30.93,90.0
SC-113,2026-07-17 16:00:00,23.15,17.12,26.05,90.0
SC-113,2026-07-17 16:30:00,21.05,15.28,27.44,90.0
SC-113,2026-07-17 17:00:00,16.76,12.24,26.98,90.0
SC-113,2026-07-17 17:30:00,15.95,11.62,27.14,90.0
SC-113,2026-07-17 18:00:00,13.33,10.37,22.16,90.0
SC-113,2026-07-17 18:30:00,10.22,7.55,26.14,90.0
SC-113,2026-07-17 19:00:00,8.46,6.46,23.73,90.0
SC-113,2026-07-17 19:30:00,7.12,5.2,26.91,90.0
SC-113,2026-07-17 20:00:00,5.62,4.22,24.9,90.0
SC-113,2026-07-17 20:30:00,4.05,2.93,27.64,90.0
SC-113,2026-07-17 21:00:00,2.8,2.1,25.1,90.0
SC-113,2026-07-17 21:30:00,2.88,1.93,33.13,90.0
SC-113,2026-07-18 08:00:00,10.32,6.99,32.26,90.0
SC-113,2026-07-18 08:30:00,18.91,11.66,38.33,90.0
SC-113,2026-07-18 09:00:00,19.17,14.01,26.93,90.0
SC-113,2026-07-18 09:30:00,21.18,15.46,27.03,90.0
SC-113,2026-07-18 10:00:00,22.67,16.61,26.76,90.0
SC-113,2026-07-18 10:30:00,27.41,18.21,33.57,90.0
SC-113,2026-07-18 11:00:00,23.1,17.98,22.16,90.0
SC-113,2026-07-18 11:30:00,25.29,16.93,33.04,90.0
SC-113,2026-07-18 12:00:00,27.09,19.72,27.21,90.0
SC-113,2026-07-18 12:30:00,23.68,16.71,29.43,90.0
SC-113,2026-07-18 13:00:00,22.3,16.15,27.58,90.0
SC-113,2026-07-18 13:30:00,24.81,16.51,33.48,90.0
SC-113,2026-07-18 14:00:00,21.0,15.33,27.01,90.0
SC-113,2026-07-18 14:30:00,17.0,13.57,20.16,90.0
SC-113,2026-07-18 15:00:00,17.54,12.17,30.63,90.0
SC-113,2026-07-18 15:30:00,15.55,11.27,27.54,90.0
SC-113,2026-07-18 16:00:00,16.26,11.71,27.98,90.0
SC-113,2026-07-18 16:30:00,15.92,10.97,31.1,90.0
SC-113,2026-07-18 17:00:00,13.28,9.54,28.2,90.0
SC-113,2026-07-18 17:30:00,11.86,8.28,30.15,90.0
SC-113,2026-07-18 18:00:00,9.76,6.74,30.88,90.0
SC-113,2026-07-18 18:30:00,8.97,6.51,27.46,90.0
SC-113,2026-07-18 19:00:00,7.41,5.26,28.98,90.0
SC-113,2026-07-18 19:30:00,5.87,4.43,24.47,90.0
SC-113,2026-07-18 20:00:00,4.46,3.21,28.15,90.0
SC-113,2026-07-18 20:30:00,3.72,2.55,31.35,90.0
SC-113,2026-07-18 21:00:00,2.96,2.07,30.26,90.0
SC-113,2026-07-18 21:30:00,2.96,2.03,31.45,90.0
SC-113,2026-07-19 08:00:00,25.48,19.93,21.76,90.0
SC-113,2026-07-19 08:30:00,44.59,32.96,26.09,90.0
SC-113,2026-07-19 09:00:00,56.53,41.92,25.85,90.0
SC-113,2026-07-19 09:30:00,52.88,38.76,26.7,90.0
SC-113,2026-07-19 10:00:00,65.51,47.79,27.05,90.0
SC-113,2026-07-19 10:30:00,73.04,56.75,22.3,90.0
SC-113,2026-07-19 11:00:00,71.04,52.42,26.21,90.0
SC-113,2026-07-19 11:30:00,80.19,59.32,26.03,90.0
SC-113,2026-07-19 12:00:00,73.18,56.06,23.4,90.0
SC-113,2026-07-19 12:30:00,68.26,51.4,24.69,90.0
SC-113,2026-07-19 13:00:00,70.47,52.53,25.45,90.0
SC-113,2026-07-19 13:30:00,52.36,40.0,23.6,90.0
SC-113,2026-07-19 14:00:00,65.06,43.42,33.25,90.0
SC-113,2026-07-19 14:30:00,57.42,38.29,33.32,90.0
SC-113,2026-07-19 15:00:00,43.97,33.17,24.57,90.0
SC-113,2026-07-19 15:30:00,39.92,29.78,25.4,90.0
SC-113,2026-07-19 16:00:00,45.37,32.8,27.7,90.0
SC-113,2026-07-19 16:30:00,44.37,29.37,33.81,90.0
SC-113,2026-07-19 17:00:00,34.66,25.23,27.22,90.0
SC-113,2026-07-19 17:30:00,28.41,21.18,25.43,90.0
SC-113,2026-07-19 18:00:00,31.29,21.07,32.65,90.0
SC-113,2026-07-19 18:30:00,21.76,15.23,30.0,90.0
SC-113,2026-07-19 19:00:00,16.99,12.43,26.83,90.0
SC-113,2026-07-19 19:30:00,14.26,10.19,28.54,90.0
SC-113,2026-07-19 20:00:00,10.77,7.79,27.65,90.0
SC-113,2026-07-19 20:30:00,8.21,6.13,25.3,90.0
SC-113,2026-07-19 21:00:00,6.28,4.19,33.38,90.0
SC-113,2026-07-19 21:30:00,4.42,3.24,26.77,90.0
SC-113,2026-07-20 08:00:00,33.37,23.08,30.85,90.0
SC-113,2026-07-20 08:30:00,49.52,35.72,27.87,90.0
SC-113,2026-07-20 09:00:00,57.48,38.96,32.22,90.0
SC-113,2026-07-20 09:30:00,60.19,43.59,27.58,90.0
SC-113,2026-07-20 10:00:00,68.92,52.48,23.85,90.0
SC-113,2026-07-20 10:30:00,76.8,57.92,24.58,90.0
SC-113,2026-07-20 11:00:00,74.99,55.75,25.66,90.0
SC-113,2026-07-20 11:30:00,71.23,50.13,29.62,90.0
SC-113,2026-07-20 12:00:00,74.84,55.65,25.63,90.0
SC-113,2026-07-20 12:30:00,74.68,53.98,27.72,90.0
SC-113,2026-07-20 13:00:00,59.79,42.93,28.2,90.0
SC-113,2026-07-20 13:30:00,67.86,47.82,29.53,90.0
SC-113,2026-07-20 14:00:00,62.27,45.57,26.82,90.0
SC-113,2026-07-20 14:30:00,58.42,43.41,25.69,90.0
SC-113,2026-07-20 15:00:00,57.44,40.26,29.92,90.0
SC-113,2026-07-20 15:30:00,50.64,38.4,24.17,90.0
SC-113,2026-07-20 16:00:00,47.88,31.88,33.41,90.0
SC-113,2026-07-20 16:30:00,47.32,35.21,25.59,90.0
SC-113,2026-07-20 17:00:00,41.0,27.71,32.42,90.0
SC-113,2026-07-20 17:30:00,34.59,26.37,23.76,90.0
SC-113,2026-07-20 18:00:00,27.11,20.81,23.24,90.0
SC-113,2026-07-20 18:30:00,23.02,15.74,31.61,90.0
SC-113,2026-07-20 19:00:00,18.54,12.37,33.25,90.0
SC-113,2026-07-20 19:30:00,13.32,10.05,24.56,90.0
SC-113,2026-07-20 20:00:00,11.4,7.91,30.59,90.0
SC-113,2026-07-20 20:30:00,8.84,6.46,26.95,90.0
SC-113,2026-07-20 21:00:00,6.81,4.68,31.18,90.0
SC-113,2026-07-20 21:30:00,4.62,3.26,29.54,90.0
SC-113,2026-07-21 08:00:00,23.71,17.14,27.72,90.0
SC-113,2026-07-21 08:30:00,36.39,25.65,29.51,90.0
SC-113,2026-07-21 09:00:00,43.13,33.87,21.47,90.0
SC-113,2026-07-21 09:30:00,62.53,39.45,36.91,90.0
SC-113,2026-07-21 10:00:00,65.59,44.43,32.26,90.0
SC-113,2026-07-21 10:30:00,59.67,42.83,28.22,90.0
SC-113,2026-07-21 11:00:00,65.01,48.34,25.65,90.0
SC-113,2026-07-21 11:30:00,68.4,51.44,24.79,90.0
SC-113,2026-07-21 12:00:00,65.99,45.42,31.16,90.0
SC-113,2026-07-21 12:30:00,60.86,42.0,30.99,90.0
SC-113,2026-07-21 13:00:00,57.75,40.32,30.18,90.0
SC-113,2026-07-21 13:30:00,59.27,43.81,26.07,90.0
SC-113,2026-07-21 14:00:00,48.4,36.4,24.78,90.0
SC-113,2026-07-21 14:30:00,54.23,38.25,29.47,90.0
SC-113,2026-07-21 15:00:00,41.44,31.32,24.42,90.0
SC-113,2026-07-21 15:30:00,37.49,27.28,27.24,90.0
SC-113,2026-07-21 16:00:00,42.07,29.06,30.91,90.0
SC-113,2026-07-21 16:30:00,34.23,24.17,29.39,90.0
SC-113,2026-07-21 17:00:00,34.13,24.89,27.08,90.0
SC-113,2026-07-21 17:30:00,30.98,22.15,28.53,90.0
SC-113,2026-07-21 18:00:00,28.6,19.5,31.83,90.0
SC-113,2026-07-21 18:30:00,20.75,15.35,26.03,90.0
SC-113,2026-07-21 19:00:00,15.56,10.99,29.36,90.0
SC-113,2026-07-21 19:30:00,13.22,9.7,26.64,90.0
SC-113,2026-07-21 20:00:00,8.56,5.72,33.14,90.0
SC-113,2026-07-21 20:30:00,7.8,5.29,32.18,90.0
SC-113,2026-07-21 21:00:00,5.89,3.95,33.01,90.0
SC-113,2026-07-21 21:30:00,3.89,2.75,29.32,90.0
SC-113,2026-07-22 08:00:00,25.84,20.1,22.22,90.0
SC-113,2026-07-22 08:30:00,52.57,34.26,34.83,90.0
SC-113,2026-07-22 09:00:00,57.74,38.95,32.55,90.0
SC-113,2026-07-22 09:30:00,61.31,42.82,30.16,90.0
SC-113,2026-07-22 10:00:00,72.22,51.83,28.24,90.0
SC-113,2026-07-22 10:30:00,82.28,55.86,32.11,90.0
SC-113,2026-07-22 11:00:00,79.98,54.69,31.62,90.0
SC-113,2026-07-22 11:30:00,79.4,54.77,31.01,90.0
SC-113,2026-07-22 12:00:00,56.77,43.9,22.67,90.0
SC-113,2026-07-22 12:30:00,66.73,50.35,24.54,90.0
SC-113,2026-07-22 13:00:00,73.41,47.26,35.62,90.0
SC-113,2026-07-22 13:30:00,54.71,41.29,24.53,90.0
SC-113,2026-07-22 14:00:00,60.7,42.79,29.5,90.0
SC-113,2026-07-22 14:30:00,54.66,38.43,29.7,90.0
SC-113,2026-07-22 15:00:00,51.95,38.92,25.09,90.0
SC-113,2026-07-22 15:30:00,44.86,30.54,31.93,90.0
SC-113,2026-07-22 16:00:00,47.2,32.47,31.21,90.0
SC-113,2026-07-22 16:30:00,47.4,34.25,27.74,90.0
SC-113,2026-07-22 17:00:00,31.81,25.35,20.32,90.0
SC-113,2026-07-22 17:30:00,38.17,24.04,37.01,90.0
SC-113,2026-07-22 18:00:00,25.21,18.25,27.61,90.0
SC-113,2026-07-22 18:30:00,23.65,16.01,32.32,90.0
SC-113,2026-07-22 19:00:00,15.97,12.08,24.36,90.0
SC-113,2026-07-22 19:30:00,14.39,10.33,28.24,90.0
SC-113,2026-07-22 20:00:00,9.76,7.04,27.94,90.0
SC-113,2026-07-22 20:30:00,8.09,5.63,30.32,90.0
SC-113,2026-07-22 21:00:00,5.88,4.52,23.11,90.0
SC-113,2026-07-22 21:30:00,4.56,3.13,31.37,90.0
SC-113,2026-07-23 08:00:00,26.95,17.97,33.3,90.0
SC-113,2026-07-23 08:30:00,37.34,29.09,22.08,90.0
SC-113,2026-07-23 09:00:00,50.13,36.33,27.53,90.0
SC-113,2026-07-23 09:30:00,49.28,37.11,24.69,90.0
SC-113,2026-07-23 10:00:00,59.6,46.64,21.75,90.0
SC-113,2026-07-23 10:30:00,72.08,49.81,30.9,90.0
SC-113,2026-07-23 11:00:00,60.1,44.37,26.18,90.0
SC-113,2026-07-23 11:30:00,65.25,46.01,29.49,90.0
SC-113,2026-07-23 12:00:00,67.97,47.63,29.92,90.0
SC-113,2026-07-23 12:30:00,56.39,41.13,27.06,90.0
SC-113,2026-07-23 13:00:00,49.75,35.95,27.75,90.0
SC-113,2026-07-23 13:30:00,51.87,39.33,24.17,90.0
SC-113,2026-07-23 14:00:00,55.67,38.09,31.58,90.0
SC-113,2026-07-23 14:30:00,49.08,34.91,28.85,90.0
SC-113,2026-07-23 15:00:00,40.96,29.58,27.77,90.0
SC-113,2026-07-23 15:30:00,42.05,30.11,28.41,90.0
SC-113,2026-07-23 16:00:00,31.46,23.85,24.19,90.0
SC-113,2026-07-23 16:30:00,32.91,25.5,22.53,90.0
SC-113,2026-07-23 17:00:00,32.55,22.74,30.15,90.0
SC-113,2026-07-23 17:30:00,27.94,19.75,29.33,90.0
SC-113,2026-07-23 18:00:00,21.52,16.21,24.7,90.0
SC-113,2026-07-23 18:30:00,17.42,13.21,24.19,90.0
SC-113,2026-07-23 19:00:00,15.51,11.46,26.12,90.0
SC-113,2026-07-23 19:30:00,10.44,8.27,20.8,90.0
SC-113,2026-07-23 20:00:00,9.25,6.69,27.71,90.0
SC-113,2026-07-23 20:30:00,6.34,4.89,22.85,90.0
SC-113,2026-07-23 21:00:00,5.19,3.79,26.88,90.0
SC-113,2026-07-23 21:30:00,3.41,2.48,27.36,90.0
SC-113,2026-07-24 08:00:00,13.62,10.01,26.53,90.0
SC-113,2026-07-24 08:30:00,19.04,14.89,21.78,90.0
SC-113,2026-07-24 09:00:00,23.91,17.0,28.91,90.0
SC-113,2026-07-24 09:30:00,26.51,19.5,26.44,90.0
SC-113,2026-07-24 10:00:00,32.19,22.6,29.82,90.0
SC-113,2026-07-24 10:30:00,31.75,23.79,25.09,90.0
SC-113,2026-07-24 11:00:00,34.3,25.51,25.62,90.0
SC-113,2026-07-24 11:30:00,36.54,23.74,35.03,90.0
SC-113,2026-07-24 12:00:00,34.65,24.66,28.85,90.0
SC-113,2026-07-24 12:30:00,35.26,24.57,30.32,90.0
SC-113,2026-07-24 13:00:00,32.39,22.4,30.82,90.0
SC-113,2026-07-24 13:30:00,28.21,19.7,30.16,90.0
SC-113,2026-07-24 14:00:00,24.99,17.43,30.25,90.0
SC-113,2026-07-24 14:30:00,25.93,18.34,29.27,90.0
SC-113,2026-07-24 15:00:00,21.18,16.68,21.24,90.0
SC-113,2026-07-24 15:30:00,20.45,16.53,19.18,90.0
SC-113,2026-07-24 16:00:00,19.58,13.86,29.19,90.0
SC-113,2026-07-24 16:30:00,16.38,13.02,20.51,90.0
SC-113,2026-07-24 17:00:00,19.34,13.21,31.7,90.0
SC-113,2026-07-24 17:30:00,16.84,11.91,29.27,90.0
SC-113,2026-07-24 18:00:00,13.27,9.13,31.14,90.0
SC-113,2026-07-24 18:30:00,10.87,7.64,29.7,90.0
SC-113,2026-07-24 19:00:00,8.26,5.72,30.7,90.0
SC-113,2026-07-24 19:30:00,5.96,4.27,28.33,90.0
SC-113,2026-07-24 20:00:00,4.81,3.58,25.58,90.0
SC-113,2026-07-24 20:30:00,4.31,3.03,29.67,90.0
SC-113,2026-07-24 21:00:00,2.62,2.04,21.91,90.0
SC-113,2026-07-24 21:30:00,2.61,1.95,25.37,90.0
SC-113,2026-07-25 08:00:00,9.11,6.81,25.18,90.0
SC-113,2026-07-25 08:30:00,13.5,10.59,21.54,90.0
SC-113,2026-07-25 09:00:00,17.81,12.88,27.73,90.0
SC-113,2026-07-25 09:30:00,20.69,14.55,29.67,90.0
SC-113,2026-07-25 10:00:00,25.58,17.95,29.84,90.0
SC-113,2026-07-25 10:30:00,24.67,16.52,33.04,90.0
SC-113,2026-07-25 11:00:00,23.85,16.03,32.78,90.0
SC-113,2026-07-25 11:30:00,25.98,19.46,25.1,90.0
SC-113,2026-07-25 12:00:00,22.98,15.86,30.97,90.0
SC-113,2026-07-25 12:30:00,21.84,15.38,29.59,90.0
SC-113,2026-07-25 13:00:00,22.74,15.28,32.78,90.0
SC-113,2026-07-25 13:30:00,21.42,14.3,33.21,90.0
SC-113,2026-07-25 14:00:00,20.3,14.6,28.06,90.0
SC-113,2026-07-25 14:30:00,16.94,12.34,27.15,90.0
SC-113,2026-07-25 15:00:00,17.7,12.67,28.41,90.0
SC-113,2026-07-25 15:30:00,16.25,11.62,28.45,90.0
SC-113,2026-07-25 16:00:00,16.44,11.7,28.87,90.0
SC-113,2026-07-25 16:30:00,13.26,10.14,23.52,90.0
SC-113,2026-07-25 17:00:00,11.16,8.06,27.79,90.0
SC-113,2026-07-25 17:30:00,11.5,7.97,30.63,90.0
SC-113,2026-07-25 18:00:00,9.13,6.81,25.38,90.0
SC-113,2026-07-25 18:30:00,8.33,6.01,27.9,90.0
SC-113,2026-07-25 19:00:00,6.78,4.89,27.93,90.0
SC-113,2026-07-25 19:30:00,4.82,3.59,25.48,90.0
SC-113,2026-07-25 20:00:00,4.53,3.14,30.75,90.0
SC-113,2026-07-25 20:30:00,3.25,2.33,28.21,90.0
SC-113,2026-07-25 21:00:00,2.64,2.04,22.88,90.0
SC-113,2026-07-25 21:30:00,2.54,2.04,19.83,90.0
SC-113,2026-07-26 08:00:00,26.5,19.7,25.65,90.0
SC-113,2026-07-26 08:30:00,50.28,33.98,32.41,90.0
SC-113,2026-07-26 09:00:00,57.93,39.01,32.67,90.0
SC-113,2026-07-26 09:30:00,54.57,41.3,24.32,90.0
SC-113,2026-07-26 10:00:00,73.13,51.49,29.59,90.0
SC-113,2026-07-26 10:30:00,81.0,61.71,23.81,90.0
SC-113,2026-07-26 11:00:00,75.54,55.62,26.37,90.0
SC-113,2026-07-26 11:30:00,75.02,57.47,23.4,90.0
SC-113,2026-07-26 12:00:00,87.0,61.6,29.19,90.0
SC-113,2026-07-26 12:30:00,67.59,50.07,25.93,90.0
SC-113,2026-07-26 13:00:00,60.18,44.08,26.75,90.0
SC-113,2026-07-26 13:30:00,59.54,43.17,27.48,90.0
SC-113,2026-07-26 14:00:00,63.06,45.65,27.6,90.0
SC-113,2026-07-26 14:30:00,55.26,43.48,21.31,90.0
SC-113,2026-07-26 15:00:00,60.5,42.61,29.57,90.0
SC-113,2026-07-26 15:30:00,51.53,35.15,31.79,90.0
SC-113,2026-07-26 16:00:00,50.4,36.84,26.91,90.0
SC-113,2026-07-26 16:30:00,39.6,28.77,27.34,90.0
SC-113,2026-07-26 17:00:00,37.7,28.36,24.77,90.0
SC-113,2026-07-26 17:30:00,31.94,23.93,25.07,90.0
SC-113,2026-07-26 18:00:00,27.1,19.42,28.34,90.0
SC-113,2026-07-26 18:30:00,24.39,18.51,24.11,90.0
SC-113,2026-07-26 19:00:00,20.27,14.17,30.08,90.0
SC-113,2026-07-26 19:30:00,14.1,10.51,25.44,90.0
SC-113,2026-07-26 20:00:00,12.14,8.63,28.91,90.0
SC-113,2026-07-26 20:30:00,8.35,6.11,26.87,90.0
SC-113,2026-07-26 21:00:00,6.23,4.6,26.25,90.0
SC-113,2026-07-26 21:30:00,4.52,3.33,26.26,90.0
SC-113,2026-07-27 08:00:00,29.19,19.89,31.86,90.0
SC-113,2026-07-27 08:30:00,41.93,31.6,24.64,90.0
SC-113,2026-07-27 09:00:00,50.59,39.59,21.74,90.0
SC-113,2026-07-27 09:30:00,58.85,44.73,24.0,90.0
SC-113,2026-07-27 10:00:00,78.81,51.77,34.31,90.0
SC-113,2026-07-27 10:30:00,67.79,51.17,24.52,90.0
SC-113,2026-07-27 11:00:00,73.35,55.21,24.73,90.0
SC-113,2026-07-27 11:30:00,76.3,55.49,27.27,90.0
SC-113,2026-07-27 12:00:00,82.92,61.95,25.29,90.0
SC-113,2026-07-27 12:30:00,77.89,52.56,32.52,90.0
SC-113,2026-07-27 13:00:00,62.49,47.23,24.42,90.0
SC-113,2026-07-27 13:30:00,68.52,49.25,28.12,90.0
SC-113,2026-07-27 14:00:00,57.39,41.8,27.16,90.0
SC-113,2026-07-27 14:30:00,58.51,42.26,27.77,90.0
SC-113,2026-07-27 15:00:00,57.4,40.66,29.17,90.0
SC-113,2026-07-27 15:30:00,47.49,34.71,26.9,90.0
SC-113,2026-07-27 16:00:00,47.55,32.8,31.02,90.0
SC-113,2026-07-27 16:30:00,43.07,32.39,24.8,90.0
SC-113,2026-07-27 17:00:00,40.67,30.35,25.37,90.0
SC-113,2026-07-27 17:30:00,32.88,23.95,27.16,90.0
SC-113,2026-07-27 18:00:00,29.94,20.39,31.9,90.0
SC-113,2026-07-27 18:30:00,23.43,16.21,30.79,90.0
SC-113,2026-07-27 19:00:00,17.65,12.23,30.7,90.0
SC-113,2026-07-27 19:30:00,15.97,10.43,34.71,90.0
SC-113,2026-07-27 20:00:00,10.99,8.08,26.51,90.0
SC-113,2026-07-27 20:30:00,9.28,6.43,30.68,90.0
SC-113,2026-07-27 21:00:00,6.14,4.66,24.13,90.0
SC-113,2026-07-27 21:30:00,4.33,3.19,26.28,90.0
SC-114,2026-06-30 08:00:00,21.4,14.54,32.08,60.0
SC-114,2026-06-30 08:30:00,34.65,23.71,31.56,60.0
SC-114,2026-06-30 09:00:00,40.66,28.49,29.93,60.0
SC-114,2026-06-30 09:30:00,44.55,33.32,25.2,60.0
SC-114,2026-06-30 10:00:00,51.9,37.35,28.03,60.0
SC-114,2026-06-30 10:30:00,53.32,39.14,26.6,60.0
SC-114,2026-06-30 11:00:00,62.12,39.27,36.78,60.0
SC-114,2026-06-30 11:30:00,60.17,43.97,26.93,60.0
SC-114,2026-06-30 12:00:00,54.89,43.37,20.99,60.0
SC-114,2026-06-30 12:30:00,53.18,37.51,29.47,60.0
SC-114,2026-06-30 13:00:00,50.39,37.19,26.2,60.0
SC-114,2026-06-30 13:30:00,48.83,33.79,30.8,60.0
SC-114,2026-06-30 14:00:00,45.91,31.18,32.09,60.0
SC-114,2026-06-30 14:30:00,39.12,28.06,28.29,60.0
SC-114,2026-06-30 15:00:00,40.78,28.68,29.67,60.0
SC-114,2026-06-30 15:30:00,33.5,25.0,25.38,60.0
SC-114,2026-06-30 16:00:00,41.34,29.58,28.45,60.0
SC-114,2026-06-30 16:30:00,29.25,21.69,25.86,60.0
SC-114,2026-06-30 17:00:00,23.6,17.43,26.13,60.0
SC-114,2026-06-30 17:30:00,27.66,19.12,30.86,60.0
SC-114,2026-06-30 18:00:00,21.57,15.68,27.34,60.0
SC-114,2026-06-30 18:30:00,16.19,11.08,31.57,60.0
SC-114,2026-06-30 19:00:00,11.19,8.07,27.95,60.0
SC-114,2026-06-30 19:30:00,9.52,7.34,22.85,60.0
SC-114,2026-07-01 08:00:00,20.17,13.96,30.81,60.0
SC-114,2026-07-01 08:30:00,28.41,20.1,29.25,60.0
SC-114,2026-07-01 09:00:00,36.81,27.44,25.46,60.0
SC-114,2026-07-01 09:30:00,57.1,38.91,31.85,60.0
SC-114,2026-07-01 10:00:00,50.07,34.91,30.29,60.0
SC-114,2026-07-01 10:30:00,60.29,40.16,33.39,60.0
SC-114,2026-07-01 11:00:00,50.1,37.45,25.25,60.0
SC-114,2026-07-01 11:30:00,48.51,35.21,27.42,60.0
SC-114,2026-07-01 12:00:00,50.21,35.28,29.74,60.0
SC-114,2026-07-01 12:30:00,48.89,38.37,21.52,60.0
SC-114,2026-07-01 13:00:00,50.07,34.45,31.19,60.0
SC-114,2026-07-01 13:30:00,48.03,35.86,25.34,60.0
SC-114,2026-07-01 14:00:00,45.23,33.71,25.48,60.0
SC-114,2026-07-01 14:30:00,34.76,26.44,23.94,60.0
SC-114,2026-07-01 15:00:00,32.8,25.11,23.44,60.0
SC-114,2026-07-01 15:30:00,28.83,20.98,27.23,60.0
SC-114,2026-07-01 16:00:00,32.2,22.04,31.56,60.0
SC-114,2026-07-01 16:30:00,26.62,18.37,30.98,60.0
SC-114,2026-07-01 17:00:00,23.58,17.05,27.71,60.0
SC-114,2026-07-01 17:30:00,18.98,13.41,29.34,60.0
SC-114,2026-07-01 18:00:00,15.09,10.83,28.25,60.0
SC-114,2026-07-01 18:30:00,15.29,11.21,26.65,60.0
SC-114,2026-07-01 19:00:00,11.3,8.53,24.56,60.0
SC-114,2026-07-01 19:30:00,9.62,6.83,28.99,60.0
SC-114,2026-07-02 08:00:00,19.44,12.73,34.54,60.0
SC-114,2026-07-02 08:30:00,31.34,23.84,23.93,60.0
SC-114,2026-07-02 09:00:00,36.41,26.79,26.4,60.0
SC-114,2026-07-02 09:30:00,49.97,33.77,32.43,60.0
SC-114,2026-07-02 10:00:00,46.7,34.73,25.63,60.0
SC-114,2026-07-02 10:30:00,54.45,37.6,30.94,60.0
SC-114,2026-07-02 11:00:00,47.17,33.79,28.38,60.0
SC-114,2026-07-02 11:30:00,48.55,34.94,28.03,60.0
SC-114,2026-07-02 12:00:00,45.14,35.12,22.21,60.0
SC-114,2026-07-02 12:30:00,59.26,39.51,33.32,60.0
SC-114,2026-07-02 13:00:00,42.54,30.67,27.9,60.0
SC-114,2026-07-02 13:30:00,50.53,32.79,35.11,60.0
SC-114,2026-07-02 14:00:00,38.87,28.23,27.37,60.0
SC-114,2026-07-02 14:30:00,32.53,24.39,25.03,60.0
SC-114,2026-07-02 15:00:00,34.19,24.86,27.29,60.0
SC-114,2026-07-02 15:30:00,32.28,23.91,25.94,60.0
SC-114,2026-07-02 16:00:00,26.5,19.68,25.76,60.0
SC-114,2026-07-02 16:30:00,26.19,18.82,28.15,60.0
SC-114,2026-07-02 17:00:00,24.07,17.16,28.71,60.0
SC-114,2026-07-02 17:30:00,16.78,12.38,26.21,60.0
SC-114,2026-07-02 18:00:00,16.01,12.13,24.26,60.0
SC-114,2026-07-02 18:30:00,17.26,10.85,37.15,60.0
SC-114,2026-07-02 19:00:00,11.03,7.85,28.81,60.0
SC-114,2026-07-02 19:30:00,8.0,5.6,29.99,60.0
SC-114,2026-07-03 08:00:00,9.08,6.3,30.63,60.0
SC-114,2026-07-03 08:30:00,13.41,9.28,30.78,60.0
SC-114,2026-07-03 09:00:00,19.01,13.88,26.98,60.0
SC-114,2026-07-03 09:30:00,18.32,13.88,24.23,60.0
SC-114,2026-07-03 10:00:00,23.85,16.1,32.52,60.0
SC-114,2026-07-03 10:30:00,23.97,17.14,28.5,60.0
SC-114,2026-07-03 11:00:00,24.06,17.77,26.15,60.0
SC-114,2026-07-03 11:30:00,22.57,16.39,27.37,60.0
SC-114,2026-07-03 12:00:00,24.99,17.22,31.12,60.0
SC-114,2026-07-03 12:30:00,22.14,16.29,26.42,60.0
SC-114,2026-07-03 13:00:00,19.16,13.67,28.66,60.0
SC-114,2026-07-03 13:30:00,18.13,13.56,25.19,60.0
SC-114,2026-07-03 14:00:00,20.55,13.57,33.98,60.0
SC-114,2026-07-03 14:30:00,16.21,11.58,28.53,60.0
SC-114,2026-07-03 15:00:00,16.5,11.3,31.49,60.0
SC-114,2026-07-03 15:30:00,15.27,10.63,30.4,60.0
SC-114,2026-07-03 16:00:00,14.59,11.15,23.6,60.0
SC-114,2026-07-03 16:30:00,12.04,8.82,26.78,60.0
SC-114,2026-07-03 17:00:00,10.68,8.43,21.08,60.0
SC-114,2026-07-03 17:30:00,8.69,6.64,23.6,60.0
SC-114,2026-07-03 18:00:00,8.79,6.47,26.4,60.0
SC-114,2026-07-03 18:30:00,5.99,4.82,19.54,60.0
SC-114,2026-07-03 19:00:00,5.26,4.01,23.69,60.0
SC-114,2026-07-03 19:30:00,4.09,2.91,28.91,60.0
SC-114,2026-07-04 08:00:00,6.27,4.79,23.71,60.0
SC-114,2026-07-04 08:30:00,9.45,6.97,26.19,60.0
SC-114,2026-07-04 09:00:00,11.06,8.12,26.59,60.0
SC-114,2026-07-04 09:30:00,15.82,11.01,30.4,60.0
SC-114,2026-07-04 10:00:00,13.89,10.29,25.89,60.0
SC-114,2026-07-04 10:30:00,18.53,12.77,31.09,60.0
SC-114,2026-07-04 11:00:00,15.96,12.13,23.98,60.0
SC-114,2026-07-04 11:30:00,17.02,12.45,26.86,60.0
SC-114,2026-07-04 12:00:00,18.12,12.35,31.87,60.0
SC-114,2026-07-04 12:30:00,15.49,11.35,26.73,60.0
SC-114,2026-07-04 13:00:00,16.91,11.68,30.94,60.0
SC-114,2026-07-04 13:30:00,13.54,9.62,28.97,60.0
SC-114,2026-07-04 14:00:00,16.4,10.57,35.59,60.0
SC-114,2026-07-04 14:30:00,13.02,9.1,30.09,60.0
SC-114,2026-07-04 15:00:00,11.97,8.52,28.8,60.0
SC-114,2026-07-04 15:30:00,9.28,6.95,25.14,60.0
SC-114,2026-07-04 16:00:00,8.22,6.07,26.12,60.0
SC-114,2026-07-04 16:30:00,9.36,6.72,28.19,60.0
SC-114,2026-07-04 17:00:00,7.36,5.93,19.46,60.0
SC-114,2026-07-04 17:30:00,6.5,5.34,17.88,60.0
SC-114,2026-07-04 18:00:00,5.32,4.19,21.39,60.0
SC-114,2026-07-04 18:30:00,5.41,3.64,32.66,60.0
SC-114,2026-07-04 19:00:00,3.91,2.85,27.22,60.0
SC-114,2026-07-04 19:30:00,3.1,2.26,27.17,60.0
SC-114,2026-07-05 08:00:00,24.09,16.58,31.2,60.0
SC-114,2026-07-05 08:30:00,30.17,22.82,24.38,60.0
SC-114,2026-07-05 09:00:00,39.89,29.45,26.17,60.0
SC-114,2026-07-05 09:30:00,47.87,35.66,25.52,60.0
SC-114,2026-07-05 10:00:00,53.31,40.03,24.91,60.0
SC-114,2026-07-05 10:30:00,61.65,45.9,25.55,60.0
SC-114,2026-07-05 11:00:00,67.18,44.35,33.99,60.0
SC-114,2026-07-05 11:30:00,67.52,43.51,35.57,60.0
SC-114,2026-07-05 12:00:00,58.11,41.92,27.87,60.0
SC-114,2026-07-05 12:30:00,55.68,43.17,22.47,60.0
SC-114,2026-07-05 13:00:00,51.2,38.12,25.55,60.0
SC-114,2026-07-05 13:30:00,55.29,39.07,29.34,60.0
SC-114,2026-07-05 14:00:00,46.29,34.4,25.69,60.0
SC-114,2026-07-05 14:30:00,41.21,28.85,29.98,60.0
SC-114,2026-07-05 15:00:00,38.75,28.71,25.91,60.0
SC-114,2026-07-05 15:30:00,37.01,28.89,21.94,60.0
SC-114,2026-07-05 16:00:00,36.09,25.93,28.16,60.0
SC-114,2026-07-05 16:30:00,25.15,19.59,22.11,60.0
SC-114,2026-07-05 17:00:00,29.72,21.87,26.4,60.0
SC-114,2026-07-05 17:30:00,21.66,15.8,27.07,60.0
SC-114,2026-07-05 18:00:00,19.9,14.09,29.19,60.0
SC-114,2026-07-05 18:30:00,18.64,13.11,29.66,60.0
SC-114,2026-07-05 19:00:00,13.17,9.23,29.88,60.0
SC-114,2026-07-05 19:30:00,8.46,6.63,21.66,60.0
SC-114,2026-07-06 08:00:00,13.65,11.43,16.27,60.0
SC-114,2026-07-06 08:30:00,28.1,19.89,29.23,60.0
SC-114,2026-07-06 09:00:00,37.58,27.79,26.06,60.0
SC-114,2026-07-06 09:30:00,45.78,33.46,26.91,60.0
SC-114,2026-07-06 10:00:00,56.34,42.76,24.11,60.0
SC-114,2026-07-06 10:30:00,62.24,40.92,34.25,60.0
SC-114,2026-07-06 11:00:00,46.27,33.4,27.81,60.0
SC-114,2026-07-06 11:30:00,57.14,42.39,25.82,60.0
SC-114,2026-07-06 12:00:00,50.24,33.26,33.8,60.0
SC-114,2026-07-06 12:30:00,56.12,40.01,28.7,60.0
SC-114,2026-07-06 13:00:00,46.82,32.18,31.27,60.0
SC-114,2026-07-06 13:30:00,41.02,28.84,29.71,60.0
SC-114,2026-07-06 14:00:00,43.3,31.17,28.02,60.0
SC-114,2026-07-06 14:30:00,32.9,24.94,24.2,60.0
SC-114,2026-07-06 15:00:00,40.86,29.69,27.33,60.0
SC-114,2026-07-06 15:30:00,34.9,25.05,28.21,60.0
SC-114,2026-07-06 16:00:00,26.82,20.34,24.17,60.0
SC-114,2026-07-06 16:30:00,27.16,19.66,27.61,60.0
SC-114,2026-07-06 17:00:00,24.73,17.01,31.22,60.0
SC-114,2026-07-06 17:30:00,21.0,15.97,23.93,60.0
SC-114,2026-07-06 18:00:00,17.38,12.79,26.42,60.0
SC-114,2026-07-06 18:30:00,13.86,10.25,26.08,60.0
SC-114,2026-07-06 19:00:00,12.62,9.18,27.31,60.0
SC-114,2026-07-06 19:30:00,9.94,7.24,27.17,60.0
SC-114,2026-07-07 08:00:00,18.36,13.48,26.59,60.0
SC-114,2026-07-07 08:30:00,28.2,21.23,24.72,60.0
SC-114,2026-07-07 09:00:00,36.17,26.54,26.62,60.0
SC-114,2026-07-07 09:30:00,38.92,28.66,26.36,60.0
SC-114,2026-07-07 10:00:00,46.87,36.29,22.57,60.0
SC-114,2026-07-07 10:30:00,54.12,38.0,29.79,60.0
SC-114,2026-07-07 11:00:00,54.87,36.25,33.94,60.0
SC-114,2026-07-07 11:30:00,49.33,37.01,24.97,60.0
SC-114,2026-07-07 12:00:00,57.25,40.62,29.04,60.0
SC-114,2026-07-07 12:30:00,53.69,36.37,32.25,60.0
SC-114,2026-07-07 13:00:00,50.79,33.48,34.09,60.0
SC-114,2026-07-07 13:30:00,41.74,30.71,26.42,60.0
SC-114,2026-07-07 14:00:00,31.57,23.78,24.67,60.0
SC-114,2026-07-07 14:30:00,34.25,25.94,24.25,60.0
SC-114,2026-07-07 15:00:00,36.7,25.17,31.41,60.0
SC-114,2026-07-07 15:30:00,31.96,21.82,31.73,60.0
SC-114,2026-07-07 16:00:00,30.65,22.81,25.59,60.0
SC-114,2026-07-07 16:30:00,28.66,21.14,26.23,60.0
SC-114,2026-07-07 17:00:00,22.32,16.44,26.35,60.0
SC-114,2026-07-07 17:30:00,22.52,15.72,30.22,60.0
SC-114,2026-07-07 18:00:00,18.44,12.65,31.37,60.0
SC-114,2026-07-07 18:30:00,13.54,9.78,27.71,60.0
SC-114,2026-07-07 19:00:00,9.69,7.46,23.01,60.0
SC-114,2026-07-07 19:30:00,8.42,6.06,28.06,60.0
SC-114,2026-07-08 08:00:00,18.08,12.57,30.48,60.0
SC-114,2026-07-08 08:30:00,32.81,23.95,26.99,60.0
SC-114,2026-07-08 09:00:00,32.58,25.05,23.12,60.0
SC-114,2026-07-08 09:30:00,40.14,28.91,27.98,60.0
SC-114,2026-07-08 10:00:00,38.46,30.7,20.16,60.0
SC-114,2026-07-08 10:30:00,44.43,32.47,26.92,60.0
SC-114,2026-07-08 11:00:00,56.86,41.33,27.32,60.0
SC-114,2026-07-08 11:30:00,54.21,37.57,30.7,60.0
SC-114,2026-07-08 12:00:00,51.34,37.93,26.12,60.0
SC-114,2026-07-08 12:30:00,43.49,29.72,31.67,60.0
SC-114,2026-07-08 13:00:00,48.81,37.08,24.03,60.0
SC-114,2026-07-08 13:30:00,45.54,31.71,30.37,60.0
SC-114,2026-07-08 14:00:00,47.28,33.01,30.18,60.0
SC-114,2026-07-08 14:30:00,33.94,25.74,24.15,60.0
SC-114,2026-07-08 15:00:00,40.79,29.82,26.89,60.0
SC-114,2026-07-08 15:30:00,29.15,22.73,22.03,60.0
SC-114,2026-07-08 16:00:00,34.7,23.82,31.36,60.0
SC-114,2026-07-08 16:30:00,29.04,21.92,24.53,60.0
SC-114,2026-07-08 17:00:00,24.85,17.7,28.8,60.0
SC-114,2026-07-08 17:30:00,16.46,12.75,22.56,60.0
SC-114,2026-07-08 18:00:00,18.31,12.88,29.66,60.0
SC-114,2026-07-08 18:30:00,13.88,10.19,26.58,60.0
SC-114,2026-07-08 19:00:00,11.12,8.39,24.57,60.0
SC-114,2026-07-08 19:30:00,7.65,5.59,26.93,60.0
SC-114,2026-07-09 08:00:00,17.63,12.27,30.4,60.0
SC-114,2026-07-09 08:30:00,28.92,21.13,26.93,60.0
SC-114,2026-07-09 09:00:00,35.94,25.94,27.82,60.0
SC-114,2026-07-09 09:30:00,39.14,29.99,23.37,60.0
SC-114,2026-07-09 10:00:00,43.87,32.61,25.66,60.0
SC-114,2026-07-09 10:30:00,49.59,34.41,30.61,60.0
SC-114,2026-07-09 11:00:00,50.49,35.12,30.45,60.0
SC-114,2026-07-09 11:30:00,45.4,35.55,21.71,60.0
SC-114,2026-07-09 12:00:00,47.99,33.62,29.95,60.0
SC-114,2026-07-09 12:30:00,40.56,30.61,24.51,60.0
SC-114,2026-07-09 13:00:00,40.31,29.35,27.19,60.0
SC-114,2026-07-09 13:30:00,47.98,30.56,36.3,60.0
SC-114,2026-07-09 14:00:00,38.65,26.51,31.41,60.0
SC-114,2026-07-09 14:30:00,37.19,26.08,29.89,60.0
SC-114,2026-07-09 15:00:00,31.43,23.75,24.43,60.0
SC-114,2026-07-09 15:30:00,32.02,22.11,30.95,60.0
SC-114,2026-07-09 16:00:00,28.63,21.22,25.88,60.0
SC-114,2026-07-09 16:30:00,24.41,17.07,30.06,60.0
SC-114,2026-07-09 17:00:00,19.72,14.66,25.68,60.0
SC-114,2026-07-09 17:30:00,18.97,14.54,23.33,60.0
SC-114,2026-07-09 18:00:00,14.73,10.97,25.55,60.0
SC-114,2026-07-09 18:30:00,12.56,9.5,24.38,60.0
SC-114,2026-07-09 19:00:00,10.74,7.63,28.99,60.0
SC-114,2026-07-09 19:30:00,7.96,5.39,32.23,60.0
SC-114,2026-07-10 08:00:00,7.34,5.79,21.06,60.0
SC-114,2026-07-10 08:30:00,12.09,9.67,20.04,60.0
SC-114,2026-07-10 09:00:00,16.47,12.44,24.5,60.0
SC-114,2026-07-10 09:30:00,21.75,15.62,28.16,60.0
SC-114,2026-07-10 10:00:00,23.14,16.89,27.02,60.0
SC-114,2026-07-10 10:30:00,24.44,18.21,25.48,60.0
SC-114,2026-07-10 11:00:00,25.08,16.77,33.12,60.0
SC-114,2026-07-10 11:30:00,24.19,18.75,22.49,60.0
SC-114,2026-07-10 12:00:00,23.82,16.78,29.54,60.0
SC-114,2026-07-10 12:30:00,24.69,16.76,32.12,60.0
SC-114,2026-07-10 13:00:00,19.86,14.37,27.63,60.0
SC-114,2026-07-10 13:30:00,16.82,12.69,24.55,60.0
SC-114,2026-07-10 14:00:00,16.59,12.24,26.21,60.0
SC-114,2026-07-10 14:30:00,18.17,13.15,27.65,60.0
SC-114,2026-07-10 15:00:00,17.38,13.21,23.99,60.0
SC-114,2026-07-10 15:30:00,17.15,12.62,26.38,60.0
SC-114,2026-07-10 16:00:00,14.54,10.65,26.72,60.0
SC-114,2026-07-10 16:30:00,12.77,9.04,29.23,60.0
SC-114,2026-07-10 17:00:00,12.13,8.77,27.64,60.0
SC-114,2026-07-10 17:30:00,10.04,7.19,28.38,60.0
SC-114,2026-07-10 18:00:00,7.84,6.08,22.43,60.0
SC-114,2026-07-10 18:30:00,7.34,5.28,28.16,60.0
SC-114,2026-07-10 19:00:00,6.25,4.27,31.74,60.0
SC-114,2026-07-10 19:30:00,4.82,3.32,31.04,60.0
SC-114,2026-07-11 08:00:00,7.29,4.67,35.94,60.0
SC-114,2026-07-11 08:30:00,8.74,6.64,24.02,60.0
SC-114,2026-07-11 09:00:00,11.78,8.5,27.84,60.0
SC-114,2026-07-11 09:30:00,14.1,9.79,30.57,60.0
SC-114,2026-07-11 10:00:00,16.87,12.36,26.77,60.0
SC-114,2026-07-11 10:30:00,18.48,12.18,34.1,60.0
SC-114,2026-07-11 11:00:00,17.52,12.89,26.41,60.0
SC-114,2026-07-11 11:30:00,16.19,11.29,30.27,60.0
SC-114,2026-07-11 12:00:00,19.18,13.29,30.68,60.0
SC-114,2026-07-11 12:30:00,16.31,11.27,30.92,60.0
SC-114,2026-07-11 13:00:00,13.56,9.95,26.64,60.0
SC-114,2026-07-11 13:30:00,12.76,8.96,29.77,60.0
SC-114,2026-07-11 14:00:00,14.43,9.96,30.94,60.0
SC-114,2026-07-11 14:30:00,11.76,8.2,30.28,60.0
SC-114,2026-07-11 15:00:00,10.03,7.5,25.25,60.0
SC-114,2026-07-11 15:30:00,10.18,7.39,27.42,60.0
SC-114,2026-07-11 16:00:00,8.18,5.96,27.13,60.0
SC-114,2026-07-11 16:30:00,8.48,6.18,27.07,60.0
SC-114,2026-07-11 17:00:00,7.73,5.4,30.16,60.0
SC-114,2026-07-11 17:30:00,7.58,5.45,28.15,60.0
SC-114,2026-07-11 18:00:00,5.9,4.39,25.66,60.0
SC-114,2026-07-11 18:30:00,5.54,3.83,30.92,60.0
SC-114,2026-07-11 19:00:00,4.4,2.85,35.35,60.0
SC-114,2026-07-11 19:30:00,2.94,2.09,28.81,60.0
SC-114,2026-07-12 08:00:00,19.23,13.61,29.23,60.0
SC-114,2026-07-12 08:30:00,33.87,23.33,31.14,60.0
SC-114,2026-07-12 09:00:00,42.75,31.74,25.76,60.0
SC-114,2026-07-12 09:30:00,47.63,33.98,28.66,60.0
SC-114,2026-07-12 10:00:00,42.72,30.96,27.53,60.0
SC-114,2026-07-12 10:30:00,56.42,44.39,21.33,60.0
SC-114,2026-07-12 11:00:00,52.85,40.02,24.27,60.0
SC-114,2026-07-12 11:30:00,62.18,41.75,32.85,60.0
SC-114,2026-07-12 12:00:00,59.78,41.18,31.12,60.0
SC-114,2026-07-12 12:30:00,48.82,34.89,28.54,60.0
SC-114,2026-07-12 13:00:00,53.76,41.34,23.1,60.0
SC-114,2026-07-12 13:30:00,41.48,30.73,25.92,60.0
SC-114,2026-07-12 14:00:00,43.14,29.78,30.96,60.0
SC-114,2026-07-12 14:30:00,44.4,31.32,29.46,60.0
SC-114,2026-07-12 15:00:00,39.09,29.71,24.02,60.0
SC-114,2026-07-12 15:30:00,34.49,25.74,25.37,60.0
SC-114,2026-07-12 16:00:00,35.58,25.32,28.83,60.0
SC-114,2026-07-12 16:30:00,25.78,21.36,17.14,60.0
SC-114,2026-07-12 17:00:00,27.33,19.46,28.78,60.0
SC-114,2026-07-12 17:30:00,21.01,15.72,25.18,60.0
SC-114,2026-07-12 18:00:00,17.43,12.89,26.01,60.0
SC-114,2026-07-12 18:30:00,14.38,10.27,28.53,60.0
SC-114,2026-07-12 19:00:00,10.39,7.26,30.18,60.0
SC-114,2026-07-12 19:30:00,9.91,7.67,22.63,60.0
SC-114,2026-07-13 08:00:00,21.84,15.78,27.75,60.0
SC-114,2026-07-13 08:30:00,26.33,19.47,26.06,60.0
SC-114,2026-07-13 09:00:00,32.61,24.3,25.47,60.0
SC-114,2026-07-13 09:30:00,48.96,35.65,27.19,60.0
SC-114,2026-07-13 10:00:00,53.76,39.18,27.13,60.0
SC-114,2026-07-13 10:30:00,51.35,36.85,28.24,60.0
SC-114,2026-07-13 11:00:00,51.92,37.4,27.96,60.0
SC-114,2026-07-13 11:30:00,52.03,36.97,28.96,60.0
SC-114,2026-07-13 12:00:00,60.28,39.01,35.29,60.0
SC-114,2026-07-13 12:30:00,53.71,34.58,35.62,60.0
SC-114,2026-07-13 13:00:00,44.19,29.91,32.32,60.0
SC-114,2026-07-13 13:30:00,40.36,31.35,22.31,60.0
SC-114,2026-07-13 14:00:00,36.4,25.46,30.06,60.0
SC-114,2026-07-13 14:30:00,37.11,26.75,27.91,60.0
SC-114,2026-07-13 15:00:00,41.97,29.46,29.81,60.0
SC-114,2026-07-13 15:30:00,38.83,26.85,30.86,60.0
SC-114,2026-07-13 16:00:00,34.33,25.63,25.36,60.0
SC-114,2026-07-13 16:30:00,29.04,21.77,25.02,60.0
SC-114,2026-07-13 17:00:00,26.39,20.16,23.61,60.0
SC-114,2026-07-13 17:30:00,22.89,15.76,31.14,60.0
SC-114,2026-07-13 18:00:00,20.17,13.57,32.71,60.0
SC-114,2026-07-13 18:30:00,15.36,10.53,31.43,60.0
SC-114,2026-07-13 19:00:00,12.32,8.86,28.09,60.0
SC-114,2026-07-13 19:30:00,8.88,6.6,25.74,60.0
SC-114,2026-07-14 08:00:00,20.17,16.55,17.94,60.0
SC-114,2026-07-14 08:30:00,31.75,22.54,29.0,60.0
SC-114,2026-07-14 09:00:00,49.27,35.79,27.36,60.0
SC-114,2026-07-14 09:30:00,47.4,35.21,25.71,60.0
SC-114,2026-07-14 10:00:00,56.13,38.66,31.12,60.0
SC-114,2026-07-14 10:30:00,54.61,40.57,25.72,60.0
SC-114,2026-07-14 11:00:00,58.33,43.74,25.01,60.0
SC-114,2026-07-14 11:30:00,65.46,46.48,29.0,60.0
SC-114,2026-07-14 12:00:00,54.68,38.77,29.09,60.0
SC-114,2026-07-14 12:30:00,59.64,43.65,26.81,60.0
SC-114,2026-07-14 13:00:00,53.5,39.75,25.69,60.0
SC-114,2026-07-14 13:30:00,43.37,32.08,26.04,60.0
SC-114,2026-07-14 14:00:00,47.05,35.16,25.28,60.0
SC-114,2026-07-14 14:30:00,51.17,36.42,28.82,60.0
SC-114,2026-07-14 15:00:00,40.85,27.24,33.31,60.0
SC-114,2026-07-14 15:30:00,45.56,30.13,33.86,60.0
SC-114,2026-07-14 16:00:00,35.06,25.43,27.47,60.0
SC-114,2026-07-14 16:30:00,29.8,21.9,26.53,60.0
SC-114,2026-07-14 17:00:00,27.19,18.6,31.58,60.0
SC-114,2026-07-14 17:30:00,24.79,17.66,28.76,60.0
SC-114,2026-07-14 18:00:00,18.86,14.07,25.43,60.0
SC-114,2026-07-14 18:30:00,16.91,11.77,30.41,60.0
SC-114,2026-07-14 19:00:00,13.14,9.7,26.17,60.0
SC-114,2026-07-14 19:30:00,10.01,7.53,24.78,60.0
SC-114,2026-07-15 08:00:00,18.94,14.22,24.92,60.0
SC-114,2026-07-15 08:30:00,34.64,23.84,31.19,60.0
SC-114,2026-07-15 09:00:00,40.49,29.86,26.26,60.0
SC-114,2026-07-15 09:30:00,44.65,34.52,22.69,60.0
SC-114,2026-07-15 10:00:00,46.49,32.75,29.55,60.0
SC-114,2026-07-15 10:30:00,57.62,42.81,25.71,60.0
SC-114,2026-07-15 11:00:00,53.1,39.82,25.02,60.0
SC-114,2026-07-15 11:30:00,50.46,35.68,29.28,60.0
SC-114,2026-07-15 12:00:00,50.84,35.72,29.75,60.0
SC-114,2026-07-15 12:30:00,45.02,33.04,26.62,60.0
SC-114,2026-07-15 13:00:00,45.43,34.78,23.44,60.0
SC-114,2026-07-15 13:30:00,46.26,30.82,33.38,60.0
SC-114,2026-07-15 14:00:00,43.02,30.62,28.82,60.0
SC-114,2026-07-15 14:30:00,45.01,31.05,31.01,60.0
SC-114,2026-07-15 15:00:00,38.99,27.21,30.21,60.0
SC-114,2026-07-15 15:30:00,31.28,22.99,26.51,60.0
SC-114,2026-07-15 16:00:00,28.13,21.04,25.21,60.0
SC-114,2026-07-15 16:30:00,23.03,16.68,27.58,60.0
SC-114,2026-07-15 17:00:00,22.15,16.29,26.43,60.0
SC-114,2026-07-15 17:30:00,22.87,16.07,29.75,60.0
SC-114,2026-07-15 18:00:00,20.75,13.13,36.74,60.0
SC-114,2026-07-15 18:30:00,14.34,10.35,27.82,60.0
SC-114,2026-07-15 19:00:00,11.95,9.04,24.41,60.0
SC-114,2026-07-15 19:30:00,9.41,6.95,26.18,60.0
SC-114,2026-07-16 08:00:00,20.46,14.22,30.46,60.0
SC-114,2026-07-16 08:30:00,25.91,19.12,26.2,60.0
SC-114,2026-07-16 09:00:00,38.55,27.85,27.75,60.0
SC-114,2026-07-16 09:30:00,37.58,28.44,24.31,60.0
SC-114,2026-07-16 10:00:00,44.92,33.58,25.24,60.0
SC-114,2026-07-16 10:30:00,54.51,40.36,25.96,60.0
SC-114,2026-07-16 11:00:00,46.95,36.19,22.91,60.0
SC-114,2026-07-16 11:30:00,51.96,40.51,22.03,60.0
SC-114,2026-07-16 12:00:00,54.6,36.42,33.29,60.0
SC-114,2026-07-16 12:30:00,39.09,30.78,21.26,60.0
SC-114,2026-07-16 13:00:00,45.1,33.06,26.69,60.0
SC-114,2026-07-16 13:30:00,40.69,28.91,28.94,60.0
SC-114,2026-07-16 14:00:00,40.3,27.74,31.17,60.0
SC-114,2026-07-16 14:30:00,36.86,27.65,24.99,60.0
SC-114,2026-07-16 15:00:00,38.09,28.04,26.38,60.0
SC-114,2026-07-16 15:30:00,30.34,21.67,28.59,60.0
SC-114,2026-07-16 16:00:00,28.06,20.09,28.38,60.0
SC-114,2026-07-16 16:30:00,26.24,18.4,29.88,60.0
SC-114,2026-07-16 17:00:00,24.61,16.75,31.94,60.0
SC-114,2026-07-16 17:30:00,21.9,15.75,28.06,60.0
SC-114,2026-07-16 18:00:00,18.43,13.53,26.56,60.0
SC-114,2026-07-16 18:30:00,16.67,11.29,32.26,60.0
SC-114,2026-07-16 19:00:00,11.45,8.65,24.49,60.0
SC-114,2026-07-16 19:30:00,9.71,6.32,34.96,60.0
SC-114,2026-07-17 08:00:00,10.54,7.27,31.08,60.0
SC-114,2026-07-17 08:30:00,14.67,10.67,27.29,60.0
SC-114,2026-07-17 09:00:00,15.5,12.13,21.73,60.0
SC-114,2026-07-17 09:30:00,18.74,12.79,31.78,60.0
SC-114,2026-07-17 10:00:00,20.43,15.69,23.19,60.0
SC-114,2026-07-17 10:30:00,22.0,16.18,26.45,60.0
SC-114,2026-07-17 11:00:00,25.21,18.11,28.14,60.0
SC-114,2026-07-17 11:30:00,24.47,16.56,32.3,60.0
SC-114,2026-07-17 12:00:00,26.21,18.53,29.29,60.0
SC-114,2026-07-17 12:30:00,19.69,13.48,31.53,60.0
SC-114,2026-07-17 13:00:00,22.27,15.71,29.43,60.0
SC-114,2026-07-17 13:30:00,20.37,14.79,27.37,60.0
SC-114,2026-07-17 14:00:00,18.48,12.68,31.37,60.0
SC-114,2026-07-17 14:30:00,18.48,12.77,30.87,60.0
SC-114,2026-07-17 15:00:00,17.1,12.66,25.99,60.0
SC-114,2026-07-17 15:30:00,13.72,10.81,21.19,60.0
SC-114,2026-07-17 16:00:00,13.66,9.97,26.98,60.0
SC-114,2026-07-17 16:30:00,11.76,8.9,24.3,60.0
SC-114,2026-07-17 17:00:00,11.16,7.71,30.89,60.0
SC-114,2026-07-17 17:30:00,11.43,7.33,35.84,60.0
SC-114,2026-07-17 18:00:00,9.05,6.71,25.81,60.0
SC-114,2026-07-17 18:30:00,7.61,4.89,35.78,60.0
SC-114,2026-07-17 19:00:00,5.82,4.15,28.72,60.0
SC-114,2026-07-17 19:30:00,4.72,3.16,33.13,60.0
SC-114,2026-07-18 08:00:00,6.95,4.93,29.01,60.0
SC-114,2026-07-18 08:30:00,10.09,7.7,23.66,60.0
SC-114,2026-07-18 09:00:00,12.02,8.84,26.48,60.0
SC-114,2026-07-18 09:30:00,14.04,10.02,28.63,60.0
SC-114,2026-07-18 10:00:00,15.79,12.58,20.31,60.0
SC-114,2026-07-18 10:30:00,15.79,12.45,21.2,60.0
SC-114,2026-07-18 11:00:00,20.21,14.09,30.28,60.0
SC-114,2026-07-18 11:30:00,19.01,13.9,26.88,60.0
SC-114,2026-07-18 12:00:00,22.43,14.9,33.58,60.0
SC-114,2026-07-18 12:30:00,14.59,11.37,22.01,60.0
SC-114,2026-07-18 13:00:00,16.76,12.29,26.66,60.0
SC-114,2026-07-18 13:30:00,14.31,10.7,25.21,60.0
SC-114,2026-07-18 14:00:00,16.09,10.16,36.87,60.0
SC-114,2026-07-18 14:30:00,12.51,8.89,28.97,60.0
SC-114,2026-07-18 15:00:00,11.03,8.06,26.96,60.0
SC-114,2026-07-18 15:30:00,10.36,7.43,28.26,60.0
SC-114,2026-07-18 16:00:00,11.5,8.42,26.8,60.0
SC-114,2026-07-18 16:30:00,10.06,7.23,28.15,60.0
SC-114,2026-07-18 17:00:00,8.58,5.96,30.55,60.0
SC-114,2026-07-18 17:30:00,7.5,5.27,29.79,60.0
SC-114,2026-07-18 18:00:00,6.9,4.78,30.69,60.0
SC-114,2026-07-18 18:30:00,5.07,3.8,25.16,60.0
SC-114,2026-07-18 19:00:00,4.27,3.21,24.74,60.0
SC-114,2026-07-18 19:30:00,3.25,2.32,28.46,60.0
SC-114,2026-07-19 08:00:00,21.88,15.29,30.08,60.0
SC-114,2026-07-19 08:30:00,28.43,21.7,23.66,60.0
SC-114,2026-07-19 09:00:00,43.17,31.49,27.06,60.0
SC-114,2026-07-19 09:30:00,50.64,32.33,36.16,60.0
SC-114,2026-07-19 10:00:00,51.28,39.07,23.8,60.0
SC-114,2026-07-19 10:30:00,61.11,44.02,27.96,60.0
SC-114,2026-07-19 11:00:00,60.37,42.09,30.28,60.0
SC-114,2026-07-19 11:30:00,53.55,39.36,26.49,60.0
SC-114,2026-07-19 12:00:00,46.32,35.46,23.44,60.0
SC-114,2026-07-19 12:30:00,52.34,37.88,27.64,60.0
SC-114,2026-07-19 13:00:00,54.44,37.17,31.72,60.0
SC-114,2026-07-19 13:30:00,52.31,38.15,27.08,60.0
SC-114,2026-07-19 14:00:00,40.01,28.37,29.09,60.0
SC-114,2026-07-19 14:30:00,44.15,30.94,29.92,60.0
SC-114,2026-07-19 15:00:00,39.72,29.09,26.76,60.0
SC-114,2026-07-19 15:30:00,37.48,26.9,28.24,60.0
SC-114,2026-07-19 16:00:00,26.74,20.38,23.78,60.0
SC-114,2026-07-19 16:30:00,32.72,24.31,25.72,60.0
SC-114,2026-07-19 17:00:00,25.74,18.33,28.8,60.0
SC-114,2026-07-19 17:30:00,26.35,17.84,32.28,60.0
SC-114,2026-07-19 18:00:00,20.17,13.4,33.57,60.0
SC-114,2026-07-19 18:30:00,13.9,9.98,28.21,60.0
SC-114,2026-07-19 19:00:00,13.52,8.88,34.31,60.0
SC-114,2026-07-19 19:30:00,9.5,7.56,20.47,60.0
SC-114,2026-07-20 08:00:00,20.18,15.09,25.2,60.0
SC-114,2026-07-20 08:30:00,37.46,26.93,28.11,60.0
SC-114,2026-07-20 09:00:00,43.51,30.62,29.61,60.0
SC-114,2026-07-20 09:30:00,53.91,36.4,32.48,60.0
SC-114,2026-07-20 10:00:00,53.19,39.47,25.79,60.0
SC-114,2026-07-20 10:30:00,71.16,45.51,36.05,60.0
SC-114,2026-07-20 11:00:00,64.41,45.69,29.07,60.0
SC-114,2026-07-20 11:30:00,66.96,46.77,30.15,60.0
SC-114,2026-07-20 12:00:00,56.04,40.71,27.36,60.0
SC-114,2026-07-20 12:30:00,54.7,41.33,24.45,60.0
SC-114,2026-07-20 13:00:00,57.04,39.46,30.81,60.0
SC-114,2026-07-20 13:30:00,49.05,34.83,29.0,60.0
SC-114,2026-07-20 14:00:00,48.36,34.42,28.83,60.0
SC-114,2026-07-20 14:30:00,48.84,34.52,29.32,60.0
SC-114,2026-07-20 15:00:00,38.59,28.88,25.16,60.0
SC-114,2026-07-20 15:30:00,40.84,29.45,27.9,60.0
SC-114,2026-07-20 16:00:00,41.56,28.79,30.72,60.0
SC-114,2026-07-20 16:30:00,33.18,24.46,26.29,60.0
SC-114,2026-07-20 17:00:00,25.06,20.02,20.1,60.0
SC-114,2026-07-20 17:30:00,24.24,17.87,26.26,60.0
SC-114,2026-07-20 18:00:00,22.65,16.14,28.74,60.0
SC-114,2026-07-20 18:30:00,18.34,13.33,27.29,60.0
SC-114,2026-07-20 19:00:00,12.06,8.98,25.52,60.0
SC-114,2026-07-20 19:30:00,8.6,6.53,24.02,60.0
SC-114,2026-07-21 08:00:00,18.76,13.3,29.09,60.0
SC-114,2026-07-21 08:30:00,34.2,23.55,31.15,60.0
SC-114,2026-07-21 09:00:00,34.07,25.04,26.49,60.0
SC-114,2026-07-21 09:30:00,41.65,29.28,29.69,60.0
SC-114,2026-07-21 10:00:00,46.82,37.47,19.96,60.0
SC-114,2026-07-21 10:30:00,51.3,37.48,26.95,60.0
SC-114,2026-07-21 11:00:00,54.64,37.54,31.29,60.0
SC-114,2026-07-21 11:30:00,49.69,37.46,24.61,60.0
SC-114,2026-07-21 12:00:00,57.68,40.75,29.35,60.0
SC-114,2026-07-21 12:30:00,49.14,36.53,25.65,60.0
SC-114,2026-07-21 13:00:00,52.59,37.44,28.8,60.0
SC-114,2026-07-21 13:30:00,40.67,28.67,29.51,60.0
SC-114,2026-07-21 14:00:00,39.04,29.0,25.72,60.0
SC-114,2026-07-21 14:30:00,37.76,27.16,28.06,60.0
SC-114,2026-07-21 15:00:00,30.69,22.5,26.7,60.0
SC-114,2026-07-21 15:30:00,31.87,25.34,20.47,60.0
SC-114,2026-07-21 16:00:00,29.38,23.02,21.64,60.0
SC-114,2026-07-21 16:30:00,27.16,18.4,32.27,60.0
SC-114,2026-07-21 17:00:00,25.86,19.34,25.22,60.0
SC-114,2026-07-21 17:30:00,24.97,17.69,29.16,60.0
SC-114,2026-07-21 18:00:00,17.27,13.07,24.33,60.0
SC-114,2026-07-21 18:30:00,16.11,11.62,27.84,60.0
SC-114,2026-07-21 19:00:00,11.59,8.03,30.74,60.0
SC-114,2026-07-21 19:30:00,9.42,6.22,33.93,60.0
SC-114,2026-07-22 08:00:00,17.78,13.11,26.27,60.0
SC-114,2026-07-22 08:30:00,28.37,20.27,28.56,60.0
SC-114,2026-07-22 09:00:00,35.62,26.29,26.19,60.0
SC-114,2026-07-22 09:30:00,44.35,30.72,30.73,60.0
SC-114,2026-07-22 10:00:00,51.62,34.55,33.07,60.0
SC-114,2026-07-22 10:30:00,45.87,33.57,26.81,60.0
SC-114,2026-07-22 11:00:00,44.64,32.51,27.18,60.0
SC-114,2026-07-22 11:30:00,53.08,36.3,31.62,60.0
SC-114,2026-07-22 12:00:00,51.46,36.52,29.02,60.0
SC-114,2026-07-22 12:30:00,50.83,35.4,30.35,60.0
SC-114,2026-07-22 13:00:00,41.49,30.72,25.94,60.0
SC-114,2026-07-22 13:30:00,38.24,28.42,25.68,60.0
SC-114,2026-07-22 14:00:00,38.93,27.37,29.7,60.0
SC-114,2026-07-22 14:30:00,40.6,28.82,29.02,60.0
SC-114,2026-07-22 15:00:00,33.8,24.91,26.32,60.0
SC-114,2026-07-22 15:30:00,32.18,23.37,27.36,60.0
SC-114,2026-07-22 16:00:00,30.09,21.65,28.04,60.0
SC-114,2026-07-22 16:30:00,26.21,20.38,22.25,60.0
SC-114,2026-07-22 17:00:00,26.8,19.64,26.73,60.0
SC-114,2026-07-22 17:30:00,20.09,14.13,29.66,60.0
SC-114,2026-07-22 18:00:00,17.19,12.59,26.76,60.0
SC-114,2026-07-22 18:30:00,13.07,9.01,31.04,60.0
SC-114,2026-07-22 19:00:00,10.11,6.61,34.62,60.0
SC-114,2026-07-22 19:30:00,8.69,6.1,29.85,60.0
SC-114,2026-07-23 08:00:00,18.34,12.84,30.0,60.0
SC-114,2026-07-23 08:30:00,31.15,22.84,26.69,60.0
SC-114,2026-07-23 09:00:00,37.76,26.63,29.47,60.0
SC-114,2026-07-23 09:30:00,39.71,29.65,25.33,60.0
SC-114,2026-07-23 10:00:00,44.2,34.5,21.94,60.0
SC-114,2026-07-23 10:30:00,48.11,33.35,30.68,60.0
SC-114,2026-07-23 11:00:00,48.84,35.67,26.96,60.0
SC-114,2026-07-23 11:30:00,48.26,33.33,30.92,60.0
SC-114,2026-07-23 12:00:00,46.78,34.5,26.25,60.0
SC-114,2026-07-23 12:30:00,46.12,31.45,31.8,60.0
SC-114,2026-07-23 13:00:00,44.74,32.04,28.39,60.0
SC-114,2026-07-23 13:30:00,42.48,28.87,32.05,60.0
SC-114,2026-07-23 14:00:00,36.97,25.93,29.86,60.0
SC-114,2026-07-23 14:30:00,34.94,25.91,25.84,60.0
SC-114,2026-07-23 15:00:00,32.89,24.7,24.9,60.0
SC-114,2026-07-23 15:30:00,34.8,24.3,30.18,60.0
SC-114,2026-07-23 16:00:00,26.88,20.04,25.44,60.0
SC-114,2026-07-23 16:30:00,23.41,17.31,26.05,60.0
SC-114,2026-07-23 17:00:00,20.66,14.83,28.25,60.0
SC-114,2026-07-23 17:30:00,23.49,17.05,27.42,60.0
SC-114,2026-07-23 18:00:00,17.12,11.9,30.5,60.0
SC-114,2026-07-23 18:30:00,14.39,9.72,32.49,60.0
SC-114,2026-07-23 19:00:00,10.1,7.65,24.31,60.0
SC-114,2026-07-23 19:30:00,8.41,5.69,32.32,60.0
SC-114,2026-07-24 08:00:00,9.17,6.39,30.37,60.0
SC-114,2026-07-24 08:30:00,13.96,10.14,27.38,60.0
SC-114,2026-07-24 09:00:00,19.41,12.89,33.61,60.0
SC-114,2026-07-24 09:30:00,23.13,14.93,35.48,60.0
SC-114,2026-07-24 10:00:00,25.79,17.75,31.17,60.0
SC-114,2026-07-24 10:30:00,26.8,18.58,30.69,60.0
SC-114,2026-07-24 11:00:00,26.15,18.91,27.71,60.0
SC-114,2026-07-24 11:30:00,23.36,17.42,25.44,60.0
SC-114,2026-07-24 12:00:00,26.03,18.42,29.22,60.0
SC-114,2026-07-24 12:30:00,24.89,19.08,23.34,60.0
SC-114,2026-07-24 13:00:00,20.84,15.58,25.26,60.0
SC-114,2026-07-24 13:30:00,18.33,12.88,29.71,60.0
SC-114,2026-07-24 14:00:00,20.12,14.97,25.6,60.0
SC-114,2026-07-24 14:30:00,16.07,11.94,25.73,60.0
SC-114,2026-07-24 15:00:00,16.96,12.1,28.67,60.0
SC-114,2026-07-24 15:30:00,14.19,9.58,32.52,60.0
SC-114,2026-07-24 16:00:00,15.23,10.81,28.99,60.0
SC-114,2026-07-24 16:30:00,13.09,9.18,29.83,60.0
SC-114,2026-07-24 17:00:00,11.96,8.49,29.05,60.0
SC-114,2026-07-24 17:30:00,9.25,6.45,30.27,60.0
SC-114,2026-07-24 18:00:00,8.83,6.39,27.69,60.0
SC-114,2026-07-24 18:30:00,6.23,4.55,26.94,60.0
SC-114,2026-07-24 19:00:00,5.71,4.17,26.91,60.0
SC-114,2026-07-24 19:30:00,3.89,2.83,27.14,60.0
SC-114,2026-07-25 08:00:00,6.89,5.14,25.4,60.0
SC-114,2026-07-25 08:30:00,9.44,6.59,30.2,60.0
SC-114,2026-07-25 09:00:00,11.3,7.89,30.16,60.0
SC-114,2026-07-25 09:30:00,13.68,9.46,30.83,60.0
SC-114,2026-07-25 10:00:00,15.27,11.44,25.11,60.0
SC-114,2026-07-25 10:30:00,20.35,12.01,40.98,60.0
SC-114,2026-07-25 11:00:00,17.06,12.0,29.7,60.0
SC-114,2026-07-25 11:30:00,16.76,11.84,29.38,60.0
SC-114,2026-07-25 12:00:00,16.4,11.18,31.79,60.0
SC-114,2026-07-25 12:30:00,17.13,13.03,23.98,60.0
SC-114,2026-07-25 13:00:00,13.95,9.94,28.76,60.0
SC-114,2026-07-25 13:30:00,13.24,9.14,30.92,60.0
SC-114,2026-07-25 14:00:00,13.07,8.86,32.23,60.0
SC-114,2026-07-25 14:30:00,11.88,8.69,26.82,60.0
SC-114,2026-07-25 15:00:00,11.25,8.35,25.79,60.0
SC-114,2026-07-25 15:30:00,10.88,7.89,27.48,60.0
SC-114,2026-07-25 16:00:00,10.29,7.5,27.04,60.0
SC-114,2026-07-25 16:30:00,8.45,6.25,26.09,60.0
SC-114,2026-07-25 17:00:00,7.79,5.58,28.39,60.0
SC-114,2026-07-25 17:30:00,6.49,4.75,26.9,60.0
SC-114,2026-07-25 18:00:00,5.58,4.11,26.33,60.0
SC-114,2026-07-25 18:30:00,4.54,3.32,26.76,60.0
SC-114,2026-07-25 19:00:00,3.76,2.89,23.24,60.0
SC-114,2026-07-25 19:30:00,2.83,2.13,24.72,60.0
SC-114,2026-07-26 08:00:00,20.43,14.22,30.39,60.0
SC-114,2026-07-26 08:30:00,31.88,23.41,26.55,60.0
SC-114,2026-07-26 09:00:00,41.83,30.61,26.81,60.0
SC-114,2026-07-26 09:30:00,48.06,34.73,27.74,60.0
SC-114,2026-07-26 10:00:00,52.7,37.51,28.82,60.0
SC-114,2026-07-26 10:30:00,53.67,36.64,31.74,60.0
SC-114,2026-07-26 11:00:00,62.35,44.44,28.73,60.0
SC-114,2026-07-26 11:30:00,54.4,41.54,23.64,60.0
SC-114,2026-07-26 12:00:00,48.85,32.18,34.12,60.0
SC-114,2026-07-26 12:30:00,53.6,37.7,29.67,60.0
SC-114,2026-07-26 13:00:00,43.15,32.28,25.19,60.0
SC-114,2026-07-26 13:30:00,46.97,33.21,29.29,60.0
SC-114,2026-07-26 14:00:00,42.17,33.12,21.46,60.0
SC-114,2026-07-26 14:30:00,37.81,29.15,22.92,60.0
SC-114,2026-07-26 15:00:00,34.46,28.05,18.6,60.0
SC-114,2026-07-26 15:30:00,35.51,24.73,30.37,60.0
SC-114,2026-07-26 16:00:00,32.68,24.92,23.76,60.0
SC-114,2026-07-26 16:30:00,29.66,21.15,28.69,60.0
SC-114,2026-07-26 17:00:00,27.75,18.61,32.93,60.0
SC-114,2026-07-26 17:30:00,24.81,17.35,30.07,60.0
SC-114,2026-07-26 18:00:00,19.97,14.29,28.42,60.0
SC-114,2026-07-26 18:30:00,15.23,10.86,28.73,60.0
SC-114,2026-07-26 19:00:00,12.91,8.75,32.26,60.0
SC-114,2026-07-26 19:30:00,8.8,6.45,26.7,60.0
SC-114,2026-07-27 08:00:00,21.41,15.62,27.05,60.0
SC-114,2026-07-27 08:30:00,28.56,21.29,25.47,60.0
SC-114,2026-07-27 09:00:00,43.82,30.25,30.97,60.0
SC-114,2026-07-27 09:30:00,54.33,36.02,33.7,60.0
SC-114,2026-07-27 10:00:00,54.51,39.64,27.28,60.0
SC-114,2026-07-27 10:30:00,56.02,41.19,26.47,60.0
SC-114,2026-07-27 11:00:00,53.79,43.16,19.76,60.0
SC-114,2026-07-27 11:30:00,63.42,42.85,32.43,60.0
SC-114,2026-07-27 12:00:00,59.2,42.79,27.71,60.0
SC-114,2026-07-27 12:30:00,61.74,43.2,30.03,60.0
SC-114,2026-07-27 13:00:00,48.06,37.27,22.46,60.0
SC-114,2026-07-27 13:30:00,46.59,32.97,29.23,60.0
SC-114,2026-07-27 14:00:00,45.76,34.65,24.29,60.0
SC-114,2026-07-27 14:30:00,42.16,30.36,27.99,60.0
SC-114,2026-07-27 15:00:00,46.61,31.4,32.63,60.0
SC-114,2026-07-27 15:30:00,43.49,31.04,28.61,60.0
SC-114,2026-07-27 16:00:00,36.89,24.91,32.47,60.0
SC-114,2026-07-27 16:30:00,29.63,22.91,22.68,60.0
SC-114,2026-07-27 17:00:00,30.1,21.92,27.18,60.0
SC-114,2026-07-27 17:30:00,23.78,16.77,29.5,60.0
SC-114,2026-07-27 18:00:00,19.95,14.16,29.01,60.0
SC-114,2026-07-27 18:30:00,15.75,11.35,27.96,60.0
SC-114,2026-07-27 19:00:00,13.58,9.72,28.46,60.0
SC-114,2026-07-27 19:30:00,8.36,6.45,22.88,60.0
SC-115,2026-06-30 08:00:00,15.51,11.19,27.82,90.0
SC-115,2026-06-30 08:30:00,24.71,18.24,26.22,90.0
SC-115,2026-06-30 09:00:00,32.77,22.78,30.49,90.0
SC-115,2026-06-30 09:30:00,36.71,26.39,28.12,90.0
SC-115,2026-06-30 10:00:00,38.08,27.16,28.67,90.0
SC-115,2026-06-30 10:30:00,40.71,30.43,25.26,90.0
SC-115,2026-06-30 11:00:00,42.54,29.95,29.6,90.0
SC-115,2026-06-30 11:30:00,41.34,29.05,29.74,90.0
SC-115,2026-06-30 12:00:00,40.78,26.08,36.05,90.0
SC-115,2026-06-30 12:30:00,40.48,26.59,34.32,90.0
SC-115,2026-06-30 13:00:00,31.98,24.77,22.56,90.0
SC-115,2026-06-30 13:30:00,33.35,24.19,27.47,90.0
SC-115,2026-06-30 14:00:00,35.1,23.11,34.14,90.0
SC-115,2026-06-30 14:30:00,27.6,20.77,24.75,90.0
SC-115,2026-06-30 15:00:00,27.69,20.84,24.76,90.0
SC-115,2026-06-30 15:30:00,28.25,20.59,27.11,90.0
SC-115,2026-06-30 16:00:00,25.96,18.92,27.12,90.0
SC-115,2026-06-30 16:30:00,22.87,16.03,29.91,90.0
SC-115,2026-06-30 17:00:00,19.03,14.76,22.45,90.0
SC-115,2026-06-30 17:30:00,15.75,11.94,24.15,90.0
SC-115,2026-06-30 18:00:00,15.23,11.18,26.61,90.0
SC-115,2026-06-30 18:30:00,12.46,8.87,28.8,90.0
SC-115,2026-06-30 19:00:00,11.3,8.3,26.5,90.0
SC-115,2026-06-30 19:30:00,6.96,5.39,22.52,90.0
SC-115,2026-07-01 08:00:00,17.58,11.63,33.86,90.0
SC-115,2026-07-01 08:30:00,23.39,16.77,28.29,90.0
SC-115,2026-07-01 09:00:00,28.75,22.24,22.66,90.0
SC-115,2026-07-01 09:30:00,32.02,23.26,27.36,90.0
SC-115,2026-07-01 10:00:00,33.86,25.42,24.93,90.0
SC-115,2026-07-01 10:30:00,38.12,27.99,26.58,90.0
SC-115,2026-07-01 11:00:00,44.0,28.44,35.37,90.0
SC-115,2026-07-01 11:30:00,34.99,26.71,23.65,90.0
SC-115,2026-07-01 12:00:00,35.5,26.99,23.99,90.0
SC-115,2026-07-01 12:30:00,35.55,26.7,24.88,90.0
SC-115,2026-07-01 13:00:00,36.09,26.14,27.58,90.0
SC-115,2026-07-01 13:30:00,31.77,23.92,24.73,90.0
SC-115,2026-07-01 14:00:00,27.25,21.02,22.84,90.0
SC-115,2026-07-01 14:30:00,31.69,21.33,32.7,90.0
SC-115,2026-07-01 15:00:00,28.38,20.43,28.0,90.0
SC-115,2026-07-01 15:30:00,27.72,19.88,28.3,90.0
SC-115,2026-07-01 16:00:00,25.86,17.93,30.68,90.0
SC-115,2026-07-01 16:30:00,20.69,14.06,32.04,90.0
SC-115,2026-07-01 17:00:00,17.87,13.58,24.0,90.0
SC-115,2026-07-01 17:30:00,16.99,11.99,29.41,90.0
SC-115,2026-07-01 18:00:00,14.15,11.43,19.2,90.0
SC-115,2026-07-01 18:30:00,12.21,8.6,29.58,90.0
SC-115,2026-07-01 19:00:00,10.15,7.15,29.57,90.0
SC-115,2026-07-01 19:30:00,8.19,5.71,30.24,90.0
SC-115,2026-07-02 08:00:00,13.97,9.97,28.67,90.0
SC-115,2026-07-02 08:30:00,24.59,16.1,34.54,90.0
SC-115,2026-07-02 09:00:00,27.63,19.67,28.81,90.0
SC-115,2026-07-02 09:30:00,33.26,24.51,26.31,90.0
SC-115,2026-07-02 10:00:00,43.71,27.75,36.51,90.0
SC-115,2026-07-02 10:30:00,34.24,25.39,25.85,90.0
SC-115,2026-07-02 11:00:00,33.84,24.97,26.22,90.0
SC-115,2026-07-02 11:30:00,34.08,25.1,26.36,90.0
SC-115,2026-07-02 12:00:00,35.77,24.91,30.36,90.0
SC-115,2026-07-02 12:30:00,35.03,25.55,27.04,90.0
SC-115,2026-07-02 13:00:00,33.91,23.19,31.62,90.0
SC-115,2026-07-02 13:30:00,31.22,21.95,29.71,90.0
SC-115,2026-07-02 14:00:00,31.94,22.87,28.4,90.0
SC-115,2026-07-02 14:30:00,27.54,19.52,29.12,90.0
SC-115,2026-07-02 15:00:00,24.37,17.42,28.51,90.0
SC-115,2026-07-02 15:30:00,23.4,17.68,24.44,90.0
SC-115,2026-07-02 16:00:00,21.93,16.2,26.15,90.0
SC-115,2026-07-02 16:30:00,17.21,12.18,29.25,90.0
SC-115,2026-07-02 17:00:00,21.3,14.49,31.99,90.0
SC-115,2026-07-02 17:30:00,17.01,12.37,27.3,90.0
SC-115,2026-07-02 18:00:00,14.12,10.24,27.49,90.0
SC-115,2026-07-02 18:30:00,12.67,9.0,28.96,90.0
SC-115,2026-07-02 19:00:00,8.62,6.8,21.14,90.0
SC-115,2026-07-02 19:30:00,7.62,6.07,20.42,90.0
SC-115,2026-07-03 08:00:00,7.62,5.79,24.01,90.0
SC-115,2026-07-03 08:30:00,11.73,8.95,23.76,90.0
SC-115,2026-07-03 09:00:00,14.0,10.22,26.98,90.0
SC-115,2026-07-03 09:30:00,17.0,12.35,27.36,90.0
SC-115,2026-07-03 10:00:00,16.98,12.64,25.58,90.0
SC-115,2026-07-03 10:30:00,17.76,13.55,23.72,90.0
SC-115,2026-07-03 11:00:00,20.45,14.68,28.22,90.0
SC-115,2026-07-03 11:30:00,20.11,13.94,30.65,90.0
SC-115,2026-07-03 12:00:00,19.38,13.36,31.07,90.0
SC-115,2026-07-03 12:30:00,18.25,13.95,23.58,90.0
SC-115,2026-07-03 13:00:00,16.46,11.79,28.36,90.0
SC-115,2026-07-03 13:30:00,18.51,13.17,28.82,90.0
SC-115,2026-07-03 14:00:00,15.7,11.14,29.01,90.0
SC-115,2026-07-03 14:30:00,15.21,10.07,33.8,90.0
SC-115,2026-07-03 15:00:00,12.67,9.37,26.06,90.0
SC-115,2026-07-03 15:30:00,12.21,9.33,23.58,90.0
SC-115,2026-07-03 16:00:00,12.85,9.31,27.58,90.0
SC-115,2026-07-03 16:30:00,10.48,7.94,24.24,90.0
SC-115,2026-07-03 17:00:00,10.59,7.57,28.47,90.0
SC-115,2026-07-03 17:30:00,8.14,5.96,26.76,90.0
SC-115,2026-07-03 18:00:00,7.18,4.91,31.59,90.0
SC-115,2026-07-03 18:30:00,5.95,4.47,24.85,90.0
SC-115,2026-07-03 19:00:00,5.87,3.97,32.35,90.0
SC-115,2026-07-03 19:30:00,4.73,3.29,30.41,90.0
SC-115,2026-07-04 08:00:00,5.94,4.43,25.39,90.0
SC-115,2026-07-04 08:30:00,8.51,6.19,27.24,90.0
SC-115,2026-07-04 09:00:00,11.08,7.69,30.59,90.0
SC-115,2026-07-04 09:30:00,13.55,9.01,33.51,90.0
SC-115,2026-07-04 10:00:00,14.39,10.32,28.31,90.0
SC-115,2026-07-04 10:30:00,14.46,10.39,28.15,90.0
SC-115,2026-07-04 11:00:00,15.83,11.09,29.93,90.0
SC-115,2026-07-04 11:30:00,17.12,11.6,32.23,90.0
SC-115,2026-07-04 12:00:00,15.43,11.62,24.68,90.0
SC-115,2026-07-04 12:30:00,14.17,9.98,29.62,90.0
SC-115,2026-07-04 13:00:00,14.61,9.47,35.2,90.0
SC-115,2026-07-04 13:30:00,13.64,8.88,34.92,90.0
SC-115,2026-07-04 14:00:00,10.88,8.61,20.83,90.0
SC-115,2026-07-04 14:30:00,11.24,7.79,30.66,90.0
SC-115,2026-07-04 15:00:00,11.08,7.76,30.03,90.0
SC-115,2026-07-04 15:30:00,9.24,6.82,26.19,90.0
SC-115,2026-07-04 16:00:00,8.69,6.45,25.72,90.0
SC-115,2026-07-04 16:30:00,9.7,6.8,29.92,90.0
SC-115,2026-07-04 17:00:00,7.69,5.46,29.03,90.0
SC-115,2026-07-04 17:30:00,7.58,5.67,25.25,90.0
SC-115,2026-07-04 18:00:00,6.42,4.59,28.55,90.0
SC-115,2026-07-04 18:30:00,5.85,3.86,34.05,90.0
SC-115,2026-07-04 19:00:00,4.28,3.09,27.76,90.0
SC-115,2026-07-04 19:30:00,2.92,2.28,21.9,90.0
SC-115,2026-07-05 08:00:00,19.13,13.25,30.75,90.0
SC-115,2026-07-05 08:30:00,27.88,20.62,26.05,90.0
SC-115,2026-07-05 09:00:00,33.54,22.05,34.25,90.0
SC-115,2026-07-05 09:30:00,35.56,25.42,28.5,90.0
SC-115,2026-07-05 10:00:00,44.16,31.52,28.63,90.0
SC-115,2026-07-05 10:30:00,43.05,32.34,24.89,90.0
SC-115,2026-07-05 11:00:00,47.38,33.6,29.08,90.0
SC-115,2026-07-05 11:30:00,45.27,32.8,27.54,90.0
SC-115,2026-07-05 12:00:00,47.86,32.58,31.94,90.0
SC-115,2026-07-05 12:30:00,45.5,31.16,31.51,90.0
SC-115,2026-07-05 13:00:00,38.18,28.36,25.71,90.0
SC-115,2026-07-05 13:30:00,39.92,27.97,29.93,90.0
SC-115,2026-07-05 14:00:00,35.3,25.63,27.39,90.0
SC-115,2026-07-05 14:30:00,33.02,22.9,30.64,90.0
SC-115,2026-07-05 15:00:00,31.2,23.63,24.27,90.0
SC-115,2026-07-05 15:30:00,31.32,21.91,30.03,90.0
SC-115,2026-07-05 16:00:00,28.44,20.82,26.8,90.0
SC-115,2026-07-05 16:30:00,22.89,15.69,31.47,90.0
SC-115,2026-07-05 17:00:00,20.53,15.3,25.48,90.0
SC-115,2026-07-05 17:30:00,21.59,15.37,28.81,90.0
SC-115,2026-07-05 18:00:00,16.88,11.31,32.97,90.0
SC-115,2026-07-05 18:30:00,14.21,9.47,33.38,90.0
SC-115,2026-07-05 19:00:00,10.35,7.28,29.61,90.0
SC-115,2026-07-05 19:30:00,8.97,6.46,27.96,90.0
SC-115,2026-07-06 08:00:00,15.97,12.08,24.36,90.0
SC-115,2026-07-06 08:30:00,25.01,18.67,25.36,90.0
SC-115,2026-07-06 09:00:00,26.91,20.76,22.86,90.0
SC-115,2026-07-06 09:30:00,38.01,26.9,29.23,90.0
SC-115,2026-07-06 10:00:00,45.96,30.75,33.08,90.0
SC-115,2026-07-06 10:30:00,41.65,29.23,29.81,90.0
SC-115,2026-07-06 11:00:00,43.42,29.7,31.59,90.0
SC-115,2026-07-06 11:30:00,40.01,27.21,31.99,90.0
SC-115,2026-07-06 12:00:00,43.94,31.37,28.61,90.0
SC-115,2026-07-06 12:30:00,38.82,29.54,23.9,90.0
SC-115,2026-07-06 13:00:00,36.51,26.75,26.74,90.0
SC-115,2026-07-06 13:30:00,31.81,22.65,28.8,90.0
SC-115,2026-07-06 14:00:00,32.73,23.16,29.25,90.0
SC-115,2026-07-06 14:30:00,29.65,23.2,21.77,90.0
SC-115,2026-07-06 15:00:00,31.32,22.22,29.04,90.0
SC-115,2026-07-06 15:30:00,27.98,19.4,30.66,90.0
SC-115,2026-07-06 16:00:00,23.42,17.27,26.27,90.0
SC-115,2026-07-06 16:30:00,24.05,18.39,23.53,90.0
SC-115,2026-07-06 17:00:00,19.83,14.55,26.61,90.0
SC-115,2026-07-06 17:30:00,18.82,13.15,30.13,90.0
SC-115,2026-07-06 18:00:00,15.33,11.59,24.37,90.0
SC-115,2026-07-06 18:30:00,13.86,10.54,23.99,90.0
SC-115,2026-07-06 19:00:00,10.97,8.3,24.35,90.0
SC-115,2026-07-06 19:30:00,9.55,5.93,37.94,90.0
SC-115,2026-07-07 08:00:00,14.73,11.57,21.46,90.0
SC-115,2026-07-07 08:30:00,25.67,19.67,23.39,90.0
SC-115,2026-07-07 09:00:00,31.69,22.31,29.62,90.0
SC-115,2026-07-07 09:30:00,34.89,26.06,25.3,90.0
SC-115,2026-07-07 10:00:00,50.18,32.18,35.88,90.0
SC-115,2026-07-07 10:30:00,45.06,31.78,29.46,90.0
SC-115,2026-07-07 11:00:00,40.81,31.53,22.72,90.0
SC-115,2026-07-07 11:30:00,40.92,31.36,23.37,90.0
SC-115,2026-07-07 12:00:00,42.5,29.09,31.56,90.0
SC-115,2026-07-07 12:30:00,44.71,29.31,34.44,90.0
SC-115,2026-07-07 13:00:00,37.76,27.47,27.25,90.0
SC-115,2026-07-07 13:30:00,35.18,24.78,29.55,90.0
SC-115,2026-07-07 14:00:00,34.95,23.5,32.74,90.0
SC-115,2026-07-07 14:30:00,29.61,21.17,28.5,90.0
SC-115,2026-07-07 15:00:00,28.41,22.2,21.88,90.0
SC-115,2026-07-07 15:30:00,29.59,20.6,30.36,90.0
SC-115,2026-07-07 16:00:00,26.66,19.49,26.9,90.0
SC-115,2026-07-07 16:30:00,22.37,16.87,24.57,90.0
SC-115,2026-07-07 17:00:00,23.16,16.94,26.84,90.0
SC-115,2026-07-07 17:30:00,19.2,13.58,29.28,90.0
SC-115,2026-07-07 18:00:00,17.7,12.42,29.86,90.0
SC-115,2026-07-07 18:30:00,12.53,9.94,20.64,90.0
SC-115,2026-07-07 19:00:00,10.14,7.88,22.32,90.0
SC-115,2026-07-07 19:30:00,8.89,6.16,30.63,90.0
SC-115,2026-07-08 08:00:00,13.34,10.07,24.55,90.0
SC-115,2026-07-08 08:30:00,21.4,16.18,24.39,90.0
SC-115,2026-07-08 09:00:00,22.48,18.93,15.8,90.0
SC-115,2026-07-08 09:30:00,30.07,20.26,32.61,90.0
SC-115,2026-07-08 10:00:00,29.47,21.73,26.29,90.0
SC-115,2026-07-08 10:30:00,36.18,26.28,27.35,90.0
SC-115,2026-07-08 11:00:00,35.76,24.59,31.25,90.0
SC-115,2026-07-08 11:30:00,37.21,27.15,27.04,90.0
SC-115,2026-07-08 12:00:00,35.35,26.78,24.24,90.0
SC-115,2026-07-08 12:30:00,36.34,26.02,28.39,90.0
SC-115,2026-07-08 13:00:00,35.54,24.48,31.1,90.0
SC-115,2026-07-08 13:30:00,29.97,22.86,23.74,90.0
SC-115,2026-07-08 14:00:00,25.2,20.34,19.29,90.0
SC-115,2026-07-08 14:30:00,29.51,20.49,30.56,90.0
SC-115,2026-07-08 15:00:00,24.84,19.49,21.53,90.0
SC-115,2026-07-08 15:30:00,23.31,17.17,26.35,90.0
SC-115,2026-07-08 16:00:00,25.55,17.07,33.17,90.0
SC-115,2026-07-08 16:30:00,19.08,14.22,25.47,90.0
SC-115,2026-07-08 17:00:00,19.44,14.3,26.42,90.0
SC-115,2026-07-08 17:30:00,18.05,12.27,31.99,90.0
SC-115,2026-07-08 18:00:00,12.59,10.02,20.42,90.0
SC-115,2026-07-08 18:30:00,12.77,8.33,34.76,90.0
SC-115,2026-07-08 19:00:00,9.61,7.19,25.17,90.0
SC-115,2026-07-08 19:30:00,7.94,5.82,26.69,90.0
SC-115,2026-07-09 08:00:00,13.95,10.77,22.75,90.0
SC-115,2026-07-09 08:30:00,24.2,17.2,28.94,90.0
SC-115,2026-07-09 09:00:00,28.04,19.57,30.21,90.0
SC-115,2026-07-09 09:30:00,34.39,23.99,30.25,90.0
SC-115,2026-07-09 10:00:00,37.26,27.08,27.32,90.0
SC-115,2026-07-09 10:30:00,32.46,24.37,24.93,90.0
SC-115,2026-07-09 11:00:00,39.83,27.4,31.2,90.0
SC-115,2026-07-09 11:30:00,33.69,27.4,18.65,90.0
SC-115,2026-07-09 12:00:00,35.83,24.45,31.75,90.0
SC-115,2026-07-09 12:30:00,37.1,26.5,28.57,90.0
SC-115,2026-07-09 13:00:00,32.89,24.44,25.68,90.0
SC-115,2026-07-09 13:30:00,29.39,22.1,24.8,90.0
SC-115,2026-07-09 14:00:00,27.07,20.24,25.25,90.0
SC-115,2026-07-09 14:30:00,26.26,20.11,23.4,90.0
SC-115,2026-07-09 15:00:00,28.0,19.12,31.7,90.0
SC-115,2026-07-09 15:30:00,27.29,19.52,28.46,90.0
SC-115,2026-07-09 16:00:00,21.49,16.59,22.81,90.0
SC-115,2026-07-09 16:30:00,18.08,13.87,23.32,90.0
SC-115,2026-07-09 17:00:00,18.44,14.5,21.34,90.0
SC-115,2026-07-09 17:30:00,14.99,11.74,21.72,90.0
SC-115,2026-07-09 18:00:00,14.93,10.92,26.89,90.0
SC-115,2026-07-09 18:30:00,11.61,8.62,25.76,90.0
SC-115,2026-07-09 19:00:00,9.44,6.55,30.62,90.0
SC-115,2026-07-09 19:30:00,7.88,4.93,37.4,90.0
SC-115,2026-07-10 08:00:00,8.03,6.34,20.99,90.0
SC-115,2026-07-10 08:30:00,11.65,8.27,29.02,90.0
SC-115,2026-07-10 09:00:00,12.99,9.33,28.19,90.0
SC-115,2026-07-10 09:30:00,15.15,11.46,24.37,90.0
SC-115,2026-07-10 10:00:00,17.41,13.05,25.02,90.0
SC-115,2026-07-10 10:30:00,20.24,15.43,23.78,90.0
SC-115,2026-07-10 11:00:00,17.82,12.99,27.08,90.0
SC-115,2026-07-10 11:30:00,20.55,14.87,27.66,90.0
SC-115,2026-07-10 12:00:00,19.62,13.83,29.49,90.0
SC-115,2026-07-10 12:30:00,17.75,13.42,24.38,90.0
SC-115,2026-07-10 13:00:00,19.35,13.2,31.79,90.0
SC-115,2026-07-10 13:30:00,15.96,11.38,28.71,90.0
SC-115,2026-07-10 14:00:00,16.82,11.24,33.21,90.0
SC-115,2026-07-10 14:30:00,13.41,10.35,22.79,90.0
SC-115,2026-07-10 15:00:00,14.44,10.6,26.61,90.0
SC-115,2026-07-10 15:30:00,11.55,9.48,17.94,90.0
SC-115,2026-07-10 16:00:00,12.08,8.54,29.26,90.0
SC-115,2026-07-10 16:30:00,11.9,8.12,31.78,90.0
SC-115,2026-07-10 17:00:00,9.55,6.66,30.3,90.0
SC-115,2026-07-10 17:30:00,8.32,6.0,27.83,90.0
SC-115,2026-07-10 18:00:00,7.6,5.55,26.93,90.0
SC-115,2026-07-10 18:30:00,6.24,4.8,23.18,90.0
SC-115,2026-07-10 19:00:00,5.23,3.86,26.32,90.0
SC-115,2026-07-10 19:30:00,4.21,3.33,20.82,90.0
SC-115,2026-07-11 08:00:00,6.03,4.73,21.51,90.0
SC-115,2026-07-11 08:30:00,8.24,6.13,25.63,90.0
SC-115,2026-07-11 09:00:00,11.01,7.87,28.56,90.0
SC-115,2026-07-11 09:30:00,12.58,9.22,26.69,90.0
SC-115,2026-07-11 10:00:00,10.68,8.19,23.31,90.0
SC-115,2026-07-11 10:30:00,13.33,9.42,29.35,90.0
SC-115,2026-07-11 11:00:00,14.48,10.3,28.88,90.0
SC-115,2026-07-11 11:30:00,14.62,10.42,28.7,90.0
SC-115,2026-07-11 12:00:00,13.49,9.68,28.29,90.0
SC-115,2026-07-11 12:30:00,14.59,10.19,30.13,90.0
SC-115,2026-07-11 13:00:00,12.56,8.97,28.57,90.0
SC-115,2026-07-11 13:30:00,13.12,8.9,32.19,90.0
SC-115,2026-07-11 14:00:00,10.27,7.76,24.44,90.0
SC-115,2026-07-11 14:30:00,9.61,6.96,27.5,90.0
SC-115,2026-07-11 15:00:00,10.64,7.55,29.06,90.0
SC-115,2026-07-11 15:30:00,9.98,7.31,26.78,90.0
SC-115,2026-07-11 16:00:00,9.04,6.16,31.89,90.0
SC-115,2026-07-11 16:30:00,7.72,5.56,28.0,90.0
SC-115,2026-07-11 17:00:00,9.01,5.46,39.43,90.0
SC-115,2026-07-11 17:30:00,7.74,5.26,31.97,90.0
SC-115,2026-07-11 18:00:00,5.34,3.91,26.82,90.0
SC-115,2026-07-11 18:30:00,4.49,3.6,19.85,90.0
SC-115,2026-07-11 19:00:00,4.18,2.94,29.77,90.0
SC-115,2026-07-11 19:30:00,3.56,2.7,24.13,90.0
SC-115,2026-07-12 08:00:00,15.07,11.45,23.99,90.0
SC-115,2026-07-12 08:30:00,25.91,19.92,23.15,90.0
SC-115,2026-07-12 09:00:00,30.43,22.92,24.67,90.0
SC-115,2026-07-12 09:30:00,35.84,26.25,26.75,90.0
SC-115,2026-07-12 10:00:00,34.43,27.71,19.51,90.0
SC-115,2026-07-12 10:30:00,41.06,28.94,29.51,90.0
SC-115,2026-07-12 11:00:00,42.86,31.84,25.72,90.0
SC-115,2026-07-12 11:30:00,45.74,31.36,31.44,90.0
SC-115,2026-07-12 12:00:00,41.49,31.04,25.2,90.0
SC-115,2026-07-12 12:30:00,38.93,28.7,26.28,90.0
SC-115,2026-07-12 13:00:00,40.81,29.75,27.11,90.0
SC-115,2026-07-12 13:30:00,34.36,26.44,23.05,90.0
SC-115,2026-07-12 14:00:00,31.53,23.74,24.71,90.0
SC-115,2026-07-12 14:30:00,34.76,22.97,33.92,90.0
SC-115,2026-07-12 15:00:00,30.26,23.32,22.96,90.0
SC-115,2026-07-12 15:30:00,25.39,19.62,22.71,90.0
SC-115,2026-07-12 16:00:00,23.27,17.0,26.95,90.0
SC-115,2026-07-12 16:30:00,25.32,18.61,26.52,90.0
SC-115,2026-07-12 17:00:00,22.5,16.15,28.24,90.0
SC-115,2026-07-12 17:30:00,17.89,12.56,29.76,90.0
SC-115,2026-07-12 18:00:00,16.2,11.62,28.29,90.0
SC-115,2026-07-12 18:30:00,13.69,9.94,27.44,90.0
SC-115,2026-07-12 19:00:00,10.1,7.21,28.59,90.0
SC-115,2026-07-12 19:30:00,7.26,5.65,22.18,90.0
SC-115,2026-07-13 08:00:00,15.46,11.9,23.04,90.0
SC-115,2026-07-13 08:30:00,25.07,17.99,28.23,90.0
SC-115,2026-07-13 09:00:00,28.1,20.69,26.35,90.0
SC-115,2026-07-13 09:30:00,30.81,23.35,24.23,90.0
SC-115,2026-07-13 10:00:00,40.43,27.46,32.09,90.0
SC-115,2026-07-13 10:30:00,36.23,26.28,27.48,90.0
SC-115,2026-07-13 11:00:00,39.5,27.62,30.07,90.0
SC-115,2026-07-13 11:30:00,39.26,28.74,26.8,90.0
SC-115,2026-07-13 12:00:00,41.39,26.67,35.58,90.0
SC-115,2026-07-13 12:30:00,38.39,27.09,29.44,90.0
SC-115,2026-07-13 13:00:00,37.86,29.0,23.4,90.0
SC-115,2026-07-13 13:30:00,31.61,21.97,30.5,90.0
SC-115,2026-07-13 14:00:00,29.14,20.93,28.16,90.0
SC-115,2026-07-13 14:30:00,32.61,24.83,23.86,90.0
SC-115,2026-07-13 15:00:00,24.79,19.48,21.45,90.0
SC-115,2026-07-13 15:30:00,26.25,19.42,26.0,90.0
SC-115,2026-07-13 16:00:00,27.08,19.61,27.59,90.0
SC-115,2026-07-13 16:30:00,23.29,17.53,24.73,90.0
SC-115,2026-07-13 17:00:00,18.21,14.1,22.56,90.0
SC-115,2026-07-13 17:30:00,18.83,13.29,29.45,90.0
SC-115,2026-07-13 18:00:00,15.02,10.08,32.89,90.0
SC-115,2026-07-13 18:30:00,12.73,8.91,30.01,90.0
SC-115,2026-07-13 19:00:00,10.54,7.55,28.32,90.0
SC-115,2026-07-13 19:30:00,8.99,6.46,28.19,90.0
SC-115,2026-07-14 08:00:00,16.28,12.24,24.77,90.0
SC-115,2026-07-14 08:30:00,23.61,17.47,26.02,90.0
SC-115,2026-07-14 09:00:00,27.03,19.84,26.59,90.0
SC-115,2026-07-14 09:30:00,35.84,24.22,32.41,90.0
SC-115,2026-07-14 10:00:00,39.88,26.98,32.35,90.0
SC-115,2026-07-14 10:30:00,39.66,26.44,33.34,90.0
SC-115,2026-07-14 11:00:00,39.2,27.17,30.68,90.0
SC-115,2026-07-14 11:30:00,42.0,27.77,33.88,90.0
SC-115,2026-07-14 12:00:00,36.75,27.2,25.99,90.0
SC-115,2026-07-14 12:30:00,35.15,26.99,23.22,90.0
SC-115,2026-07-14 13:00:00,36.86,25.76,30.12,90.0
SC-115,2026-07-14 13:30:00,33.08,23.11,30.14,90.0
SC-115,2026-07-14 14:00:00,31.87,22.97,27.93,90.0
SC-115,2026-07-14 14:30:00,32.06,22.19,30.78,90.0
SC-115,2026-07-14 15:00:00,24.15,17.5,27.54,90.0
SC-115,2026-07-14 15:30:00,29.23,21.05,28.01,90.0
SC-115,2026-07-14 16:00:00,25.38,17.26,32.0,90.0
SC-115,2026-07-14 16:30:00,19.21,14.28,25.69,90.0
SC-115,2026-07-14 17:00:00,19.3,14.44,25.15,90.0
SC-115,2026-07-14 17:30:00,17.6,12.31,30.06,90.0
SC-115,2026-07-14 18:00:00,15.26,11.42,25.15,90.0
SC-115,2026-07-14 18:30:00,12.39,8.61,30.52,90.0
SC-115,2026-07-14 19:00:00,9.57,7.19,24.91,90.0
SC-115,2026-07-14 19:30:00,7.57,5.74,24.14,90.0
SC-115,2026-07-15 08:00:00,17.31,12.34,28.7,90.0
SC-115,2026-07-15 08:30:00,24.93,17.79,28.65,90.0
SC-115,2026-07-15 09:00:00,27.89,19.9,28.63,90.0
SC-115,2026-07-15 09:30:00,34.29,26.02,24.13,90.0
SC-115,2026-07-15 10:00:00,38.65,26.47,31.5,90.0
SC-115,2026-07-15 10:30:00,39.88,29.57,25.85,90.0
SC-115,2026-07-15 11:00:00,40.09,28.73,28.34,90.0
SC-115,2026-07-15 11:30:00,40.13,28.93,27.91,90.0
SC-115,2026-07-15 12:00:00,37.88,29.32,22.6,90.0
SC-115,2026-07-15 12:30:00,32.38,25.02,22.75,90.0
SC-115,2026-07-15 13:00:00,34.91,25.06,28.23,90.0
SC-115,2026-07-15 13:30:00,34.67,24.98,27.95,90.0
SC-115,2026-07-15 14:00:00,29.11,21.97,24.52,90.0
SC-115,2026-07-15 14:30:00,30.57,22.69,25.76,90.0
SC-115,2026-07-15 15:00:00,28.84,21.41,25.77,90.0
SC-115,2026-07-15 15:30:00,25.73,19.41,24.56,90.0
SC-115,2026-07-15 16:00:00,22.97,17.25,24.89,90.0
SC-115,2026-07-15 16:30:00,19.42,15.11,22.17,90.0
SC-115,2026-07-15 17:00:00,21.9,15.39,29.69,90.0
SC-115,2026-07-15 17:30:00,18.27,13.21,27.73,90.0
SC-115,2026-07-15 18:00:00,16.93,11.59,31.57,90.0
SC-115,2026-07-15 18:30:00,11.75,8.81,25.02,90.0
SC-115,2026-07-15 19:00:00,10.35,7.84,24.24,90.0
SC-115,2026-07-15 19:30:00,8.33,6.14,26.32,90.0
SC-115,2026-07-16 08:00:00,15.02,10.68,28.88,90.0
SC-115,2026-07-16 08:30:00,19.95,14.4,27.81,90.0
SC-115,2026-07-16 09:00:00,30.58,20.65,32.49,90.0
SC-115,2026-07-16 09:30:00,33.7,25.0,25.82,90.0
SC-115,2026-07-16 10:00:00,35.94,26.46,26.37,90.0
SC-115,2026-07-16 10:30:00,39.39,27.9,29.15,90.0
SC-115,2026-07-16 11:00:00,34.8,26.88,22.76,90.0
SC-115,2026-07-16 11:30:00,37.8,27.57,27.05,90.0
SC-115,2026-07-16 12:00:00,41.37,28.0,32.32,90.0
SC-115,2026-07-16 12:30:00,41.97,28.1,33.04,90.0
SC-115,2026-07-16 13:00:00,32.65,24.45,25.14,90.0
SC-115,2026-07-16 13:30:00,31.77,23.65,25.57,90.0
SC-115,2026-07-16 14:00:00,31.08,24.05,22.62,90.0
SC-115,2026-07-16 14:30:00,25.92,20.83,19.64,90.0
SC-115,2026-07-16 15:00:00,25.68,18.19,29.17,90.0
SC-115,2026-07-16 15:30:00,25.52,17.95,29.66,90.0
SC-115,2026-07-16 16:00:00,22.25,16.4,26.29,90.0
SC-115,2026-07-16 16:30:00,20.33,15.3,24.74,90.0
SC-115,2026-07-16 17:00:00,19.25,13.22,31.35,90.0
SC-115,2026-07-16 17:30:00,17.42,12.82,26.4,90.0
SC-115,2026-07-16 18:00:00,15.2,10.39,31.64,90.0
SC-115,2026-07-16 18:30:00,12.48,8.24,33.97,90.0
SC-115,2026-07-16 19:00:00,9.64,6.69,30.59,90.0
SC-115,2026-07-16 19:30:00,8.89,5.99,32.64,90.0
SC-115,2026-07-17 08:00:00,8.27,5.98,27.66,90.0
SC-115,2026-07-17 08:30:00,11.97,8.59,28.27,90.0
SC-115,2026-07-17 09:00:00,14.16,10.47,26.07,90.0
SC-115,2026-07-17 09:30:00,16.7,12.62,24.47,90.0
SC-115,2026-07-17 10:00:00,20.17,13.07,35.2,90.0
SC-115,2026-07-17 10:30:00,17.33,13.76,20.56,90.0
SC-115,2026-07-17 11:00:00,19.35,13.91,28.09,90.0
SC-115,2026-07-17 11:30:00,20.47,14.05,31.34,90.0
SC-115,2026-07-17 12:00:00,21.89,15.78,27.89,90.0
SC-115,2026-07-17 12:30:00,18.42,13.83,24.91,90.0
SC-115,2026-07-17 13:00:00,18.58,13.63,26.65,90.0
SC-115,2026-07-17 13:30:00,16.54,11.67,29.45,90.0
SC-115,2026-07-17 14:00:00,15.9,11.7,26.43,90.0
SC-115,2026-07-17 14:30:00,12.86,9.47,26.38,90.0
SC-115,2026-07-17 15:00:00,15.16,10.66,29.68,90.0
SC-115,2026-07-17 15:30:00,12.48,9.23,26.0,90.0
SC-115,2026-07-17 16:00:00,9.3,7.48,19.54,90.0
SC-115,2026-07-17 16:30:00,11.29,8.03,28.89,90.0
SC-115,2026-07-17 17:00:00,12.37,7.61,38.44,90.0
SC-115,2026-07-17 17:30:00,10.16,6.96,31.49,90.0
SC-115,2026-07-17 18:00:00,8.38,5.99,28.49,90.0
SC-115,2026-07-17 18:30:00,7.46,5.1,31.69,90.0
SC-115,2026-07-17 19:00:00,5.48,4.05,26.07,90.0
SC-115,2026-07-17 19:30:00,4.19,2.92,30.4,90.0
SC-115,2026-07-18 08:00:00,5.9,4.46,24.43,90.0
SC-115,2026-07-18 08:30:00,9.63,6.91,28.21,90.0
SC-115,2026-07-18 09:00:00,11.29,8.07,28.55,90.0
SC-115,2026-07-18 09:30:00,13.38,9.36,30.06,90.0
SC-115,2026-07-18 10:00:00,13.77,9.61,30.21,90.0
SC-115,2026-07-18 10:30:00,14.4,10.47,27.31,90.0
SC-115,2026-07-18 11:00:00,13.84,10.41,24.79,90.0
SC-115,2026-07-18 11:30:00,17.0,11.24,33.89,90.0
SC-115,2026-07-18 12:00:00,13.63,10.08,26.04,90.0
SC-115,2026-07-18 12:30:00,13.59,9.21,32.23,90.0
SC-115,2026-07-18 13:00:00,13.15,9.74,25.92,90.0
SC-115,2026-07-18 13:30:00,13.5,9.43,30.18,90.0
SC-115,2026-07-18 14:00:00,11.62,8.2,29.41,90.0
SC-115,2026-07-18 14:30:00,11.01,7.91,28.11,90.0
SC-115,2026-07-18 15:00:00,11.57,7.82,32.41,90.0
SC-115,2026-07-18 15:30:00,10.92,7.96,27.08,90.0
SC-115,2026-07-18 16:00:00,9.15,6.7,26.81,90.0
SC-115,2026-07-18 16:30:00,7.73,5.69,26.38,90.0
SC-115,2026-07-18 17:00:00,7.05,5.21,26.13,90.0
SC-115,2026-07-18 17:30:00,6.79,4.82,29.02,90.0
SC-115,2026-07-18 18:00:00,6.94,4.56,34.22,90.0
SC-115,2026-07-18 18:30:00,5.33,3.77,29.28,90.0
SC-115,2026-07-18 19:00:00,4.03,3.01,25.34,90.0
SC-115,2026-07-18 19:30:00,3.58,2.47,30.89,90.0
SC-115,2026-07-19 08:00:00,16.68,12.64,24.21,90.0
SC-115,2026-07-19 08:30:00,25.65,18.55,27.68,90.0
SC-115,2026-07-19 09:00:00,25.98,19.61,24.54,90.0
SC-115,2026-07-19 09:30:00,36.57,26.37,27.89,90.0
SC-115,2026-07-19 10:00:00,38.18,27.29,28.53,90.0
SC-115,2026-07-19 10:30:00,43.48,30.31,30.29,90.0
SC-115,2026-07-19 11:00:00,48.4,32.75,32.33,90.0
SC-115,2026-07-19 11:30:00,51.77,35.74,30.95,90.0
SC-115,2026-07-19 12:00:00,38.86,28.08,27.73,90.0
SC-115,2026-07-19 12:30:00,38.22,27.14,29.0,90.0
SC-115,2026-07-19 13:00:00,38.85,27.81,28.41,90.0
SC-115,2026-07-19 13:30:00,35.76,25.46,28.8,90.0
SC-115,2026-07-19 14:00:00,32.04,23.64,26.21,90.0
SC-115,2026-07-19 14:30:00,28.57,20.47,28.36,90.0
SC-115,2026-07-19 15:00:00,31.45,21.64,31.21,90.0
SC-115,2026-07-19 15:30:00,24.25,18.22,24.87,90.0
SC-115,2026-07-19 16:00:00,25.0,18.22,27.12,90.0
SC-115,2026-07-19 16:30:00,23.99,17.14,28.57,90.0
SC-115,2026-07-19 17:00:00,23.11,15.35,33.6,90.0
SC-115,2026-07-19 17:30:00,20.62,14.58,29.27,90.0
SC-115,2026-07-19 18:00:00,13.74,9.87,28.15,90.0
SC-115,2026-07-19 18:30:00,11.29,8.71,22.89,90.0
SC-115,2026-07-19 19:00:00,10.56,7.34,30.52,90.0
SC-115,2026-07-19 19:30:00,6.88,5.28,23.26,90.0
SC-115,2026-07-20 08:00:00,17.72,12.43,29.86,90.0
SC-115,2026-07-20 08:30:00,27.04,18.85,30.29,90.0
SC-115,2026-07-20 09:00:00,33.66,23.72,29.54,90.0
SC-115,2026-07-20 09:30:00,36.48,25.9,28.99,90.0
SC-115,2026-07-20 10:00:00,40.71,28.89,29.05,90.0
SC-115,2026-07-20 10:30:00,46.95,32.64,30.48,90.0
SC-115,2026-07-20 11:00:00,39.13,29.21,25.33,90.0
SC-115,2026-07-20 11:30:00,43.94,32.17,26.79,90.0
SC-115,2026-07-20 12:00:00,45.88,32.51,29.15,90.0
SC-115,2026-07-20 12:30:00,38.92,28.29,27.31,90.0
SC-115,2026-07-20 13:00:00,34.74,25.2,27.47,90.0
SC-115,2026-07-20 13:30:00,32.96,24.14,26.74,90.0
SC-115,2026-07-20 14:00:00,37.44,27.93,25.4,90.0
SC-115,2026-07-20 14:30:00,30.59,22.4,26.78,90.0
SC-115,2026-07-20 15:00:00,29.04,20.67,28.8,90.0
SC-115,2026-07-20 15:30:00,27.87,21.31,23.55,90.0
SC-115,2026-07-20 16:00:00,27.9,18.76,32.76,90.0
SC-115,2026-07-20 16:30:00,25.83,18.5,28.39,90.0
SC-115,2026-07-20 17:00:00,21.78,15.95,26.73,90.0
SC-115,2026-07-20 17:30:00,20.52,15.08,26.5,90.0
SC-115,2026-07-20 18:00:00,15.74,10.65,32.32,90.0
SC-115,2026-07-20 18:30:00,13.63,10.42,23.57,90.0
SC-115,2026-07-20 19:00:00,12.82,8.4,34.45,90.0
SC-115,2026-07-20 19:30:00,9.2,6.69,27.26,90.0
SC-115,2026-07-21 08:00:00,14.81,11.34,23.4,90.0
SC-115,2026-07-21 08:30:00,25.68,17.64,31.31,90.0
SC-115,2026-07-21 09:00:00,30.23,23.25,23.11,90.0
SC-115,2026-07-21 09:30:00,36.96,25.09,32.11,90.0
SC-115,2026-07-21 10:00:00,41.04,27.44,33.13,90.0
SC-115,2026-07-21 10:30:00,46.25,30.31,34.45,90.0
SC-115,2026-07-21 11:00:00,38.86,28.25,27.3,90.0
SC-115,2026-07-21 11:30:00,44.43,29.86,32.8,90.0
SC-115,2026-07-21 12:00:00,33.82,27.6,18.39,90.0
SC-115,2026-07-21 12:30:00,39.5,29.05,26.46,90.0
SC-115,2026-07-21 13:00:00,38.38,28.2,26.53,90.0
SC-115,2026-07-21 13:30:00,32.88,23.02,30.0,90.0
SC-115,2026-07-21 14:00:00,34.75,23.53,32.28,90.0
SC-115,2026-07-21 14:30:00,29.56,21.14,28.49,90.0
SC-115,2026-07-21 15:00:00,30.72,21.7,29.38,90.0
SC-115,2026-07-21 15:30:00,24.36,18.05,25.88,90.0
SC-115,2026-07-21 16:00:00,29.53,20.33,31.18,90.0
SC-115,2026-07-21 16:30:00,26.53,19.58,26.21,90.0
SC-115,2026-07-21 17:00:00,21.98,15.51,29.45,90.0
SC-115,2026-07-21 17:30:00,18.2,13.41,26.34,90.0
SC-115,2026-07-21 18:00:00,14.82,10.8,27.11,90.0
SC-115,2026-07-21 18:30:00,13.56,9.33,31.17,90.0
SC-115,2026-07-21 19:00:00,11.03,7.68,30.41,90.0
SC-115,2026-07-21 19:30:00,8.15,5.82,28.56,90.0
SC-115,2026-07-22 08:00:00,18.08,11.82,34.58,90.0
SC-115,2026-07-22 08:30:00,25.4,17.64,30.55,90.0
SC-115,2026-07-22 09:00:00,34.93,24.03,31.21,90.0
SC-115,2026-07-22 09:30:00,37.98,27.26,28.22,90.0
SC-115,2026-07-22 10:00:00,33.37,25.03,24.98,90.0
SC-115,2026-07-22 10:30:00,44.28,32.28,27.1,90.0
SC-115,2026-07-22 11:00:00,42.18,30.71,27.18,90.0
SC-115,2026-07-22 11:30:00,39.26,30.0,23.57,90.0
SC-115,2026-07-22 12:00:00,36.34,28.31,22.08,90.0
SC-115,2026-07-22 12:30:00,35.15,26.73,23.96,90.0
SC-115,2026-07-22 13:00:00,40.06,29.13,27.28,90.0
SC-115,2026-07-22 13:30:00,36.23,27.17,24.99,90.0
SC-115,2026-07-22 14:00:00,33.6,23.7,29.48,90.0
SC-115,2026-07-22 14:30:00,29.6,21.76,26.48,90.0
SC-115,2026-07-22 15:00:00,31.64,21.7,31.43,90.0
SC-115,2026-07-22 15:30:00,25.98,17.68,31.93,90.0
SC-115,2026-07-22 16:00:00,26.0,18.89,27.33,90.0
SC-115,2026-07-22 16:30:00,24.16,17.45,27.78,90.0
SC-115,2026-07-22 17:00:00,19.84,14.58,26.51,90.0
SC-115,2026-07-22 17:30:00,19.53,13.0,33.44,90.0
SC-115,2026-07-22 18:00:00,16.15,12.15,24.82,90.0
SC-115,2026-07-22 18:30:00,12.35,8.78,28.91,90.0
SC-115,2026-07-22 19:00:00,9.13,7.44,18.59,90.0
SC-115,2026-07-22 19:30:00,8.94,6.5,27.33,90.0
SC-115,2026-07-23 08:00:00,15.33,10.89,28.94,90.0
SC-115,2026-07-23 08:30:00,23.5,17.32,26.3,90.0
SC-115,2026-07-23 09:00:00,33.14,25.39,23.4,90.0
SC-115,2026-07-23 09:30:00,37.2,26.85,27.84,90.0
SC-115,2026-07-23 10:00:00,39.18,27.39,30.09,90.0
SC-115,2026-07-23 10:30:00,38.33,27.42,28.46,90.0
SC-115,2026-07-23 11:00:00,46.22,34.42,25.53,90.0
SC-115,2026-07-23 11:30:00,46.81,33.48,28.49,90.0
SC-115,2026-07-23 12:00:00,38.37,29.64,22.74,90.0
SC-115,2026-07-23 12:30:00,37.76,27.94,26.02,90.0
SC-115,2026-07-23 13:00:00,32.64,25.39,22.22,90.0
SC-115,2026-07-23 13:30:00,34.02,24.68,27.44,90.0
SC-115,2026-07-23 14:00:00,29.4,21.62,26.46,90.0
SC-115,2026-07-23 14:30:00,29.74,20.91,29.69,90.0
SC-115,2026-07-23 15:00:00,30.26,21.15,30.12,90.0
SC-115,2026-07-23 15:30:00,30.74,19.96,35.05,90.0
SC-115,2026-07-23 16:00:00,24.22,18.08,25.34,90.0
SC-115,2026-07-23 16:30:00,22.32,16.34,26.78,90.0
SC-115,2026-07-23 17:00:00,18.72,13.9,25.75,90.0
SC-115,2026-07-23 17:30:00,18.48,12.89,30.24,90.0
SC-115,2026-07-23 18:00:00,15.29,11.36,25.67,90.0
SC-115,2026-07-23 18:30:00,12.4,9.03,27.22,90.0
SC-115,2026-07-23 19:00:00,9.52,7.02,26.23,90.0
SC-115,2026-07-23 19:30:00,8.63,6.09,29.39,90.0
SC-115,2026-07-24 08:00:00,7.73,5.71,26.14,90.0
SC-115,2026-07-24 08:30:00,11.18,8.52,23.76,90.0
SC-115,2026-07-24 09:00:00,15.36,11.04,28.09,90.0
SC-115,2026-07-24 09:30:00,16.14,11.74,27.26,90.0
SC-115,2026-07-24 10:00:00,20.31,14.6,28.14,90.0
SC-115,2026-07-24 10:30:00,19.38,14.06,27.42,90.0
SC-115,2026-07-24 11:00:00,17.87,13.1,26.66,90.0
SC-115,2026-07-24 11:30:00,17.13,12.81,25.22,90.0
SC-115,2026-07-24 12:00:00,16.75,13.13,21.62,90.0
SC-115,2026-07-24 12:30:00,18.49,13.1,29.15,90.0
SC-115,2026-07-24 13:00:00,15.38,12.05,21.7,90.0
SC-115,2026-07-24 13:30:00,16.08,11.38,29.23,90.0
SC-115,2026-07-24 14:00:00,14.56,11.28,22.52,90.0
SC-115,2026-07-24 14:30:00,13.88,9.88,28.79,90.0
SC-115,2026-07-24 15:00:00,14.32,10.17,28.95,90.0
SC-115,2026-07-24 15:30:00,14.76,10.21,30.8,90.0
SC-115,2026-07-24 16:00:00,11.88,8.55,28.02,90.0
SC-115,2026-07-24 16:30:00,10.12,7.95,21.38,90.0
SC-115,2026-07-24 17:00:00,10.14,7.16,29.44,90.0
SC-115,2026-07-24 17:30:00,8.93,6.64,25.6,90.0
SC-115,2026-07-24 18:00:00,8.07,5.73,29.05,90.0
SC-115,2026-07-24 18:30:00,6.42,4.74,26.14,90.0
SC-115,2026-07-24 19:00:00,5.25,4.11,21.59,90.0
SC-115,2026-07-24 19:30:00,4.3,3.17,26.28,90.0
SC-115,2026-07-25 08:00:00,6.02,4.4,26.87,90.0
SC-115,2026-07-25 08:30:00,9.28,6.35,31.6,90.0
SC-115,2026-07-25 09:00:00,10.98,7.69,29.97,90.0
SC-115,2026-07-25 09:30:00,13.24,9.61,27.39,90.0
SC-115,2026-07-25 10:00:00,12.18,8.91,26.85,90.0
SC-115,2026-07-25 10:30:00,13.18,9.53,27.7,90.0
SC-115,2026-07-25 11:00:00,14.72,10.5,28.68,90.0
SC-115,2026-07-25 11:30:00,15.49,10.76,30.57,90.0
SC-115,2026-07-25 12:00:00,15.68,10.58,32.55,90.0
SC-115,2026-07-25 12:30:00,12.82,9.66,24.63,90.0
SC-115,2026-07-25 13:00:00,12.81,9.07,29.16,90.0
SC-115,2026-07-25 13:30:00,11.76,8.38,28.75,90.0
SC-115,2026-07-25 14:00:00,12.19,8.82,27.64,90.0
SC-115,2026-07-25 14:30:00,11.19,7.8,30.29,90.0
SC-115,2026-07-25 15:00:00,10.94,7.26,33.63,90.0
SC-115,2026-07-25 15:30:00,9.92,6.76,31.85,90.0
SC-115,2026-07-25 16:00:00,9.2,6.75,26.63,90.0
SC-115,2026-07-25 16:30:00,9.09,5.94,34.69,90.0
SC-115,2026-07-25 17:00:00,7.61,5.05,33.7,90.0
SC-115,2026-07-25 17:30:00,5.88,4.26,27.54,90.0
SC-115,2026-07-25 18:00:00,6.79,4.57,32.78,90.0
SC-115,2026-07-25 18:30:00,5.02,3.58,28.72,90.0
SC-115,2026-07-25 19:00:00,3.98,2.87,27.8,90.0
SC-115,2026-07-25 19:30:00,3.38,2.59,23.4,90.0
SC-115,2026-07-26 08:00:00,18.41,13.03,29.23,90.0
SC-115,2026-07-26 08:30:00,25.23,18.48,26.75,90.0
SC-115,2026-07-26 09:00:00,33.17,25.04,24.49,90.0
SC-115,2026-07-26 09:30:00,44.58,30.07,32.54,90.0
SC-115,2026-07-26 10:00:00,44.07,32.1,27.16,90.0
SC-115,2026-07-26 10:30:00,47.6,30.91,35.07,90.0
SC-115,2026-07-26 11:00:00,48.43,36.14,25.38,90.0
SC-115,2026-07-26 11:30:00,48.65,33.86,30.4,90.0
SC-115,2026-07-26 12:00:00,46.64,36.64,21.43,90.0
SC-115,2026-07-26 12:30:00,37.69,28.66,23.97,90.0
SC-115,2026-07-26 13:00:00,39.85,29.27,26.55,90.0
SC-115,2026-07-26 13:30:00,33.98,26.32,22.54,90.0
SC-115,2026-07-26 14:00:00,30.43,23.89,21.49,90.0
SC-115,2026-07-26 14:30:00,34.5,24.5,28.96,90.0
SC-115,2026-07-26 15:00:00,31.18,21.95,29.58,90.0
SC-115,2026-07-26 15:30:00,33.63,23.55,29.98,90.0
SC-115,2026-07-26 16:00:00,31.66,20.74,34.5,90.0
SC-115,2026-07-26 16:30:00,23.53,18.07,23.17,90.0
SC-115,2026-07-26 17:00:00,24.43,16.94,30.68,90.0
SC-115,2026-07-26 17:30:00,18.37,14.21,22.65,90.0
SC-115,2026-07-26 18:00:00,18.56,13.02,29.82,90.0
SC-115,2026-07-26 18:30:00,14.13,10.28,27.25,90.0
SC-115,2026-07-26 19:00:00,11.41,8.18,28.35,90.0
SC-115,2026-07-26 19:30:00,11.31,7.47,33.91,90.0
SC-115,2026-07-27 08:00:00,17.91,12.48,30.28,90.0
SC-115,2026-07-27 08:30:00,22.67,16.58,26.88,90.0
SC-115,2026-07-27 09:00:00,28.73,20.59,28.34,90.0
SC-115,2026-07-27 09:30:00,35.97,25.69,28.57,90.0
SC-115,2026-07-27 10:00:00,41.22,26.13,36.6,90.0
SC-115,2026-07-27 10:30:00,48.31,32.58,32.57,90.0
SC-115,2026-07-27 11:00:00,36.84,29.0,21.27,90.0
SC-115,2026-07-27 11:30:00,42.68,30.95,27.48,90.0
SC-115,2026-07-27 12:00:00,39.99,27.85,30.34,90.0
SC-115,2026-07-27 12:30:00,41.98,28.38,32.39,90.0
SC-115,2026-07-27 13:00:00,34.27,24.83,27.54,90.0
SC-115,2026-07-27 13:30:00,38.71,24.91,35.64,90.0
SC-115,2026-07-27 14:00:00,30.62,22.02,28.09,90.0
SC-115,2026-07-27 14:30:00,28.5,20.07,29.57,90.0
SC-115,2026-07-27 15:00:00,26.92,19.36,28.09,90.0
SC-115,2026-07-27 15:30:00,25.01,18.35,26.62,90.0
SC-115,2026-07-27 16:00:00,24.63,17.7,28.12,90.0
SC-115,2026-07-27 16:30:00,21.54,14.39,33.21,90.0
SC-115,2026-07-27 17:00:00,21.13,14.99,29.06,90.0
SC-115,2026-07-27 17:30:00,15.88,12.52,21.15,90.0
SC-115,2026-07-27 18:00:00,15.59,11.37,27.12,90.0
SC-115,2026-07-27 18:30:00,13.1,9.34,28.67,90.0
SC-115,2026-07-27 19:00:00,9.52,7.35,22.8,90.0
SC-115,2026-07-27 19:30:00,7.91,5.67,28.41,90.0
SC-116,2026-06-30 08:00:00,13.35,9.95,25.47,60.0
SC-116,2026-06-30 08:30:00,17.92,14.37,19.83,60.0
SC-116,2026-06-30 09:00:00,27.84,19.41,30.29,60.0
SC-116,2026-06-30 09:30:00,30.66,20.8,32.15,60.0
SC-116,2026-06-30 10:00:00,32.44,23.63,27.15,60.0
SC-116,2026-06-30 10:30:00,40.13,29.23,27.16,60.0
SC-116,2026-06-30 11:00:00,36.11,26.34,27.05,60.0
SC-116,2026-06-30 11:30:00,46.0,30.11,34.54,60.0
SC-116,2026-06-30 12:00:00,36.31,25.22,30.53,60.0
SC-116,2026-06-30 12:30:00,31.97,23.56,26.31,60.0
SC-116,2026-06-30 13:00:00,35.88,24.57,31.51,60.0
SC-116,2026-06-30 13:30:00,33.64,23.16,31.14,60.0
SC-116,2026-06-30 14:00:00,26.32,19.06,27.6,60.0
SC-116,2026-06-30 14:30:00,29.34,20.42,30.41,60.0
SC-116,2026-06-30 15:00:00,26.27,18.22,30.64,60.0
SC-116,2026-06-30 15:30:00,24.04,16.43,31.65,60.0
SC-116,2026-06-30 16:00:00,23.31,15.47,33.66,60.0
SC-116,2026-06-30 16:30:00,19.72,13.99,29.05,60.0
SC-116,2026-07-01 08:00:00,12.81,9.0,29.77,60.0
SC-116,2026-07-01 08:30:00,21.76,16.05,26.23,60.0
SC-116,2026-07-01 09:00:00,26.74,17.38,35.01,60.0
SC-116,2026-07-01 09:30:00,25.87,19.35,25.19,60.0
SC-116,2026-07-01 10:00:00,34.36,23.44,31.79,60.0
SC-116,2026-07-01 10:30:00,39.15,25.67,34.42,60.0
SC-116,2026-07-01 11:00:00,32.73,22.98,29.78,60.0
SC-116,2026-07-01 11:30:00,34.54,25.26,26.86,60.0
SC-116,2026-07-01 12:00:00,32.28,23.32,27.77,60.0
SC-116,2026-07-01 12:30:00,29.43,22.12,24.85,60.0
SC-116,2026-07-01 13:00:00,27.05,20.27,25.09,60.0
SC-116,2026-07-01 13:30:00,29.54,20.81,29.55,60.0
SC-116,2026-07-01 14:00:00,25.58,17.21,32.71,60.0
SC-116,2026-07-01 14:30:00,24.56,18.41,25.02,60.0
SC-116,2026-07-01 15:00:00,21.95,16.38,25.38,60.0
SC-116,2026-07-01 15:30:00,23.8,17.3,27.29,60.0
SC-116,2026-07-01 16:00:00,18.44,14.03,23.93,60.0
SC-116,2026-07-01 16:30:00,18.37,13.44,26.82,60.0
SC-116,2026-07-02 08:00:00,12.59,9.51,24.52,60.0
SC-116,2026-07-02 08:30:00,16.25,12.1,25.53,60.0
SC-116,2026-07-02 09:00:00,23.28,17.57,24.52,60.0
SC-116,2026-07-02 09:30:00,25.76,19.46,24.45,60.0
SC-116,2026-07-02 10:00:00,31.61,20.16,36.22,60.0
SC-116,2026-07-02 10:30:00,32.25,23.97,25.68,60.0
SC-116,2026-07-02 11:00:00,30.97,22.2,28.33,60.0
SC-116,2026-07-02 11:30:00,32.97,26.49,19.68,60.0
SC-116,2026-07-02 12:00:00,31.67,24.26,23.39,60.0
SC-116,2026-07-02 12:30:00,28.48,20.41,28.36,60.0
SC-116,2026-07-02 13:00:00,28.73,21.12,26.49,60.0
SC-116,2026-07-02 13:30:00,26.54,18.83,29.05,60.0
SC-116,2026-07-02 14:00:00,23.91,16.77,29.83,60.0
SC-116,2026-07-02 14:30:00,25.17,18.85,25.12,60.0
SC-116,2026-07-02 15:00:00,20.98,15.03,28.35,60.0
SC-116,2026-07-02 15:30:00,19.2,14.3,25.54,60.0
SC-116,2026-07-02 16:00:00,18.87,13.91,26.3,60.0
SC-116,2026-07-02 16:30:00,17.23,11.83,31.36,60.0
SC-116,2026-07-03 08:00:00,5.66,4.03,28.89,60.0
SC-116,2026-07-03 08:30:00,9.21,6.21,32.55,60.0
SC-116,2026-07-03 09:00:00,11.6,8.5,26.7,60.0
SC-116,2026-07-03 09:30:00,12.27,9.05,26.23,60.0
SC-116,2026-07-03 10:00:00,15.09,11.24,25.47,60.0
SC-116,2026-07-03 10:30:00,16.84,12.46,26.0,60.0
SC-116,2026-07-03 11:00:00,16.29,11.57,29.01,60.0
SC-116,2026-07-03 11:30:00,15.92,11.72,26.38,60.0
SC-116,2026-07-03 12:00:00,14.93,10.86,27.29,60.0
SC-116,2026-07-03 12:30:00,17.07,11.37,33.37,60.0
SC-116,2026-07-03 13:00:00,15.76,11.54,26.78,60.0
SC-116,2026-07-03 13:30:00,14.37,10.49,27.04,60.0
SC-116,2026-07-03 14:00:00,11.94,8.7,27.1,60.0
SC-116,2026-07-03 14:30:00,12.58,8.94,29.0,60.0
SC-116,2026-07-03 15:00:00,11.34,8.23,27.45,60.0
SC-116,2026-07-03 15:30:00,10.71,8.06,24.78,60.0
SC-116,2026-07-03 16:00:00,10.8,6.95,35.61,60.0
SC-116,2026-07-03 16:30:00,8.72,6.62,24.08,60.0
SC-116,2026-07-04 08:00:00,4.61,3.31,28.14,60.0
SC-116,2026-07-04 08:30:00,6.62,4.98,24.78,60.0
SC-116,2026-07-04 09:00:00,9.14,6.24,31.7,60.0
SC-116,2026-07-04 09:30:00,10.58,7.06,33.3,60.0
SC-116,2026-07-04 10:00:00,10.19,7.35,27.91,60.0
SC-116,2026-07-04 10:30:00,10.88,7.81,28.19,60.0
SC-116,2026-07-04 11:00:00,11.65,8.02,31.22,60.0
SC-116,2026-07-04 11:30:00,11.14,8.54,23.31,60.0
SC-116,2026-07-04 12:00:00,10.8,8.05,25.42,60.0
SC-116,2026-07-04 12:30:00,11.36,8.03,29.32,60.0
SC-116,2026-07-04 13:00:00,10.73,7.49,30.24,60.0
SC-116,2026-07-04 13:30:00,8.65,6.19,28.47,60.0
SC-116,2026-07-04 14:00:00,8.93,6.73,24.67,60.0
SC-116,2026-07-04 14:30:00,8.8,6.35,27.82,60.0
SC-116,2026-07-04 15:00:00,7.7,5.74,25.47,60.0
SC-116,2026-07-04 15:30:00,7.15,5.09,28.82,60.0
SC-116,2026-07-04 16:00:00,8.57,5.66,33.91,60.0
SC-116,2026-07-04 16:30:00,6.83,4.64,31.95,60.0
SC-116,2026-07-05 08:00:00,13.0,9.37,27.94,60.0
SC-116,2026-07-05 08:30:00,23.35,16.68,28.55,60.0
SC-116,2026-07-05 09:00:00,24.71,18.2,26.36,60.0
SC-116,2026-07-05 09:30:00,32.74,23.03,29.67,60.0
SC-116,2026-07-05 10:00:00,37.27,24.37,34.61,60.0
SC-116,2026-07-05 10:30:00,35.93,27.6,23.18,60.0
SC-116,2026-07-05 11:00:00,38.55,28.04,27.27,60.0
SC-116,2026-07-05 11:30:00,39.31,26.07,33.67,60.0
SC-116,2026-07-05 12:00:00,33.82,23.78,29.69,60.0
SC-116,2026-07-05 12:30:00,30.96,22.54,27.2,60.0
SC-116,2026-07-05 13:00:00,32.55,22.61,30.55,60.0
SC-116,2026-07-05 13:30:00,27.81,20.77,25.33,60.0
SC-116,2026-07-05 14:00:00,26.95,22.33,17.15,60.0
SC-116,2026-07-05 14:30:00,28.06,20.46,27.09,60.0
SC-116,2026-07-05 15:00:00,26.26,19.92,24.16,60.0
SC-116,2026-07-05 15:30:00,22.15,17.52,20.91,60.0
SC-116,2026-07-05 16:00:00,20.83,14.57,30.06,60.0
SC-116,2026-07-05 16:30:00,21.52,14.61,32.09,60.0
SC-116,2026-07-06 08:00:00,14.03,10.34,26.25,60.0
SC-116,2026-07-06 08:30:00,20.88,14.29,31.53,60.0
SC-116,2026-07-06 09:00:00,26.61,18.99,28.64,60.0
SC-116,2026-07-06 09:30:00,28.24,20.19,28.51,60.0
SC-116,2026-07-06 10:00:00,31.35,22.45,28.4,60.0
SC-116,2026-07-06 10:30:00,31.38,23.45,25.27,60.0
SC-116,2026-07-06 11:00:00,38.13,28.42,25.47,60.0
SC-116,2026-07-06 11:30:00,42.05,28.96,31.12,60.0
SC-116,2026-07-06 12:00:00,36.44,25.72,29.43,60.0
SC-116,2026-07-06 12:30:00,30.22,22.8,24.57,60.0
SC-116,2026-07-06 13:00:00,28.2,22.37,20.7,60.0
SC-116,2026-07-06 13:30:00,32.86,22.07,32.85,60.0
SC-116,2026-07-06 14:00:00,27.87,21.77,21.88,60.0
SC-116,2026-07-06 14:30:00,28.79,20.5,28.8,60.0
SC-116,2026-07-06 15:00:00,24.68,18.22,26.16,60.0
SC-116,2026-07-06 15:30:00,23.03,17.59,23.61,60.0
SC-116,2026-07-06 16:00:00,20.38,15.64,23.25,60.0
SC-116,2026-07-06 16:30:00,18.07,13.11,27.44,60.0
SC-116,2026-07-07 08:00:00,12.57,8.61,31.46,60.0
SC-116,2026-07-07 08:30:00,21.61,16.43,23.97,60.0
SC-116,2026-07-07 09:00:00,28.75,21.27,26.03,60.0
SC-116,2026-07-07 09:30:00,31.39,22.03,29.81,60.0
SC-116,2026-07-07 10:00:00,37.15,26.59,28.44,60.0
SC-116,2026-07-07 10:30:00,37.41,26.22,29.92,60.0
SC-116,2026-07-07 11:00:00,41.87,30.78,26.49,60.0
SC-116,2026-07-07 11:30:00,39.38,26.92,31.65,60.0
SC-116,2026-07-07 12:00:00,39.1,26.03,33.41,60.0
SC-116,2026-07-07 12:30:00,31.55,21.95,30.45,60.0
SC-116,2026-07-07 13:00:00,33.96,25.92,23.69,60.0
SC-116,2026-07-07 13:30:00,32.96,23.09,29.94,60.0
SC-116,2026-07-07 14:00:00,32.06,23.15,27.79,60.0
SC-116,2026-07-07 14:30:00,26.9,19.46,27.65,60.0
SC-116,2026-07-07 15:00:00,25.93,19.48,24.86,60.0
SC-116,2026-07-07 15:30:00,24.28,17.35,28.52,60.0
SC-116,2026-07-07 16:00:00,23.85,15.86,33.5,60.0
SC-116,2026-07-07 16:30:00,19.81,14.78,25.39,60.0
SC-116,2026-07-08 08:00:00,14.96,10.35,30.81,60.0
SC-116,2026-07-08 08:30:00,20.27,15.24,24.81,60.0
SC-116,2026-07-08 09:00:00,25.44,18.51,27.25,60.0
SC-116,2026-07-08 09:30:00,30.05,21.81,27.42,60.0
SC-116,2026-07-08 10:00:00,29.41,21.99,25.21,60.0
SC-116,2026-07-08 10:30:00,35.57,26.14,26.52,60.0
SC-116,2026-07-08 11:00:00,40.85,26.57,34.95,60.0
SC-116,2026-07-08 11:30:00,34.67,24.99,27.93,60.0
SC-116,2026-07-08 12:00:00,37.97,27.91,26.48,60.0
SC-116,2026-07-08 12:30:00,36.02,25.3,29.74,60.0
SC-116,2026-07-08 13:00:00,29.25,20.79,28.9,60.0
SC-116,2026-07-08 13:30:00,30.05,20.83,30.67,60.0
SC-116,2026-07-08 14:00:00,29.76,21.17,28.85,60.0
SC-116,2026-07-08 14:30:00,27.51,20.35,26.02,60.0
SC-116,2026-07-08 15:00:00,28.16,18.91,32.84,60.0
SC-116,2026-07-08 15:30:00,24.47,16.23,33.67,60.0
SC-116,2026-07-08 16:00:00,24.35,15.69,35.57,60.0
SC-116,2026-07-08 16:30:00,18.32,12.89,29.65,60.0
SC-116,2026-07-09 08:00:00,12.14,7.93,34.62,60.0
SC-116,2026-07-09 08:30:00,20.98,14.57,30.57,60.0
SC-116,2026-07-09 09:00:00,23.11,16.33,29.32,60.0
SC-116,2026-07-09 09:30:00,27.06,19.86,26.62,60.0
SC-116,2026-07-09 10:00:00,28.04,21.5,23.32,60.0
SC-116,2026-07-09 10:30:00,31.0,22.49,27.46,60.0
SC-116,2026-07-09 11:00:00,29.74,22.24,25.23,60.0
SC-116,2026-07-09 11:30:00,30.71,21.82,28.94,60.0
SC-116,2026-07-09 12:00:00,32.64,22.94,29.71,60.0
SC-116,2026-07-09 12:30:00,29.72,20.48,31.09,60.0
SC-116,2026-07-09 13:00:00,26.94,19.72,26.8,60.0
SC-116,2026-07-09 13:30:00,29.79,20.78,30.22,60.0
SC-116,2026-07-09 14:00:00,27.2,17.95,34.03,60.0
SC-116,2026-07-09 14:30:00,24.6,17.9,27.24,60.0
SC-116,2026-07-09 15:00:00,20.62,14.46,29.84,60.0
SC-116,2026-07-09 15:30:00,20.52,13.58,33.81,60.0
SC-116,2026-07-09 16:00:00,17.46,12.47,28.58,60.0
SC-116,2026-07-09 16:30:00,17.06,12.04,29.4,60.0
SC-116,2026-07-10 08:00:00,6.57,4.86,25.95,60.0
SC-116,2026-07-10 08:30:00,10.57,7.58,28.25,60.0
SC-116,2026-07-10 09:00:00,11.58,8.22,29.02,60.0
SC-116,2026-07-10 09:30:00,16.61,10.74,35.33,60.0
SC-116,2026-07-10 10:00:00,15.31,11.69,23.66,60.0
SC-116,2026-07-10 10:30:00,18.8,12.12,35.51,60.0
SC-116,2026-07-10 11:00:00,17.28,12.54,27.44,60.0
SC-116,2026-07-10 11:30:00,17.1,12.32,27.94,60.0
SC-116,2026-07-10 12:00:00,16.48,12.61,23.47,60.0
SC-116,2026-07-10 12:30:00,17.25,12.41,28.08,60.0
SC-116,2026-07-10 13:00:00,14.32,10.82,24.44,60.0
SC-116,2026-07-10 13:30:00,14.27,10.48,26.54,60.0
SC-116,2026-07-10 14:00:00,12.97,9.03,30.4,60.0
SC-116,2026-07-10 14:30:00,14.13,9.74,31.08,60.0
SC-116,2026-07-10 15:00:00,11.93,8.37,29.87,60.0
SC-116,2026-07-10 15:30:00,11.72,8.59,26.69,60.0
SC-116,2026-07-10 16:00:00,8.59,6.45,24.93,60.0
SC-116,2026-07-10 16:30:00,9.67,6.67,30.98,60.0
SC-116,2026-07-11 08:00:00,4.86,3.55,26.85,60.0
SC-116,2026-07-11 08:30:00,8.08,5.53,31.58,60.0
SC-116,2026-07-11 09:00:00,9.6,7.2,25.0,60.0
SC-116,2026-07-11 09:30:00,10.07,7.24,28.03,60.0
SC-116,2026-07-11 10:00:00,11.47,8.2,28.49,60.0
SC-116,2026-07-11 10:30:00,12.98,9.34,28.01,60.0
SC-116,2026-07-11 11:00:00,14.2,9.46,33.36,60.0
SC-116,2026-07-11 11:30:00,12.57,8.71,30.73,60.0
SC-116,2026-07-11 12:00:00,12.4,8.73,29.61,60.0
SC-116,2026-07-11 12:30:00,11.96,9.18,23.22,60.0
SC-116,2026-07-11 13:00:00,11.65,8.16,29.95,60.0
SC-116,2026-07-11 13:30:00,10.59,8.34,21.22,60.0
SC-116,2026-07-11 14:00:00,8.93,6.4,28.34,60.0
SC-116,2026-07-11 14:30:00,8.56,6.38,25.42,60.0
SC-116,2026-07-11 15:00:00,8.33,5.81,30.22,60.0
SC-116,2026-07-11 15:30:00,8.49,5.86,30.97,60.0
SC-116,2026-07-11 16:00:00,7.5,5.58,25.51,60.0
SC-116,2026-07-11 16:30:00,6.92,5.54,19.98,60.0
SC-116,2026-07-12 08:00:00,14.49,10.91,24.67,60.0
SC-116,2026-07-12 08:30:00,24.05,17.0,29.29,60.0
SC-116,2026-07-12 09:00:00,29.62,21.84,26.25,60.0
SC-116,2026-07-12 09:30:00,38.22,27.41,28.28,60.0
SC-116,2026-07-12 10:00:00,39.47,27.48,30.38,60.0
SC-116,2026-07-12 10:30:00,50.21,35.72,28.86,60.0
SC-116,2026-07-12 11:00:00,43.13,31.28,27.48,60.0
SC-116,2026-07-12 11:30:00,43.52,31.81,26.91,60.0
SC-116,2026-07-12 12:00:00,34.71,27.53,20.68,60.0
SC-116,2026-07-12 12:30:00,41.61,29.22,29.78,60.0
SC-116,2026-07-12 13:00:00,40.73,28.59,29.79,60.0
SC-116,2026-07-12 13:30:00,34.46,25.32,26.52,60.0
SC-116,2026-07-12 14:00:00,32.81,23.8,27.44,60.0
SC-116,2026-07-12 14:30:00,29.92,22.09,26.16,60.0
SC-116,2026-07-12 15:00:00,28.03,20.27,27.68,60.0
SC-116,2026-07-12 15:30:00,24.27,17.26,28.9,60.0
SC-116,2026-07-12 16:00:00,23.72,17.82,24.84,60.0
SC-116,2026-07-12 16:30:00,19.85,15.5,21.92,60.0
SC-116,2026-07-13 08:00:00,12.27,8.79,28.37,60.0
SC-116,2026-07-13 08:30:00,18.71,13.99,25.23,60.0
SC-116,2026-07-13 09:00:00,22.53,16.83,25.33,60.0
SC-116,2026-07-13 09:30:00,25.74,19.13,25.67,60.0
SC-116,2026-07-13 10:00:00,31.01,21.01,32.23,60.0
SC-116,2026-07-13 10:30:00,34.56,23.39,32.32,60.0
SC-116,2026-07-13 11:00:00,34.59,23.89,30.94,60.0
SC-116,2026-07-13 11:30:00,29.46,22.26,24.42,60.0
SC-116,2026-07-13 12:00:00,30.09,22.64,24.77,60.0
SC-116,2026-07-13 12:30:00,31.33,23.17,26.04,60.0
SC-116,2026-07-13 13:00:00,28.65,19.53,31.83,60.0
SC-116,2026-07-13 13:30:00,26.32,18.54,29.54,60.0
SC-116,2026-07-13 14:00:00,24.0,18.39,23.38,60.0
SC-116,2026-07-13 14:30:00,27.97,20.52,26.61,60.0
SC-116,2026-07-13 15:00:00,21.79,16.83,22.79,60.0
SC-116,2026-07-13 15:30:00,21.03,15.11,28.16,60.0
SC-116,2026-07-13 16:00:00,21.59,14.09,34.73,60.0
SC-116,2026-07-13 16:30:00,17.4,12.52,28.02,60.0
SC-116,2026-07-14 08:00:00,13.98,10.03,28.22,60.0
SC-116,2026-07-14 08:30:00,23.82,17.22,27.74,60.0
SC-116,2026-07-14 09:00:00,29.31,21.89,25.31,60.0
SC-116,2026-07-14 09:30:00,33.49,23.75,29.08,60.0
SC-116,2026-07-14 10:00:00,36.72,27.08,26.25,60.0
SC-116,2026-07-14 10:30:00,40.69,27.04,33.55,60.0
SC-116,2026-07-14 11:00:00,38.1,30.47,20.01,60.0
SC-116,2026-07-14 11:30:00,44.45,29.55,33.51,60.0
SC-116,2026-07-14 12:00:00,43.48,28.31,34.89,60.0
SC-116,2026-07-14 12:30:00,37.26,26.7,28.33,60.0
SC-116,2026-07-14 13:00:00,38.32,25.96,32.25,60.0
SC-116,2026-07-14 13:30:00,33.2,24.01,27.67,60.0
SC-116,2026-07-14 14:00:00,28.58,20.38,28.7,60.0
SC-116,2026-07-14 14:30:00,27.65,20.79,24.82,60.0
SC-116,2026-07-14 15:00:00,23.59,17.36,26.43,60.0
SC-116,2026-07-14 15:30:00,25.69,17.86,30.48,60.0
SC-116,2026-07-14 16:00:00,24.11,17.6,26.98,60.0
SC-116,2026-07-14 16:30:00,20.28,15.28,24.67,60.0
SC-116,2026-07-15 08:00:00,12.38,9.04,26.96,60.0
SC-116,2026-07-15 08:30:00,21.51,15.06,30.0,60.0
SC-116,2026-07-15 09:00:00,25.24,18.44,26.93,60.0
SC-116,2026-07-15 09:30:00,29.29,21.56,26.41,60.0
SC-116,2026-07-15 10:00:00,31.86,22.69,28.79,60.0
SC-116,2026-07-15 10:30:00,40.08,26.39,34.15,60.0
SC-116,2026-07-15 11:00:00,34.16,24.47,28.36,60.0
SC-116,2026-07-15 11:30:00,34.03,24.62,27.64,60.0
SC-116,2026-07-15 12:00:00,37.72,25.81,31.59,60.0
SC-116,2026-07-15 12:30:00,32.79,24.08,26.57,60.0
SC-116,2026-07-15 13:00:00,32.73,24.88,23.99,60.0
SC-116,2026-07-15 13:30:00,32.67,22.35,31.6,60.0
SC-116,2026-07-15 14:00:00,29.25,22.02,24.71,60.0
SC-116,2026-07-15 14:30:00,27.92,19.16,31.37,60.0
SC-116,2026-07-15 15:00:00,24.2,18.05,25.39,60.0
SC-116,2026-07-15 15:30:00,22.31,16.75,24.92,60.0
SC-116,2026-07-15 16:00:00,18.13,13.32,26.52,60.0
SC-116,2026-07-15 16:30:00,18.83,14.12,25.03,60.0
SC-116,2026-07-16 08:00:00,13.32,9.67,27.37,60.0
SC-116,2026-07-16 08:30:00,22.97,15.73,31.52,60.0
SC-116,2026-07-16 09:00:00,23.65,17.09,27.77,60.0
SC-116,2026-07-16 09:30:00,29.15,21.64,25.76,60.0
SC-116,2026-07-16 10:00:00,37.31,26.48,29.02,60.0
SC-116,2026-07-16 10:30:00,32.43,22.31,31.2,60.0
SC-116,2026-07-16 11:00:00,38.37,26.22,31.67,60.0
SC-116,2026-07-16 11:30:00,36.55,25.66,29.79,60.0
SC-116,2026-07-16 12:00:00,33.92,24.3,28.35,60.0
SC-116,2026-07-16 12:30:00,29.72,21.94,26.15,60.0
SC-116,2026-07-16 13:00:00,30.81,22.17,28.06,60.0
SC-116,2026-07-16 13:30:00,26.53,20.11,24.19,60.0
SC-116,2026-07-16 14:00:00,28.68,21.06,26.56,60.0
SC-116,2026-07-16 14:30:00,21.55,16.99,21.18,60.0
SC-116,2026-07-16 15:00:00,22.19,16.15,27.22,60.0
SC-116,2026-07-16 15:30:00,21.46,15.54,27.61,60.0
SC-116,2026-07-16 16:00:00,19.3,13.89,28.04,60.0
SC-116,2026-07-16 16:30:00,16.96,11.61,31.57,60.0
SC-116,2026-07-17 08:00:00,5.9,4.61,21.79,60.0
SC-116,2026-07-17 08:30:00,9.81,7.07,27.89,60.0
SC-116,2026-07-17 09:00:00,12.38,8.43,31.91,60.0
SC-116,2026-07-17 09:30:00,14.19,10.4,26.76,60.0
SC-116,2026-07-17 10:00:00,14.27,10.61,25.62,60.0
SC-116,2026-07-17 10:30:00,16.71,12.12,27.48,60.0
SC-116,2026-07-17 11:00:00,15.72,11.99,23.69,60.0
SC-116,2026-07-17 11:30:00,16.64,11.5,30.9,60.0
SC-116,2026-07-17 12:00:00,17.4,12.31,29.23,60.0
SC-116,2026-07-17 12:30:00,16.31,11.12,31.83,60.0
SC-116,2026-07-17 13:00:00,15.81,11.18,29.25,60.0
SC-116,2026-07-17 13:30:00,14.4,10.71,25.63,60.0
SC-116,2026-07-17 14:00:00,13.77,9.79,28.91,60.0
SC-116,2026-07-17 14:30:00,11.49,8.35,27.32,60.0
SC-116,2026-07-17 15:00:00,12.24,8.95,26.91,60.0
SC-116,2026-07-17 15:30:00,10.93,7.55,30.89,60.0
SC-116,2026-07-17 16:00:00,10.01,7.22,27.88,60.0
SC-116,2026-07-17 16:30:00,10.25,7.19,29.83,60.0
SC-116,2026-07-18 08:00:00,5.13,3.66,28.6,60.0
SC-116,2026-07-18 08:30:00,8.91,6.28,29.54,60.0
SC-116,2026-07-18 09:00:00,10.0,7.22,27.81,60.0
SC-116,2026-07-18 09:30:00,10.19,7.22,29.12,60.0
SC-116,2026-07-18 10:00:00,12.47,8.59,31.12,60.0
SC-116,2026-07-18 10:30:00,13.35,9.9,25.85,60.0
SC-116,2026-07-18 11:00:00,11.47,8.63,24.81,60.0
SC-116,2026-07-18 11:30:00,12.63,9.44,25.26,60.0
SC-116,2026-07-18 12:00:00,12.55,9.15,27.15,60.0
SC-116,2026-07-18 12:30:00,13.74,8.99,34.53,60.0
SC-116,2026-07-18 13:00:00,11.36,7.85,30.95,60.0
SC-116,2026-07-18 13:30:00,11.31,7.95,29.72,60.0
SC-116,2026-07-18 14:00:00,10.46,7.23,30.94,60.0
SC-116,2026-07-18 14:30:00,10.36,7.5,27.6,60.0
SC-116,2026-07-18 15:00:00,10.58,7.39,30.16,60.0
SC-116,2026-07-18 15:30:00,7.87,5.39,31.53,60.0
SC-116,2026-07-18 16:00:00,7.9,5.55,29.69,60.0
SC-116,2026-07-18 16:30:00,6.49,4.57,29.61,60.0
SC-116,2026-07-19 08:00:00,14.15,10.22,27.75,60.0
SC-116,2026-07-19 08:30:00,21.9,16.13,26.35,60.0
SC-116,2026-07-19 09:00:00,33.12,23.1,30.25,60.0
SC-116,2026-07-19 09:30:00,35.41,24.34,31.26,60.0
SC-116,2026-07-19 10:00:00,39.23,29.32,25.27,60.0
SC-116,2026-07-19 10:30:00,43.03,30.22,29.78,60.0
SC-116,2026-07-19 11:00:00,37.62,28.5,24.23,60.0
SC-116,2026-07-19 11:30:00,42.34,30.99,26.82,60.0
SC-116,2026-07-19 12:00:00,44.41,31.38,29.34,60.0
SC-116,2026-07-19 12:30:00,39.18,30.17,22.99,60.0
SC-116,2026-07-19 13:00:00,33.14,24.83,25.09,60.0
SC-116,2026-07-19 13:30:00,32.38,23.03,28.87,60.0
SC-116,2026-07-19 14:00:00,33.93,25.77,24.06,60.0
SC-116,2026-07-19 14:30:00,28.67,21.11,26.38,60.0
SC-116,2026-07-19 15:00:00,30.36,20.66,31.97,60.0
SC-116,2026-07-19 15:30:00,29.03,19.61,32.45,60.0
SC-116,2026-07-19 16:00:00,21.96,17.65,19.66,60.0
SC-116,2026-07-19 16:30:00,22.06,16.82,23.73,60.0
SC-116,2026-07-20 08:00:00,12.54,10.37,17.3,60.0
SC-116,2026-07-20 08:30:00,22.83,15.27,33.11,60.0
SC-116,2026-07-20 09:00:00,23.99,20.21,15.77,60.0
SC-116,2026-07-20 09:30:00,34.08,23.37,31.41,60.0
SC-116,2026-07-20 10:00:00,34.39,25.14,26.9,60.0
SC-116,2026-07-20 10:30:00,32.78,26.03,20.6,60.0
SC-116,2026-07-20 11:00:00,36.37,27.13,25.41,60.0
SC-116,2026-07-20 11:30:00,33.47,25.52,23.74,60.0
SC-116,2026-07-20 12:00:00,35.94,24.3,32.38,60.0
SC-116,2026-07-20 12:30:00,33.65,23.51,30.15,60.0
SC-116,2026-07-20 13:00:00,30.98,23.87,22.95,60.0
SC-116,2026-07-20 13:30:00,30.11,22.4,25.61,60.0
SC-116,2026-07-20 14:00:00,27.93,19.76,29.26,60.0
SC-116,2026-07-20 14:30:00,30.41,20.53,32.48,60.0
SC-116,2026-07-20 15:00:00,26.17,18.59,28.97,60.0
SC-116,2026-07-20 15:30:00,22.25,14.8,33.45,60.0
SC-116,2026-07-20 16:00:00,20.44,15.92,22.08,60.0
SC-116,2026-07-20 16:30:00,18.01,13.24,26.49,60.0
SC-116,2026-07-21 08:00:00,11.69,8.57,26.68,60.0
SC-116,2026-07-21 08:30:00,20.89,13.91,33.42,60.0
SC-116,2026-07-21 09:00:00,23.49,15.9,32.32,60.0
SC-116,2026-07-21 09:30:00,25.79,18.02,30.14,60.0
SC-116,2026-07-21 10:00:00,30.33,22.8,24.81,60.0
SC-116,2026-07-21 10:30:00,29.21,22.18,24.08,60.0
SC-116,2026-07-21 11:00:00,32.45,22.88,29.49,60.0
SC-116,2026-07-21 11:30:00,30.53,22.47,26.42,60.0
SC-116,2026-07-21 12:00:00,34.24,23.73,30.68,60.0
SC-116,2026-07-21 12:30:00,36.97,24.9,32.64,60.0
SC-116,2026-07-21 13:00:00,34.61,22.9,33.84,60.0
SC-116,2026-07-21 13:30:00,27.7,19.59,29.29,60.0
SC-116,2026-07-21 14:00:00,24.96,20.42,18.21,60.0
SC-116,2026-07-21 14:30:00,22.61,16.17,28.48,60.0
SC-116,2026-07-21 15:00:00,22.03,15.59,29.22,60.0
SC-116,2026-07-21 15:30:00,23.15,15.33,33.78,60.0
SC-116,2026-07-21 16:00:00,19.42,14.06,27.61,60.0
SC-116,2026-07-21 16:30:00,16.04,11.89,25.88,60.0
SC-116,2026-07-22 08:00:00,14.2,10.05,29.22,60.0
SC-116,2026-07-22 08:30:00,20.52,14.96,27.1,60.0
SC-116,2026-07-22 09:00:00,25.93,20.36,21.49,60.0
SC-116,2026-07-22 09:30:00,30.77,19.85,35.5,60.0
SC-116,2026-07-22 10:00:00,34.73,25.31,27.12,60.0
SC-116,2026-07-22 10:30:00,33.3,25.2,24.33,60.0
SC-116,2026-07-22 11:00:00,33.27,23.44,29.54,60.0
SC-116,2026-07-22 11:30:00,31.44,23.58,25.02,60.0
SC-116,2026-07-22 12:00:00,36.22,26.94,25.62,60.0
SC-116,2026-07-22 12:30:00,33.47,22.97,31.35,60.0
SC-116,2026-07-22 13:00:00,29.55,21.36,27.72,60.0
SC-116,2026-07-22 13:30:00,27.08,19.36,28.51,60.0
SC-116,2026-07-22 14:00:00,27.07,18.86,30.34,60.0
SC-116,2026-07-22 14:30:00,24.91,17.29,30.59,60.0
SC-116,2026-07-22 15:00:00,29.72,18.62,37.35,60.0
SC-116,2026-07-22 15:30:00,24.05,16.59,30.99,60.0
SC-116,2026-07-22 16:00:00,19.23,14.28,25.77,60.0
SC-116,2026-07-22 16:30:00,18.55,12.52,32.51,60.0
SC-116,2026-07-23 08:00:00,15.02,9.74,35.16,60.0
SC-116,2026-07-23 08:30:00,22.03,15.3,30.55,60.0
SC-116,2026-07-23 09:00:00,23.51,17.64,24.98,60.0
SC-116,2026-07-23 09:30:00,27.63,19.29,30.19,60.0
SC-116,2026-07-23 10:00:00,33.02,23.57,28.61,60.0
SC-116,2026-07-23 10:30:00,30.67,22.64,26.17,60.0
SC-116,2026-07-23 11:00:00,39.89,28.11,29.55,60.0
SC-116,2026-07-23 11:30:00,35.87,25.22,29.68,60.0
SC-116,2026-07-23 12:00:00,34.99,26.0,25.69,60.0
SC-116,2026-07-23 12:30:00,37.75,25.13,33.44,60.0
SC-116,2026-07-23 13:00:00,31.17,22.3,28.44,60.0
SC-116,2026-07-23 13:30:00,27.85,20.32,27.04,60.0
SC-116,2026-07-23 14:00:00,23.36,17.93,23.26,60.0
SC-116,2026-07-23 14:30:00,24.36,18.56,23.83,60.0
SC-116,2026-07-23 15:00:00,23.84,16.97,28.84,60.0
SC-116,2026-07-23 15:30:00,22.19,15.92,28.28,60.0
SC-116,2026-07-23 16:00:00,22.09,15.12,31.54,60.0
SC-116,2026-07-23 16:30:00,18.47,12.88,30.28,60.0
SC-116,2026-07-24 08:00:00,7.26,5.15,29.06,60.0
SC-116,2026-07-24 08:30:00,10.16,7.3,28.18,60.0
SC-116,2026-07-24 09:00:00,13.29,9.7,27.01,60.0
SC-116,2026-07-24 09:30:00,13.54,10.14,25.14,60.0
SC-116,2026-07-24 10:00:00,16.24,11.37,29.96,60.0
SC-116,2026-07-24 10:30:00,17.05,11.97,29.81,60.0
SC-116,2026-07-24 11:00:00,17.07,12.12,28.97,60.0
SC-116,2026-07-24 11:30:00,18.22,12.95,28.93,60.0
SC-116,2026-07-24 12:00:00,19.0,13.12,30.94,60.0
SC-116,2026-07-24 12:30:00,15.33,10.97,28.48,60.0
SC-116,2026-07-24 13:00:00,17.38,11.73,32.51,60.0
SC-116,2026-07-24 13:30:00,14.31,10.78,24.69,60.0
SC-116,2026-07-24 14:00:00,15.53,10.77,30.63,60.0
SC-116,2026-07-24 14:30:00,12.6,8.92,29.2,60.0
SC-116,2026-07-24 15:00:00,10.98,8.51,22.54,60.0
SC-116,2026-07-24 15:30:00,11.42,8.39,26.51,60.0
SC-116,2026-07-24 16:00:00,10.04,7.3,27.29,60.0
SC-116,2026-07-24 16:30:00,9.44,7.13,24.44,60.0
SC-116,2026-07-25 08:00:00,4.93,3.53,28.28,60.0
SC-116,2026-07-25 08:30:00,8.85,5.84,34.0,60.0
SC-116,2026-07-25 09:00:00,8.39,5.99,28.58,60.0
SC-116,2026-07-25 09:30:00,11.25,8.24,26.76,60.0
SC-116,2026-07-25 10:00:00,10.19,7.6,25.35,60.0
SC-116,2026-07-25 10:30:00,12.53,8.77,30.01,60.0
SC-116,2026-07-25 11:00:00,12.4,9.41,24.07,60.0
SC-116,2026-07-25 11:30:00,13.3,9.43,29.08,60.0
SC-116,2026-07-25 12:00:00,11.55,8.07,30.09,60.0
SC-116,2026-07-25 12:30:00,10.79,7.42,31.28,60.0
SC-116,2026-07-25 13:00:00,10.18,7.07,30.56,60.0
SC-116,2026-07-25 13:30:00,10.39,7.9,23.93,60.0
SC-116,2026-07-25 14:00:00,9.69,6.63,31.58,60.0
SC-116,2026-07-25 14:30:00,8.35,6.23,25.38,60.0
SC-116,2026-07-25 15:00:00,9.12,6.16,32.46,60.0
SC-116,2026-07-25 15:30:00,7.85,5.64,28.11,60.0
SC-116,2026-07-25 16:00:00,7.98,5.57,30.17,60.0
SC-116,2026-07-25 16:30:00,6.34,4.73,25.34,60.0
SC-116,2026-07-26 08:00:00,16.17,11.43,29.33,60.0
SC-116,2026-07-26 08:30:00,28.49,19.68,30.93,60.0
SC-116,2026-07-26 09:00:00,32.48,20.66,36.39,60.0
SC-116,2026-07-26 09:30:00,37.55,27.63,26.41,60.0
SC-116,2026-07-26 10:00:00,40.24,30.19,24.96,60.0
SC-116,2026-07-26 10:30:00,46.88,33.35,28.86,60.0
SC-116,2026-07-26 11:00:00,39.86,30.54,23.39,60.0
SC-116,2026-07-26 11:30:00,45.11,31.59,29.97,60.0
SC-116,2026-07-26 12:00:00,37.99,28.0,26.3,60.0
SC-116,2026-07-26 12:30:00,39.64,28.79,27.37,60.0
SC-116,2026-07-26 13:00:00,40.83,28.81,29.44,60.0
SC-116,2026-07-26 13:30:00,36.0,24.81,31.08,60.0
SC-116,2026-07-26 14:00:00,33.97,24.07,29.12,60.0
SC-116,2026-07-26 14:30:00,28.81,19.76,31.42,60.0
SC-116,2026-07-26 15:00:00,28.83,22.3,22.65,60.0
SC-116,2026-07-26 15:30:00,28.63,19.88,30.55,60.0
SC-116,2026-07-26 16:00:00,22.55,17.55,22.19,60.0
SC-116,2026-07-26 16:30:00,25.09,19.01,24.22,60.0
SC-116,2026-07-27 08:00:00,12.94,9.61,25.71,60.0
SC-116,2026-07-27 08:30:00,25.56,18.45,27.8,60.0
SC-116,2026-07-27 09:00:00,27.05,18.82,30.42,60.0
SC-116,2026-07-27 09:30:00,32.36,22.26,31.22,60.0
SC-116,2026-07-27 10:00:00,38.02,27.47,27.74,60.0
SC-116,2026-07-27 10:30:00,42.9,29.73,30.7,60.0
SC-116,2026-07-27 11:00:00,35.55,28.92,18.65,60.0
SC-116,2026-07-27 11:30:00,41.23,29.8,27.72,60.0
SC-116,2026-07-27 12:00:00,36.99,27.13,26.65,60.0
SC-116,2026-07-27 12:30:00,34.28,26.14,23.73,60.0
SC-116,2026-07-27 13:00:00,34.81,23.51,32.46,60.0
SC-116,2026-07-27 13:30:00,32.94,23.47,28.77,60.0
SC-116,2026-07-27 14:00:00,31.09,22.5,27.62,60.0
SC-116,2026-07-27 14:30:00,29.12,21.14,27.42,60.0
SC-116,2026-07-27 15:00:00,26.06,18.61,28.57,60.0
SC-116,2026-07-27 15:30:00,26.59,18.94,28.78,60.0
SC-116,2026-07-27 16:00:00,20.62,15.69,23.89,60.0
SC-116,2026-07-27 16:30:00,20.15,14.22,29.44,60.0
SC-117,2026-06-30 08:00:00,15.82,10.4,34.29,90.0
SC-117,2026-06-30 08:30:00,27.07,19.63,27.49,90.0
SC-117,2026-06-30 09:00:00,33.69,22.17,34.2,90.0
SC-117,2026-06-30 09:30:00,38.17,28.92,24.25,90.0
SC-117,2026-06-30 10:00:00,43.45,28.7,33.95,90.0
SC-117,2026-06-30 10:30:00,39.74,28.34,28.69,90.0
SC-117,2026-06-30 11:00:00,51.99,34.2,34.22,90.0
SC-117,2026-06-30 11:30:00,46.63,34.6,25.81,90.0
SC-117,2026-06-30 12:00:00,44.02,29.12,33.85,90.0
SC-117,2026-06-30 12:30:00,43.34,31.83,26.57,90.0
SC-117,2026-06-30 13:00:00,41.99,29.72,29.22,90.0
SC-117,2026-06-30 13:30:00,39.91,26.69,33.12,90.0
SC-117,2026-06-30 14:00:00,32.21,22.57,29.93,90.0
SC-117,2026-06-30 14:30:00,32.84,22.77,30.65,90.0
SC-117,2026-06-30 15:00:00,32.49,23.35,28.13,90.0
SC-117,2026-06-30 15:30:00,28.37,20.05,29.31,90.0
SC-117,2026-06-30 16:00:00,28.21,21.95,22.19,90.0
SC-117,2026-06-30 16:30:00,23.08,16.85,26.99,90.0
SC-117,2026-06-30 17:00:00,20.67,14.97,27.57,90.0
SC-117,2026-06-30 17:30:00,17.62,12.51,28.96,90.0
SC-117,2026-06-30 18:00:00,16.0,11.73,26.68,90.0
SC-117,2026-06-30 18:30:00,13.82,9.93,28.17,90.0
SC-117,2026-06-30 19:00:00,10.46,7.57,27.63,90.0
SC-117,2026-06-30 19:30:00,9.66,6.78,29.83,90.0
SC-117,2026-07-01 08:00:00,14.81,10.98,25.84,90.0
SC-117,2026-07-01 08:30:00,24.5,18.76,23.44,90.0
SC-117,2026-07-01 09:00:00,28.39,19.22,32.3,90.0
SC-117,2026-07-01 09:30:00,35.9,25.11,30.05,90.0
SC-117,2026-07-01 10:00:00,38.81,25.92,33.23,90.0
SC-117,2026-07-01 10:30:00,39.56,28.52,27.9,90.0
SC-117,2026-07-01 11:00:00,41.13,30.73,25.28,90.0
SC-117,2026-07-01 11:30:00,45.47,32.47,28.59,90.0
SC-117,2026-07-01 12:00:00,40.5,31.03,23.4,90.0
SC-117,2026-07-01 12:30:00,41.67,30.51,26.77,90.0
SC-117,2026-07-01 13:00:00,35.88,25.41,29.19,90.0
SC-117,2026-07-01 13:30:00,36.03,26.1,27.55,90.0
SC-117,2026-07-01 14:00:00,34.27,22.98,32.96,90.0
SC-117,2026-07-01 14:30:00,31.17,21.9,29.73,90.0
SC-117,2026-07-01 15:00:00,35.74,23.15,35.21,90.0
SC-117,2026-07-01 15:30:00,28.75,20.1,30.08,90.0
SC-117,2026-07-01 16:00:00,27.5,19.5,29.09,90.0
SC-117,2026-07-01 16:30:00,27.56,19.52,29.19,90.0
SC-117,2026-07-01 17:00:00,22.31,15.62,29.96,90.0
SC-117,2026-07-01 17:30:00,18.82,14.4,23.49,90.0
SC-117,2026-07-01 18:00:00,16.89,12.06,28.62,90.0
SC-117,2026-07-01 18:30:00,12.18,9.31,23.54,90.0
SC-117,2026-07-01 19:00:00,9.85,7.27,26.2,90.0
SC-117,2026-07-01 19:30:00,7.41,5.41,26.99,90.0
SC-117,2026-07-02 08:00:00,15.32,11.69,23.7,90.0
SC-117,2026-07-02 08:30:00,24.62,16.41,33.37,90.0
SC-117,2026-07-02 09:00:00,24.86,17.9,28.0,90.0
SC-117,2026-07-02 09:30:00,36.56,22.39,38.76,90.0
SC-117,2026-07-02 10:00:00,37.74,26.43,29.97,90.0
SC-117,2026-07-02 10:30:00,41.6,29.76,28.46,90.0
SC-117,2026-07-02 11:00:00,40.8,28.75,29.54,90.0
SC-117,2026-07-02 11:30:00,38.8,27.86,28.22,90.0
SC-117,2026-07-02 12:00:00,37.4,26.68,28.64,90.0
SC-117,2026-07-02 12:30:00,31.92,23.56,26.18,90.0
SC-117,2026-07-02 13:00:00,34.97,24.71,29.33,90.0
SC-117,2026-07-02 13:30:00,30.75,20.98,31.75,90.0
SC-117,2026-07-02 14:00:00,31.73,21.01,33.77,90.0
SC-117,2026-07-02 14:30:00,28.67,21.37,25.46,90.0
SC-117,2026-07-02 15:00:00,23.88,17.51,26.68,90.0
SC-117,2026-07-02 15:30:00,23.35,16.02,31.38,90.0
SC-117,2026-07-02 16:00:00,22.22,16.26,26.84,90.0
SC-117,2026-07-02 16:30:00,19.7,14.06,28.61,90.0
SC-117,2026-07-02 17:00:00,16.73,13.29,20.59,90.0
SC-117,2026-07-02 17:30:00,15.57,10.5,32.54,90.0
SC-117,2026-07-02 18:00:00,13.27,9.29,29.99,90.0
SC-117,2026-07-02 18:30:00,11.27,8.17,27.48,90.0
SC-117,2026-07-02 19:00:00,9.14,6.77,25.92,90.0
SC-117,2026-07-02 19:30:00,7.7,5.37,30.34,90.0
SC-117,2026-07-03 08:00:00,7.94,5.95,25.13,90.0
SC-117,2026-07-03 08:30:00,12.42,8.99,27.66,90.0
SC-117,2026-07-03 09:00:00,14.44,10.34,28.39,90.0
SC-117,2026-07-03 09:30:00,17.48,11.32,35.25,90.0
SC-117,2026-07-03 10:00:00,18.97,13.78,27.39,90.0
SC-117,2026-07-03 10:30:00,15.11,12.5,17.31,90.0
SC-117,2026-07-03 11:00:00,18.93,14.47,23.56,90.0
SC-117,2026-07-03 11:30:00,18.6,14.52,21.93,90.0
SC-117,2026-07-03 12:00:00,20.02,13.84,30.87,90.0
SC-117,2026-07-03 12:30:00,20.89,14.21,31.98,90.0
SC-117,2026-07-03 13:00:00,15.97,12.17,23.8,90.0
SC-117,2026-07-03 13:30:00,14.56,10.97,24.67,90.0
SC-117,2026-07-03 14:00:00,16.0,11.58,27.6,90.0
SC-117,2026-07-03 14:30:00,14.36,11.21,21.95,90.0
SC-117,2026-07-03 15:00:00,13.02,9.29,28.66,90.0
SC-117,2026-07-03 15:30:00,13.72,9.53,30.49,90.0
SC-117,2026-07-03 16:00:00,10.27,8.37,18.46,90.0
SC-117,2026-07-03 16:30:00,11.79,8.77,25.62,90.0
SC-117,2026-07-03 17:00:00,9.18,6.97,24.14,90.0
SC-117,2026-07-03 17:30:00,9.35,6.59,29.47,90.0
SC-117,2026-07-03 18:00:00,8.08,5.75,28.91,90.0
SC-117,2026-07-03 18:30:00,6.56,4.83,26.26,90.0
SC-117,2026-07-03 19:00:00,5.64,3.76,33.3,90.0
SC-117,2026-07-03 19:30:00,4.34,2.96,31.91,90.0
SC-117,2026-07-04 08:00:00,4.92,3.63,26.23,90.0
SC-117,2026-07-04 08:30:00,9.27,6.3,32.01,90.0
SC-117,2026-07-04 09:00:00,11.35,8.11,28.56,90.0
SC-117,2026-07-04 09:30:00,12.74,9.43,25.97,90.0
SC-117,2026-07-04 10:00:00,12.27,8.83,28.05,90.0
SC-117,2026-07-04 10:30:00,14.59,10.22,29.92,90.0
SC-117,2026-07-04 11:00:00,13.57,10.29,24.21,90.0
SC-117,2026-07-04 11:30:00,13.44,10.84,19.37,90.0
SC-117,2026-07-04 12:00:00,12.95,9.06,30.07,90.0
SC-117,2026-07-04 12:30:00,12.91,9.15,29.08,90.0
SC-117,2026-07-04 13:00:00,14.11,9.95,29.46,90.0
SC-117,2026-07-04 13:30:00,11.98,8.8,26.54,90.0
SC-117,2026-07-04 14:00:00,11.02,7.76,29.55,90.0
SC-117,2026-07-04 14:30:00,9.38,7.21,23.13,90.0
SC-117,2026-07-04 15:00:00,9.77,7.19,26.4,90.0
SC-117,2026-07-04 15:30:00,10.25,7.04,31.29,90.0
SC-117,2026-07-04 16:00:00,8.21,6.27,23.61,90.0
SC-117,2026-07-04 16:30:00,8.52,6.49,23.79,90.0
SC-117,2026-07-04 17:00:00,7.07,5.38,23.85,90.0
SC-117,2026-07-04 17:30:00,6.5,4.67,28.12,90.0
SC-117,2026-07-04 18:00:00,5.11,3.77,26.21,90.0
SC-117,2026-07-04 18:30:00,4.35,3.31,24.0,90.0
SC-117,2026-07-04 19:00:00,5.22,3.49,33.1,90.0
SC-117,2026-07-04 19:30:00,2.87,2.18,24.07,90.0
SC-117,2026-07-05 08:00:00,20.55,14.99,27.09,90.0
SC-117,2026-07-05 08:30:00,33.49,24.54,26.72,90.0
SC-117,2026-07-05 09:00:00,35.1,26.3,25.08,90.0
SC-117,2026-07-05 09:30:00,38.05,29.66,22.04,90.0
SC-117,2026-07-05 10:00:00,48.37,31.06,35.79,90.0
SC-117,2026-07-05 10:30:00,45.14,31.49,30.24,90.0
SC-117,2026-07-05 11:00:00,59.01,42.37,28.21,90.0
SC-117,2026-07-05 11:30:00,50.2,38.32,23.68,90.0
SC-117,2026-07-05 12:00:00,49.85,35.98,27.81,90.0
SC-117,2026-07-05 12:30:00,53.62,36.14,32.61,90.0
SC-117,2026-07-05 13:00:00,43.43,29.43,32.22,90.0
SC-117,2026-07-05 13:30:00,39.14,28.68,26.72,90.0
SC-117,2026-07-05 14:00:00,37.9,26.64,29.71,90.0
SC-117,2026-07-05 14:30:00,42.94,30.37,29.27,90.0
SC-117,2026-07-05 15:00:00,33.98,25.5,24.95,90.0
SC-117,2026-07-05 15:30:00,29.18,20.29,30.46,90.0
SC-117,2026-07-05 16:00:00,31.61,22.73,28.11,90.0
SC-117,2026-07-05 16:30:00,29.1,21.87,24.82,90.0
SC-117,2026-07-05 17:00:00,22.73,18.19,19.97,90.0
SC-117,2026-07-05 17:30:00,23.36,16.3,30.23,90.0
SC-117,2026-07-05 18:00:00,21.01,14.71,29.99,90.0
SC-117,2026-07-05 18:30:00,16.04,11.01,31.33,90.0
SC-117,2026-07-05 19:00:00,13.04,9.2,29.46,90.0
SC-117,2026-07-05 19:30:00,9.44,6.61,29.91,90.0
SC-117,2026-07-06 08:00:00,16.13,12.18,24.49,90.0
SC-117,2026-07-06 08:30:00,26.22,19.52,25.57,90.0
SC-117,2026-07-06 09:00:00,34.52,22.8,33.95,90.0
SC-117,2026-07-06 09:30:00,33.15,22.9,30.92,90.0
SC-117,2026-07-06 10:00:00,43.77,31.03,29.1,90.0
SC-117,2026-07-06 10:30:00,45.55,31.27,31.35,90.0
SC-117,2026-07-06 11:00:00,54.34,36.55,32.74,90.0
SC-117,2026-07-06 11:30:00,46.14,35.58,22.89,90.0
SC-117,2026-07-06 12:00:00,43.26,32.09,25.83,90.0
SC-117,2026-07-06 12:30:00,42.91,29.93,30.25,90.0
SC-117,2026-07-06 13:00:00,30.84,21.6,29.94,90.0
SC-117,2026-07-06 13:30:00,41.25,28.25,31.52,90.0
SC-117,2026-07-06 14:00:00,32.5,24.99,23.11,90.0
SC-117,2026-07-06 14:30:00,34.46,24.32,29.41,90.0
SC-117,2026-07-06 15:00:00,28.29,21.75,23.14,90.0
SC-117,2026-07-06 15:30:00,32.39,22.3,31.16,90.0
SC-117,2026-07-06 16:00:00,32.61,22.76,30.2,90.0
SC-117,2026-07-06 16:30:00,23.88,16.92,29.17,90.0
SC-117,2026-07-06 17:00:00,22.21,15.16,31.74,90.0
SC-117,2026-07-06 17:30:00,17.13,12.61,26.42,90.0
SC-117,2026-07-06 18:00:00,16.47,12.15,26.25,90.0
SC-117,2026-07-06 18:30:00,14.15,10.13,28.43,90.0
SC-117,2026-07-06 19:00:00,11.53,8.55,25.86,90.0
SC-117,2026-07-06 19:30:00,9.61,6.41,33.31,90.0
SC-117,2026-07-07 08:00:00,17.54,12.06,31.24,90.0
SC-117,2026-07-07 08:30:00,26.88,19.38,27.91,90.0
SC-117,2026-07-07 09:00:00,30.87,23.24,24.7,90.0
SC-117,2026-07-07 09:30:00,41.85,28.45,32.02,90.0
SC-117,2026-07-07 10:00:00,38.52,28.73,25.41,90.0
SC-117,2026-07-07 10:30:00,35.51,27.91,21.39,90.0
SC-117,2026-07-07 11:00:00,43.86,33.14,24.44,90.0
SC-117,2026-07-07 11:30:00,44.93,35.07,21.95,90.0
SC-117,2026-07-07 12:00:00,41.4,31.51,23.9,90.0
SC-117,2026-07-07 12:30:00,38.61,27.92,27.68,90.0
SC-117,2026-07-07 13:00:00,35.79,25.27,29.41,90.0
SC-117,2026-07-07 13:30:00,34.15,24.71,27.64,90.0
SC-117,2026-07-07 14:00:00,35.6,26.8,24.71,90.0
SC-117,2026-07-07 14:30:00,32.65,24.58,24.7,90.0
SC-117,2026-07-07 15:00:00,25.89,19.65,24.1,90.0
SC-117,2026-07-07 15:30:00,29.99,22.43,25.22,90.0
SC-117,2026-07-07 16:00:00,24.82,18.53,25.33,90.0
SC-117,2026-07-07 16:30:00,23.22,16.73,27.97,90.0
SC-117,2026-07-07 17:00:00,22.09,15.6,29.37,90.0
SC-117,2026-07-07 17:30:00,17.73,13.56,23.55,90.0
SC-117,2026-07-07 18:00:00,15.7,11.07,29.49,90.0
SC-117,2026-07-07 18:30:00,13.54,10.06,25.69,90.0
SC-117,2026-07-07 19:00:00,13.05,9.61,26.33,90.0
SC-117,2026-07-07 19:30:00,8.94,5.97,33.29,90.0
SC-117,2026-07-08 08:00:00,14.62,10.56,27.75,90.0
SC-117,2026-07-08 08:30:00,19.97,14.3,28.39,90.0
SC-117,2026-07-08 09:00:00,26.73,19.23,28.06,90.0
SC-117,2026-07-08 09:30:00,35.16,24.67,29.84,90.0
SC-117,2026-07-08 10:00:00,32.85,24.57,25.2,90.0
SC-117,2026-07-08 10:30:00,33.22,24.74,25.51,90.0
SC-117,2026-07-08 11:00:00,38.79,27.36,29.48,90.0
SC-117,2026-07-08 11:30:00,39.5,26.15,33.8,90.0
SC-117,2026-07-08 12:00:00,35.95,27.93,22.29,90.0
SC-117,2026-07-08 12:30:00,35.3,26.4,25.2,90.0
SC-117,2026-07-08 13:00:00,36.61,23.6,35.56,90.0
SC-117,2026-07-08 13:30:00,30.89,23.76,23.07,90.0
SC-117,2026-07-08 14:00:00,30.69,22.45,26.85,90.0
SC-117,2026-07-08 14:30:00,25.72,19.07,25.85,90.0
SC-117,2026-07-08 15:00:00,28.8,20.04,30.39,90.0
SC-117,2026-07-08 15:30:00,23.7,17.1,27.85,90.0
SC-117,2026-07-08 16:00:00,23.76,16.97,28.59,90.0
SC-117,2026-07-08 16:30:00,21.41,15.94,25.52,90.0
SC-117,2026-07-08 17:00:00,17.23,12.88,25.26,90.0
SC-117,2026-07-08 17:30:00,17.01,12.18,28.38,90.0
SC-117,2026-07-08 18:00:00,14.47,10.95,24.33,90.0
SC-117,2026-07-08 18:30:00,12.68,8.72,31.22,90.0
SC-117,2026-07-08 19:00:00,10.43,7.38,29.24,90.0
SC-117,2026-07-08 19:30:00,7.55,5.5,27.13,90.0
SC-117,2026-07-09 08:00:00,15.18,11.0,27.49,90.0
SC-117,2026-07-09 08:30:00,23.09,17.72,23.28,90.0
SC-117,2026-07-09 09:00:00,28.23,20.1,28.79,90.0
SC-117,2026-07-09 09:30:00,35.93,22.91,36.23,90.0
SC-117,2026-07-09 10:00:00,33.72,26.62,21.07,90.0
SC-117,2026-07-09 10:30:00,34.2,23.99,29.85,90.0
SC-117,2026-07-09 11:00:00,45.61,29.34,35.68,90.0
SC-117,2026-07-09 11:30:00,45.65,31.15,31.76,90.0
SC-117,2026-07-09 12:00:00,42.48,28.99,31.74,90.0
SC-117,2026-07-09 12:30:00,35.55,26.88,24.38,90.0
SC-117,2026-07-09 13:00:00,32.44,22.69,30.06,90.0
SC-117,2026-07-09 13:30:00,32.35,24.25,25.03,90.0
SC-117,2026-07-09 14:00:00,34.46,23.02,33.19,90.0
SC-117,2026-07-09 14:30:00,26.47,18.32,30.78,90.0
SC-117,2026-07-09 15:00:00,27.87,20.27,27.28,90.0
SC-117,2026-07-09 15:30:00,26.32,18.17,30.97,90.0
SC-117,2026-07-09 16:00:00,21.81,16.45,24.58,90.0
SC-117,2026-07-09 16:30:00,21.0,15.22,27.53,90.0
SC-117,2026-07-09 17:00:00,19.11,13.65,28.56,90.0
SC-117,2026-07-09 17:30:00,17.05,12.12,28.88,90.0
SC-117,2026-07-09 18:00:00,13.86,9.52,31.31,90.0
SC-117,2026-07-09 18:30:00,11.94,8.22,31.13,90.0
SC-117,2026-07-09 19:00:00,11.38,7.48,34.3,90.0
SC-117,2026-07-09 19:30:00,7.61,5.69,25.17,90.0
SC-117,2026-07-10 08:00:00,8.05,5.77,28.27,90.0
SC-117,2026-07-10 08:30:00,11.31,8.35,26.19,90.0
SC-117,2026-07-10 09:00:00,14.03,10.29,26.66,90.0
SC-117,2026-07-10 09:30:00,18.99,13.89,26.86,90.0
SC-117,2026-07-10 10:00:00,23.95,16.91,29.42,90.0
SC-117,2026-07-10 10:30:00,19.22,15.2,20.93,90.0
SC-117,2026-07-10 11:00:00,20.04,14.56,27.34,90.0
SC-117,2026-07-10 11:30:00,21.13,15.92,24.67,90.0
SC-117,2026-07-10 12:00:00,21.19,15.39,27.37,90.0
SC-117,2026-07-10 12:30:00,24.01,15.48,35.54,90.0
SC-117,2026-07-10 13:00:00,16.73,12.85,23.19,90.0
SC-117,2026-07-10 13:30:00,15.46,11.76,23.89,90.0
SC-117,2026-07-10 14:00:00,14.97,11.32,24.41,90.0
SC-117,2026-07-10 14:30:00,14.98,10.25,31.57,90.0
SC-117,2026-07-10 15:00:00,14.4,10.87,24.55,90.0
SC-117,2026-07-10 15:30:00,13.12,10.05,23.41,90.0
SC-117,2026-07-10 16:00:00,14.47,9.18,36.52,90.0
SC-117,2026-07-10 16:30:00,11.4,8.26,27.57,90.0
SC-117,2026-07-10 17:00:00,12.97,8.55,34.04,90.0
SC-117,2026-07-10 17:30:00,9.66,6.73,30.38,90.0
SC-117,2026-07-10 18:00:00,8.01,5.68,29.08,90.0
SC-117,2026-07-10 18:30:00,5.98,4.25,28.9,90.0
SC-117,2026-07-10 19:00:00,5.73,3.93,31.55,90.0
SC-117,2026-07-10 19:30:00,5.22,3.8,27.06,90.0
SC-117,2026-07-11 08:00:00,7.4,5.69,23.0,90.0
SC-117,2026-07-11 08:30:00,9.77,7.09,27.37,90.0
SC-117,2026-07-11 09:00:00,12.56,9.32,25.82,90.0
SC-117,2026-07-11 09:30:00,13.6,10.03,26.26,90.0
SC-117,2026-07-11 10:00:00,16.47,11.82,28.25,90.0
SC-117,2026-07-11 10:30:00,13.51,10.08,25.35,90.0
SC-117,2026-07-11 11:00:00,18.58,12.88,30.66,90.0
SC-117,2026-07-11 11:30:00,20.09,12.85,36.04,90.0
SC-117,2026-07-11 12:00:00,16.87,11.57,31.44,90.0
SC-117,2026-07-11 12:30:00,14.86,10.83,27.09,90.0
SC-117,2026-07-11 13:00:00,14.9,11.09,25.59,90.0
SC-117,2026-07-11 13:30:00,13.82,10.15,26.53,90.0
SC-117,2026-07-11 14:00:00,14.35,10.66,25.69,90.0
SC-117,2026-07-11 14:30:00,13.63,8.99,34.05,90.0
SC-117,2026-07-11 15:00:00,11.01,8.77,20.32,90.0
SC-117,2026-07-11 15:30:00,12.19,8.7,28.65,90.0
SC-117,2026-07-11 16:00:00,11.06,7.61,31.23,90.0
SC-117,2026-07-11 16:30:00,11.15,8.17,26.7,90.0
SC-117,2026-07-11 17:00:00,8.99,6.27,30.23,90.0
SC-117,2026-07-11 17:30:00,8.22,5.51,33.04,90.0
SC-117,2026-07-11 18:00:00,7.44,5.04,32.26,90.0
SC-117,2026-07-11 18:30:00,6.74,4.55,32.57,90.0
SC-117,2026-07-11 19:00:00,5.08,3.66,27.87,90.0
SC-117,2026-07-11 19:30:00,3.77,2.67,29.18,90.0
SC-117,2026-07-12 08:00:00,20.26,14.2,29.94,90.0
SC-117,2026-07-12 08:30:00,30.73,20.02,34.86,90.0
SC-117,2026-07-12 09:00:00,36.55,24.15,33.91,90.0
SC-117,2026-07-12 09:30:00,41.21,30.63,25.67,90.0
SC-117,2026-07-12 10:00:00,45.81,34.08,25.61,90.0
SC-117,2026-07-12 10:30:00,40.77,28.57,29.92,90.0
SC-117,2026-07-12 11:00:00,52.21,38.98,25.35,90.0
SC-117,2026-07-12 11:30:00,47.93,36.15,24.58,90.0
SC-117,2026-07-12 12:00:00,40.54,32.46,19.93,90.0
SC-117,2026-07-12 12:30:00,42.69,31.08,27.21,90.0
SC-117,2026-07-12 13:00:00,37.92,28.13,25.8,90.0
SC-117,2026-07-12 13:30:00,36.94,26.93,27.1,90.0
SC-117,2026-07-12 14:00:00,36.19,28.1,22.34,90.0
SC-117,2026-07-12 14:30:00,39.81,28.17,29.24,90.0
SC-117,2026-07-12 15:00:00,32.42,22.65,30.14,90.0
SC-117,2026-07-12 15:30:00,32.64,22.58,30.82,90.0
SC-117,2026-07-12 16:00:00,24.02,17.66,26.47,90.0
SC-117,2026-07-12 16:30:00,27.73,19.75,28.78,90.0
SC-117,2026-07-12 17:00:00,24.28,16.51,31.99,90.0
SC-117,2026-07-12 17:30:00,22.31,15.93,28.58,90.0
SC-117,2026-07-12 18:00:00,16.97,13.53,20.3,90.0
SC-117,2026-07-12 18:30:00,16.47,11.76,28.59,90.0
SC-117,2026-07-12 19:00:00,11.89,9.59,19.35,90.0
SC-117,2026-07-12 19:30:00,10.54,7.2,31.67,90.0
SC-117,2026-07-13 08:00:00,17.69,11.88,32.82,90.0
SC-117,2026-07-13 08:30:00,29.77,22.5,24.41,90.0
SC-117,2026-07-13 09:00:00,33.13,24.5,26.04,90.0
SC-117,2026-07-13 09:30:00,40.73,28.53,29.94,90.0
SC-117,2026-07-13 10:00:00,47.6,34.09,28.39,90.0
SC-117,2026-07-13 10:30:00,44.5,33.71,24.26,90.0
SC-117,2026-07-13 11:00:00,47.95,34.43,28.19,90.0
SC-117,2026-07-13 11:30:00,54.63,38.97,28.67,90.0
SC-117,2026-07-13 12:00:00,53.54,34.49,35.59,90.0
SC-117,2026-07-13 12:30:00,46.83,35.14,24.96,90.0
SC-117,2026-07-13 13:00:00,40.6,30.58,24.67,90.0
SC-117,2026-07-13 13:30:00,41.54,28.85,30.57,90.0
SC-117,2026-07-13 14:00:00,39.92,27.23,31.79,90.0
SC-117,2026-07-13 14:30:00,39.41,25.88,34.35,90.0
SC-117,2026-07-13 15:00:00,34.22,25.02,26.9,90.0
SC-117,2026-07-13 15:30:00,30.42,20.66,32.08,90.0
SC-117,2026-07-13 16:00:00,28.8,20.63,28.36,90.0
SC-117,2026-07-13 16:30:00,23.71,17.36,26.79,90.0
SC-117,2026-07-13 17:00:00,22.08,17.32,21.55,90.0
SC-117,2026-07-13 17:30:00,18.7,13.94,25.48,90.0
SC-117,2026-07-13 18:00:00,17.48,13.49,22.81,90.0
SC-117,2026-07-13 18:30:00,13.55,10.38,23.44,90.0
SC-117,2026-07-13 19:00:00,11.21,8.11,27.6,90.0
SC-117,2026-07-13 19:30:00,10.75,7.46,30.57,90.0
SC-117,2026-07-14 08:00:00,18.53,13.3,28.21,90.0
SC-117,2026-07-14 08:30:00,26.7,19.02,28.75,90.0
SC-117,2026-07-14 09:00:00,31.79,22.43,29.43,90.0
SC-117,2026-07-14 09:30:00,36.25,26.54,26.79,90.0
SC-117,2026-07-14 10:00:00,37.8,25.2,33.34,90.0
SC-117,2026-07-14 10:30:00,52.55,36.28,30.96,90.0
SC-117,2026-07-14 11:00:00,44.65,31.29,29.93,90.0
SC-117,2026-07-14 11:30:00,45.15,31.58,30.06,90.0
SC-117,2026-07-14 12:00:00,51.07,36.5,28.53,90.0
SC-117,2026-07-14 12:30:00,41.98,30.16,28.17,90.0
SC-117,2026-07-14 13:00:00,36.64,28.63,21.85,90.0
SC-117,2026-07-14 13:30:00,37.94,26.71,29.62,90.0
SC-117,2026-07-14 14:00:00,36.42,26.38,27.58,90.0
SC-117,2026-07-14 14:30:00,29.56,22.53,23.79,90.0
SC-117,2026-07-14 15:00:00,31.61,22.52,28.74,90.0
SC-117,2026-07-14 15:30:00,28.9,21.71,24.88,90.0
SC-117,2026-07-14 16:00:00,29.07,19.01,34.61,90.0
SC-117,2026-07-14 16:30:00,21.85,15.77,27.83,90.0
SC-117,2026-07-14 17:00:00,19.79,14.9,24.72,90.0
SC-117,2026-07-14 17:30:00,20.57,14.89,27.62,90.0
SC-117,2026-07-14 18:00:00,16.68,11.89,28.72,90.0
SC-117,2026-07-14 18:30:00,14.46,10.07,30.34,90.0
SC-117,2026-07-14 19:00:00,12.26,8.15,33.52,90.0
SC-117,2026-07-14 19:30:00,7.92,6.16,22.12,90.0
SC-117,2026-07-15 08:00:00,15.54,11.32,27.14,90.0
SC-117,2026-07-15 08:30:00,21.67,16.22,25.18,90.0
SC-117,2026-07-15 09:00:00,27.65,18.62,32.65,90.0
SC-117,2026-07-15 09:30:00,34.09,24.47,28.23,90.0
SC-117,2026-07-15 10:00:00,37.8,26.99,28.61,90.0
SC-117,2026-07-15 10:30:00,43.81,32.48,25.87,90.0
SC-117,2026-07-15 11:00:00,41.63,29.22,29.81,90.0
SC-117,2026-07-15 11:30:00,42.89,29.5,31.2,90.0
SC-117,2026-07-15 12:00:00,35.19,25.96,26.24,90.0
SC-117,2026-07-15 12:30:00,47.02,32.27,31.36,90.0
SC-117,2026-07-15 13:00:00,38.55,28.18,26.89,90.0
SC-117,2026-07-15 13:30:00,32.9,22.74,30.88,90.0
SC-117,2026-07-15 14:00:00,32.87,23.38,28.87,90.0
SC-117,2026-07-15 14:30:00,31.9,23.18,27.32,90.0
SC-117,2026-07-15 15:00:00,30.1,21.19,29.58,90.0
SC-117,2026-07-15 15:30:00,29.0,20.13,30.58,90.0
SC-117,2026-07-15 16:00:00,27.62,18.87,31.71,90.0
SC-117,2026-07-15 16:30:00,23.61,16.44,30.35,90.0
SC-117,2026-07-15 17:00:00,20.69,14.88,28.1,90.0
SC-117,2026-07-15 17:30:00,18.71,14.02,25.08,90.0
SC-117,2026-07-15 18:00:00,18.36,12.89,29.81,90.0
SC-117,2026-07-15 18:30:00,10.68,7.85,26.52,90.0
SC-117,2026-07-15 19:00:00,12.05,7.48,37.88,90.0
SC-117,2026-07-15 19:30:00,8.76,6.02,31.23,90.0
SC-117,2026-07-16 08:00:00,15.21,11.71,22.98,90.0
SC-117,2026-07-16 08:30:00,21.37,15.97,25.27,90.0
SC-117,2026-07-16 09:00:00,22.95,17.08,25.59,90.0
SC-117,2026-07-16 09:30:00,34.69,24.35,29.81,90.0
SC-117,2026-07-16 10:00:00,38.85,25.43,34.54,90.0
SC-117,2026-07-16 10:30:00,35.48,26.91,24.16,90.0
SC-117,2026-07-16 11:00:00,39.14,27.87,28.81,90.0
SC-117,2026-07-16 11:30:00,42.14,30.72,27.11,90.0
SC-117,2026-07-16 12:00:00,36.11,26.71,26.03,90.0
SC-117,2026-07-16 12:30:00,41.35,29.98,27.5,90.0
SC-117,2026-07-16 13:00:00,35.91,26.42,26.44,90.0
SC-117,2026-07-16 13:30:00,39.12,26.48,32.31,90.0
SC-117,2026-07-16 14:00:00,27.93,20.96,24.97,90.0
SC-117,2026-07-16 14:30:00,29.85,21.68,27.36,90.0
SC-117,2026-07-16 15:00:00,26.36,20.05,23.92,90.0
SC-117,2026-07-16 15:30:00,22.99,17.41,24.27,90.0
SC-117,2026-07-16 16:00:00,23.96,17.23,28.09,90.0
SC-117,2026-07-16 16:30:00,21.34,15.87,25.62,90.0
SC-117,2026-07-16 17:00:00,20.62,14.78,28.3,90.0
SC-117,2026-07-16 17:30:00,17.82,12.85,27.88,90.0
SC-117,2026-07-16 18:00:00,13.6,9.46,30.45,90.0
SC-117,2026-07-16 18:30:00,12.83,9.24,27.97,90.0
SC-117,2026-07-16 19:00:00,9.58,7.34,23.39,90.0
SC-117,2026-07-16 19:30:00,8.69,6.3,27.45,90.0
SC-117,2026-07-17 08:00:00,8.33,5.74,31.16,90.0
SC-117,2026-07-17 08:30:00,11.52,8.83,23.36,90.0
SC-117,2026-07-17 09:00:00,17.32,11.56,33.24,90.0
SC-117,2026-07-17 09:30:00,17.48,11.9,31.91,90.0
SC-117,2026-07-17 10:00:00,21.81,14.31,34.4,90.0
SC-117,2026-07-17 10:30:00,20.38,13.77,32.46,90.0
SC-117,2026-07-17 11:00:00,19.06,13.27,30.37,90.0
SC-117,2026-07-17 11:30:00,21.72,15.02,30.86,90.0
SC-117,2026-07-17 12:00:00,23.65,15.4,34.87,90.0
SC-117,2026-07-17 12:30:00,17.7,12.51,29.33,90.0
SC-117,2026-07-17 13:00:00,18.99,13.29,30.02,90.0
SC-117,2026-07-17 13:30:00,18.9,13.96,26.15,90.0
SC-117,2026-07-17 14:00:00,13.51,10.19,24.57,90.0
SC-117,2026-07-17 14:30:00,13.74,10.28,25.14,90.0
SC-117,2026-07-17 15:00:00,15.12,10.41,31.12,90.0
SC-117,2026-07-17 15:30:00,13.26,9.85,25.76,90.0
SC-117,2026-07-17 16:00:00,12.46,9.16,26.45,90.0
SC-117,2026-07-17 16:30:00,11.23,8.67,22.8,90.0
SC-117,2026-07-17 17:00:00,9.37,6.72,28.32,90.0
SC-117,2026-07-17 17:30:00,9.83,7.15,27.29,90.0
SC-117,2026-07-17 18:00:00,9.66,6.04,37.53,90.0
SC-117,2026-07-17 18:30:00,7.3,5.35,26.65,90.0
SC-117,2026-07-17 19:00:00,5.86,4.17,28.96,90.0
SC-117,2026-07-17 19:30:00,3.96,2.96,25.22,90.0
SC-117,2026-07-18 08:00:00,6.62,5.0,24.45,90.0
SC-117,2026-07-18 08:30:00,10.55,7.21,31.65,90.0
SC-117,2026-07-18 09:00:00,13.53,8.82,34.83,90.0
SC-117,2026-07-18 09:30:00,14.44,10.18,29.5,90.0
SC-117,2026-07-18 10:00:00,14.71,11.59,21.23,90.0
SC-117,2026-07-18 10:30:00,14.58,11.44,21.54,90.0
SC-117,2026-07-18 11:00:00,19.18,12.75,33.52,90.0
SC-117,2026-07-18 11:30:00,16.8,12.49,25.69,90.0
SC-117,2026-07-18 12:00:00,16.1,12.26,23.85,90.0
SC-117,2026-07-18 12:30:00,14.05,11.17,20.55,90.0
SC-117,2026-07-18 13:00:00,15.6,11.6,25.62,90.0
SC-117,2026-07-18 13:30:00,14.76,9.7,34.31,90.0
SC-117,2026-07-18 14:00:00,12.12,9.44,22.1,90.0
SC-117,2026-07-18 14:30:00,13.39,9.53,28.83,90.0
SC-117,2026-07-18 15:00:00,11.46,8.11,29.19,90.0
SC-117,2026-07-18 15:30:00,12.5,8.9,28.78,90.0
SC-117,2026-07-18 16:00:00,10.59,7.36,30.54,90.0
SC-117,2026-07-18 16:30:00,9.63,6.86,28.73,90.0
SC-117,2026-07-18 17:00:00,9.6,6.91,27.99,90.0
SC-117,2026-07-18 17:30:00,7.58,5.62,25.86,90.0
SC-117,2026-07-18 18:00:00,6.06,4.42,27.11,90.0
SC-117,2026-07-18 18:30:00,5.5,4.09,25.64,90.0
SC-117,2026-07-18 19:00:00,4.69,3.39,27.73,90.0
SC-117,2026-07-18 19:30:00,3.91,2.77,29.23,90.0
SC-117,2026-07-19 08:00:00,19.61,13.5,31.14,90.0
SC-117,2026-07-19 08:30:00,26.2,19.4,25.96,90.0
SC-117,2026-07-19 09:00:00,34.53,24.14,30.08,90.0
SC-117,2026-07-19 09:30:00,41.55,31.22,24.88,90.0
SC-117,2026-07-19 10:00:00,48.92,33.29,31.96,90.0
SC-117,2026-07-19 10:30:00,50.68,35.39,30.18,90.0
SC-117,2026-07-19 11:00:00,49.56,34.76,29.85,90.0
SC-117,2026-07-19 11:30:00,52.99,41.17,22.32,90.0
SC-117,2026-07-19 12:00:00,46.73,33.46,28.4,90.0
SC-117,2026-07-19 12:30:00,49.42,35.08,29.01,90.0
SC-117,2026-07-19 13:00:00,43.57,31.42,27.89,90.0
SC-117,2026-07-19 13:30:00,41.67,30.42,27.0,90.0
SC-117,2026-07-19 14:00:00,37.15,27.19,26.79,90.0
SC-117,2026-07-19 14:30:00,37.34,27.39,26.65,90.0
SC-117,2026-07-19 15:00:00,31.4,24.59,21.69,90.0
SC-117,2026-07-19 15:30:00,30.6,22.25,27.3,90.0
SC-117,2026-07-19 16:00:00,24.53,18.05,26.41,90.0
SC-117,2026-07-19 16:30:00,25.8,20.37,21.04,90.0
SC-117,2026-07-19 17:00:00,26.1,18.36,29.66,90.0
SC-117,2026-07-19 17:30:00,22.13,16.34,26.18,90.0
SC-117,2026-07-19 18:00:00,17.65,13.03,26.19,90.0
SC-117,2026-07-19 18:30:00,13.67,10.11,26.04,90.0
SC-117,2026-07-19 19:00:00,12.5,9.13,26.9,90.0
SC-117,2026-07-19 19:30:00,9.53,7.01,26.47,90.0
SC-117,2026-07-20 08:00:00,17.9,13.72,23.33,90.0
SC-117,2026-07-20 08:30:00,28.45,20.44,28.13,90.0
SC-117,2026-07-20 09:00:00,33.23,24.06,27.58,90.0
SC-117,2026-07-20 09:30:00,40.92,28.73,29.79,90.0
SC-117,2026-07-20 10:00:00,52.86,36.57,30.81,90.0
SC-117,2026-07-20 10:30:00,49.45,36.01,27.17,90.0
SC-117,2026-07-20 11:00:00,53.14,35.33,33.51,90.0
SC-117,2026-07-20 11:30:00,55.58,41.52,25.3,90.0
SC-117,2026-07-20 12:00:00,57.86,40.97,29.2,90.0
SC-117,2026-07-20 12:30:00,44.91,35.37,21.25,90.0
SC-117,2026-07-20 13:00:00,43.72,33.6,23.16,90.0
SC-117,2026-07-20 13:30:00,40.57,30.05,25.94,90.0
SC-117,2026-07-20 14:00:00,35.74,26.23,26.62,90.0
SC-117,2026-07-20 14:30:00,27.7,21.32,23.02,90.0
SC-117,2026-07-20 15:00:00,37.24,26.08,29.97,90.0
SC-117,2026-07-20 15:30:00,28.79,20.81,27.74,90.0
SC-117,2026-07-20 16:00:00,29.11,21.9,24.78,90.0
SC-117,2026-07-20 16:30:00,29.85,22.97,23.05,90.0
SC-117,2026-07-20 17:00:00,26.19,18.95,27.65,90.0
SC-117,2026-07-20 17:30:00,21.97,16.15,26.49,90.0
SC-117,2026-07-20 18:00:00,17.11,12.67,26.0,90.0
SC-117,2026-07-20 18:30:00,17.3,12.24,29.22,90.0
SC-117,2026-07-20 19:00:00,12.74,8.87,30.34,90.0
SC-117,2026-07-20 19:30:00,9.99,7.12,28.69,90.0
SC-117,2026-07-21 08:00:00,18.93,13.35,29.51,90.0
SC-117,2026-07-21 08:30:00,23.89,18.45,22.78,90.0
SC-117,2026-07-21 09:00:00,30.72,20.78,32.35,90.0
SC-117,2026-07-21 09:30:00,37.89,26.44,30.22,90.0
SC-117,2026-07-21 10:00:00,40.95,27.32,33.28,90.0
SC-117,2026-07-21 10:30:00,42.2,29.11,31.03,90.0
SC-117,2026-07-21 11:00:00,40.29,31.22,22.52,90.0
SC-117,2026-07-21 11:30:00,34.83,26.64,23.5,90.0
SC-117,2026-07-21 12:00:00,42.21,29.3,30.58,90.0
SC-117,2026-07-21 12:30:00,40.04,27.36,31.66,90.0
SC-117,2026-07-21 13:00:00,35.82,27.95,21.97,90.0
SC-117,2026-07-21 13:30:00,35.84,26.26,26.73,90.0
SC-117,2026-07-21 14:00:00,35.9,24.23,32.52,90.0
SC-117,2026-07-21 14:30:00,38.17,25.79,32.44,90.0
SC-117,2026-07-21 15:00:00,31.46,21.98,30.15,90.0
SC-117,2026-07-21 15:30:00,24.21,17.01,29.74,90.0
SC-117,2026-07-21 16:00:00,26.97,19.29,28.45,90.0
SC-117,2026-07-21 16:30:00,25.36,17.9,29.4,90.0
SC-117,2026-07-21 17:00:00,25.23,18.03,28.56,90.0
SC-117,2026-07-21 17:30:00,18.29,12.23,33.17,90.0
SC-117,2026-07-21 18:00:00,15.35,10.9,29.0,90.0
SC-117,2026-07-21 18:30:00,12.9,9.46,26.66,90.0
SC-117,2026-07-21 19:00:00,10.24,7.66,25.26,90.0
SC-117,2026-07-21 19:30:00,8.49,6.19,27.01,90.0
SC-117,2026-07-22 08:00:00,17.51,13.21,24.57,90.0
SC-117,2026-07-22 08:30:00,24.73,16.7,32.48,90.0
SC-117,2026-07-22 09:00:00,35.95,25.46,29.2,90.0
SC-117,2026-07-22 09:30:00,34.51,24.15,30.03,90.0
SC-117,2026-07-22 10:00:00,40.83,29.06,28.83,90.0
SC-117,2026-07-22 10:30:00,45.05,33.95,24.64,90.0
SC-117,2026-07-22 11:00:00,36.71,27.98,23.79,90.0
SC-117,2026-07-22 11:30:00,42.49,33.04,22.24,90.0
SC-117,2026-07-22 12:00:00,45.21,32.61,27.88,90.0
SC-117,2026-07-22 12:30:00,37.91,26.51,30.06,90.0
SC-117,2026-07-22 13:00:00,35.83,27.45,23.4,90.0
SC-117,2026-07-22 13:30:00,34.75,26.08,24.95,90.0
SC-117,2026-07-22 14:00:00,35.14,24.08,31.47,90.0
SC-117,2026-07-22 14:30:00,29.38,21.08,28.26,90.0
SC-117,2026-07-22 15:00:00,31.73,22.44,29.26,90.0
SC-117,2026-07-22 15:30:00,24.64,19.01,22.87,90.0
SC-117,2026-07-22 16:00:00,27.7,19.34,30.2,90.0
SC-117,2026-07-22 16:30:00,22.16,16.64,24.92,90.0
SC-117,2026-07-22 17:00:00,21.91,15.89,27.48,90.0
SC-117,2026-07-22 17:30:00,19.72,13.61,30.97,90.0
SC-117,2026-07-22 18:00:00,13.46,10.47,22.19,90.0
SC-117,2026-07-22 18:30:00,11.67,8.4,28.05,90.0
SC-117,2026-07-22 19:00:00,10.44,7.56,27.61,90.0
SC-117,2026-07-22 19:30:00,9.13,6.31,30.91,90.0
SC-117,2026-07-23 08:00:00,13.61,10.13,25.56,90.0
SC-117,2026-07-23 08:30:00,28.28,19.57,30.79,90.0
SC-117,2026-07-23 09:00:00,27.46,19.23,29.95,90.0
SC-117,2026-07-23 09:30:00,34.17,24.81,27.38,90.0
SC-117,2026-07-23 10:00:00,35.01,26.32,24.81,90.0
SC-117,2026-07-23 10:30:00,45.34,31.23,31.13,90.0
SC-117,2026-07-23 11:00:00,41.08,28.7,30.14,90.0
SC-117,2026-07-23 11:30:00,38.74,28.07,27.54,90.0
SC-117,2026-07-23 12:00:00,41.99,28.93,31.1,90.0
SC-117,2026-07-23 12:30:00,34.16,24.4,28.57,90.0
SC-117,2026-07-23 13:00:00,35.74,26.28,26.48,90.0
SC-117,2026-07-23 13:30:00,34.28,23.87,30.38,90.0
SC-117,2026-07-23 14:00:00,29.89,23.97,19.81,90.0
SC-117,2026-07-23 14:30:00,31.19,22.49,27.89,90.0
SC-117,2026-07-23 15:00:00,29.14,19.99,31.38,90.0
SC-117,2026-07-23 15:30:00,30.69,21.05,31.43,90.0
SC-117,2026-07-23 16:00:00,26.41,19.04,27.93,90.0
SC-117,2026-07-23 16:30:00,24.87,16.23,34.72,90.0
SC-117,2026-07-23 17:00:00,24.38,16.67,31.65,90.0
SC-117,2026-07-23 17:30:00,17.47,13.14,24.81,90.0
SC-117,2026-07-23 18:00:00,13.6,9.86,27.55,90.0
SC-117,2026-07-23 18:30:00,12.52,9.12,27.19,90.0
SC-117,2026-07-23 19:00:00,11.14,7.75,30.41,90.0
SC-117,2026-07-23 19:30:00,9.13,5.95,34.84,90.0
SC-117,2026-07-24 08:00:00,9.14,6.25,31.67,90.0
SC-117,2026-07-24 08:30:00,11.31,8.55,24.39,90.0
SC-117,2026-07-24 09:00:00,12.85,9.5,26.1,90.0
SC-117,2026-07-24 09:30:00,16.84,12.66,24.8,90.0
SC-117,2026-07-24 10:00:00,17.54,12.67,27.8,90.0
SC-117,2026-07-24 10:30:00,19.93,13.94,30.04,90.0
SC-117,2026-07-24 11:00:00,18.42,14.3,22.36,90.0
SC-117,2026-07-24 11:30:00,19.3,13.98,27.55,90.0
SC-117,2026-07-24 12:00:00,20.35,15.0,26.3,90.0
SC-117,2026-07-24 12:30:00,14.81,11.47,22.55,90.0
SC-117,2026-07-24 13:00:00,16.55,12.51,24.4,90.0
SC-117,2026-07-24 13:30:00,16.45,12.19,25.93,90.0
SC-117,2026-07-24 14:00:00,14.25,10.4,27.04,90.0
SC-117,2026-07-24 14:30:00,12.89,9.92,23.07,90.0
SC-117,2026-07-24 15:00:00,13.64,9.92,27.3,90.0
SC-117,2026-07-24 15:30:00,11.77,8.6,26.92,90.0
SC-117,2026-07-24 16:00:00,12.24,9.23,24.61,90.0
SC-117,2026-07-24 16:30:00,12.6,8.69,31.09,90.0
SC-117,2026-07-24 17:00:00,10.91,7.56,30.72,90.0
SC-117,2026-07-24 17:30:00,9.04,6.68,26.11,90.0
SC-117,2026-07-24 18:00:00,6.86,5.12,25.38,90.0
SC-117,2026-07-24 18:30:00,6.6,4.73,28.25,90.0
SC-117,2026-07-24 19:00:00,5.65,4.09,27.63,90.0
SC-117,2026-07-24 19:30:00,4.52,3.16,30.1,90.0
SC-117,2026-07-25 08:00:00,6.37,4.65,27.05,90.0
SC-117,2026-07-25 08:30:00,10.69,7.61,28.81,90.0
SC-117,2026-07-25 09:00:00,12.01,8.74,27.23,90.0
SC-117,2026-07-25 09:30:00,11.24,8.94,20.46,90.0
SC-117,2026-07-25 10:00:00,13.46,10.19,24.27,90.0
SC-117,2026-07-25 10:30:00,15.16,11.2,26.15,90.0
SC-117,2026-07-25 11:00:00,13.93,10.8,22.44,90.0
SC-117,2026-07-25 11:30:00,17.2,12.35,28.19,90.0
SC-117,2026-07-25 12:00:00,15.64,11.63,25.64,90.0
SC-117,2026-07-25 12:30:00,15.02,11.03,26.57,90.0
SC-117,2026-07-25 13:00:00,15.46,10.75,30.45,90.0
SC-117,2026-07-25 13:30:00,13.11,9.91,24.44,90.0
SC-117,2026-07-25 14:00:00,12.53,9.25,26.19,90.0
SC-117,2026-07-25 14:30:00,12.89,9.72,24.61,90.0
SC-117,2026-07-25 15:00:00,11.35,8.31,26.79,90.0
SC-117,2026-07-25 15:30:00,12.06,8.69,27.96,90.0
SC-117,2026-07-25 16:00:00,10.22,6.92,32.26,90.0
SC-117,2026-07-25 16:30:00,9.87,7.33,25.69,90.0
SC-117,2026-07-25 17:00:00,10.84,6.6,39.07,90.0
SC-117,2026-07-25 17:30:00,7.1,5.27,25.78,90.0
SC-117,2026-07-25 18:00:00,6.62,4.89,26.23,90.0
SC-117,2026-07-25 18:30:00,5.26,3.86,26.52,90.0
SC-117,2026-07-25 19:00:00,4.42,3.06,30.72,90.0
SC-117,2026-07-25 19:30:00,3.81,2.74,28.21,90.0
SC-117,2026-07-26 08:00:00,18.0,13.5,24.98,90.0
SC-117,2026-07-26 08:30:00,30.08,22.03,26.76,90.0
SC-117,2026-07-26 09:00:00,36.93,27.48,25.59,90.0
SC-117,2026-07-26 09:30:00,47.22,33.3,29.47,90.0
SC-117,2026-07-26 10:00:00,53.32,36.94,30.73,90.0
SC-117,2026-07-26 10:30:00,53.32,36.88,30.84,90.0
SC-117,2026-07-26 11:00:00,54.68,39.89,27.04,90.0
SC-117,2026-07-26 11:30:00,53.37,38.81,27.29,90.0
SC-117,2026-07-26 12:00:00,43.52,33.2,23.7,90.0
SC-117,2026-07-26 12:30:00,46.12,34.59,25.01,90.0
SC-117,2026-07-26 13:00:00,46.44,32.83,29.32,90.0
SC-117,2026-07-26 13:30:00,43.07,31.63,26.56,90.0
SC-117,2026-07-26 14:00:00,38.36,28.72,25.13,90.0
SC-117,2026-07-26 14:30:00,38.85,27.61,28.95,90.0
SC-117,2026-07-26 15:00:00,35.28,26.25,25.58,90.0
SC-117,2026-07-26 15:30:00,37.61,26.97,28.28,90.0
SC-117,2026-07-26 16:00:00,29.17,21.74,25.5,90.0
SC-117,2026-07-26 16:30:00,32.24,20.75,35.63,90.0
SC-117,2026-07-26 17:00:00,25.22,18.6,26.23,90.0
SC-117,2026-07-26 17:30:00,23.96,17.62,26.43,90.0
SC-117,2026-07-26 18:00:00,18.76,13.08,30.26,90.0
SC-117,2026-07-26 18:30:00,16.13,11.6,28.12,90.0
SC-117,2026-07-26 19:00:00,12.63,9.04,28.4,90.0
SC-117,2026-07-26 19:30:00,11.02,8.0,27.4,90.0
SC-117,2026-07-27 08:00:00,19.5,13.66,29.95,90.0
SC-117,2026-07-27 08:30:00,25.06,19.63,21.67,90.0
SC-117,2026-07-27 09:00:00,30.27,21.32,29.56,90.0
SC-117,2026-07-27 09:30:00,39.79,28.33,28.8,90.0
SC-117,2026-07-27 10:00:00,42.04,30.94,26.41,90.0
SC-117,2026-07-27 10:30:00,47.92,35.91,25.06,90.0
SC-117,2026-07-27 11:00:00,43.78,33.47,23.55,90.0
SC-117,2026-07-27 11:30:00,46.11,33.3,27.79,90.0
SC-117,2026-07-27 12:00:00,46.73,34.92,25.28,90.0
SC-117,2026-07-27 12:30:00,43.48,31.11,28.45,90.0
SC-117,2026-07-27 13:00:00,41.02,27.37,33.27,90.0
SC-117,2026-07-27 13:30:00,38.61,28.18,27.03,90.0
SC-117,2026-07-27 14:00:00,38.24,26.45,30.83,90.0
SC-117,2026-07-27 14:30:00,32.55,25.25,22.45,90.0
SC-117,2026-07-27 15:00:00,31.71,25.43,19.82,90.0
SC-117,2026-07-27 15:30:00,34.29,22.35,34.83,90.0
SC-117,2026-07-27 16:00:00,29.79,20.28,31.91,90.0
SC-117,2026-07-27 16:30:00,27.18,19.97,26.52,90.0
SC-117,2026-07-27 17:00:00,22.07,16.21,26.52,90.0
SC-117,2026-07-27 17:30:00,20.67,15.23,26.35,90.0
SC-117,2026-07-27 18:00:00,16.19,11.73,27.57,90.0
SC-117,2026-07-27 18:30:00,13.11,9.94,24.19,90.0
SC-117,2026-07-27 19:00:00,11.03,8.16,25.95,90.0
SC-117,2026-07-27 19:30:00,9.88,6.84,30.76,90.0
SC-118,2026-06-30 08:00:00,7.69,5.09,33.79,90.0
SC-118,2026-06-30 08:30:00,10.43,7.44,28.64,90.0
SC-118,2026-06-30 09:00:00,16.62,11.63,30.03,90.0
SC-118,2026-06-30 09:30:00,18.89,12.72,32.64,90.0
SC-118,2026-06-30 10:00:00,20.93,14.7,29.75,90.0
SC-118,2026-06-30 10:30:00,20.86,14.21,31.84,90.0
SC-118,2026-06-30 11:00:00,20.45,14.45,29.33,90.0
SC-118,2026-06-30 11:30:00,19.91,14.9,25.18,90.0
SC-118,2026-06-30 12:00:00,19.31,14.65,24.15,90.0
SC-118,2026-06-30 12:30:00,16.33,11.78,27.86,90.0
SC-118,2026-06-30 13:00:00,17.44,12.69,27.23,90.0
SC-118,2026-06-30 13:30:00,16.6,12.23,26.32,90.0
SC-118,2026-06-30 14:00:00,14.01,10.6,24.35,90.0
SC-118,2026-06-30 14:30:00,14.76,10.56,28.49,90.0
SC-118,2026-06-30 15:00:00,14.22,9.5,33.19,90.0
SC-118,2026-06-30 15:30:00,12.73,9.35,26.53,90.0
SC-118,2026-06-30 16:00:00,12.42,8.77,29.42,90.0
SC-118,2026-06-30 16:30:00,11.94,7.9,33.84,90.0
SC-118,2026-07-01 08:00:00,7.35,6.0,18.38,90.0
SC-118,2026-07-01 08:30:00,12.47,8.74,29.87,90.0
SC-118,2026-07-01 09:00:00,14.52,10.41,28.26,90.0
SC-118,2026-07-01 09:30:00,18.26,13.34,26.93,90.0
SC-118,2026-07-01 10:00:00,20.98,15.45,26.36,90.0
SC-118,2026-07-01 10:30:00,19.79,14.02,29.15,90.0
SC-118,2026-07-01 11:00:00,20.4,14.82,27.35,90.0
SC-118,2026-07-01 11:30:00,21.83,15.77,27.79,90.0
SC-118,2026-07-01 12:00:00,20.55,14.45,29.69,90.0
SC-118,2026-07-01 12:30:00,18.71,13.09,30.0,90.0
SC-118,2026-07-01 13:00:00,17.94,12.89,28.17,90.0
SC-118,2026-07-01 13:30:00,17.38,12.89,25.86,90.0
SC-118,2026-07-01 14:00:00,18.93,13.43,29.05,90.0
SC-118,2026-07-01 14:30:00,16.42,11.06,32.63,90.0
SC-118,2026-07-01 15:00:00,14.15,9.79,30.81,90.0
SC-118,2026-07-01 15:30:00,13.93,10.05,27.84,90.0
SC-118,2026-07-01 16:00:00,11.53,8.46,26.58,90.0
SC-118,2026-07-01 16:30:00,10.9,8.0,26.61,90.0
SC-118,2026-07-02 08:00:00,6.85,4.95,27.83,90.0
SC-118,2026-07-02 08:30:00,10.61,7.84,26.14,90.0
SC-118,2026-07-02 09:00:00,10.37,7.53,27.37,90.0
SC-118,2026-07-02 09:30:00,14.27,10.98,23.03,90.0
SC-118,2026-07-02 10:00:00,15.13,10.69,29.35,90.0
SC-118,2026-07-02 10:30:00,16.52,12.3,25.57,90.0
SC-118,2026-07-02 11:00:00,16.18,11.77,27.27,90.0
SC-118,2026-07-02 11:30:00,19.01,13.62,28.34,90.0
SC-118,2026-07-02 12:00:00,18.95,13.37,29.44,90.0
SC-118,2026-07-02 12:30:00,17.58,12.57,28.49,90.0
SC-118,2026-07-02 13:00:00,13.62,9.84,27.79,90.0
SC-118,2026-07-02 13:30:00,17.38,11.47,34.01,90.0
SC-118,2026-07-02 14:00:00,13.17,9.16,30.45,90.0
SC-118,2026-07-02 14:30:00,12.56,8.68,30.94,90.0
SC-118,2026-07-02 15:00:00,12.71,9.0,29.17,90.0
SC-118,2026-07-02 15:30:00,11.03,7.79,29.32,90.0
SC-118,2026-07-02 16:00:00,9.78,7.29,25.5,90.0
SC-118,2026-07-02 16:30:00,9.43,7.26,23.01,90.0
SC-118,2026-07-03 08:00:00,3.69,2.76,25.12,90.0
SC-118,2026-07-03 08:30:00,4.84,3.68,23.88,90.0
SC-118,2026-07-03 09:00:00,6.0,4.44,25.99,90.0
SC-118,2026-07-03 09:30:00,7.27,5.38,26.01,90.0
SC-118,2026-07-03 10:00:00,8.85,6.83,22.79,90.0
SC-118,2026-07-03 10:30:00,8.72,6.59,24.41,90.0
SC-118,2026-07-03 11:00:00,8.9,6.63,25.42,90.0
SC-118,2026-07-03 11:30:00,9.89,7.02,28.97,90.0
SC-118,2026-07-03 12:00:00,9.95,6.96,30.01,90.0
SC-118,2026-07-03 12:30:00,8.44,6.01,28.77,90.0
SC-118,2026-07-03 13:00:00,8.42,6.04,28.26,90.0
SC-118,2026-07-03 13:30:00,8.05,5.74,28.71,90.0
SC-118,2026-07-03 14:00:00,7.3,5.32,27.23,90.0
SC-118,2026-07-03 14:30:00,6.77,4.66,31.24,90.0
SC-118,2026-07-03 15:00:00,6.04,4.29,29.04,90.0
SC-118,2026-07-03 15:30:00,6.25,4.63,25.84,90.0
SC-118,2026-07-03 16:00:00,5.38,3.84,28.6,90.0
SC-118,2026-07-03 16:30:00,4.82,3.53,26.83,90.0
SC-118,2026-07-04 08:00:00,3.05,2.16,29.02,90.0
SC-118,2026-07-04 08:30:00,4.16,3.18,23.62,90.0
SC-118,2026-07-04 09:00:00,4.4,3.23,26.67,90.0
SC-118,2026-07-04 09:30:00,5.46,3.86,29.42,90.0
SC-118,2026-07-04 10:00:00,5.82,4.1,29.5,90.0
SC-118,2026-07-04 10:30:00,7.34,5.11,30.41,90.0
SC-118,2026-07-04 11:00:00,6.52,4.91,24.76,90.0
SC-118,2026-07-04 11:30:00,6.59,4.68,28.98,90.0
SC-118,2026-07-04 12:00:00,7.25,5.08,29.87,90.0
SC-118,2026-07-04 12:30:00,6.91,5.31,23.09,90.0
SC-118,2026-07-04 13:00:00,7.41,4.97,32.85,90.0
SC-118,2026-07-04 13:30:00,6.25,4.51,27.89,90.0
SC-118,2026-07-04 14:00:00,5.03,3.85,23.55,90.0
SC-118,2026-07-04 14:30:00,5.39,3.89,27.85,90.0
SC-118,2026-07-04 15:00:00,5.08,3.74,26.42,90.0
SC-118,2026-07-04 15:30:00,4.83,3.54,26.69,90.0
SC-118,2026-07-04 16:00:00,4.54,3.22,29.1,90.0
SC-118,2026-07-04 16:30:00,4.22,3.06,27.46,90.0
SC-118,2026-07-05 08:00:00,7.78,5.6,28.04,90.0
SC-118,2026-07-05 08:30:00,11.35,8.29,26.97,90.0
SC-118,2026-07-05 09:00:00,14.05,10.21,27.29,90.0
SC-118,2026-07-05 09:30:00,16.55,13.22,20.13,90.0
SC-118,2026-07-05 10:00:00,18.27,13.11,28.28,90.0
SC-118,2026-07-05 10:30:00,18.66,14.32,23.25,90.0
SC-118,2026-07-05 11:00:00,20.6,14.46,29.81,90.0
SC-118,2026-07-05 11:30:00,19.61,13.93,28.99,90.0
SC-118,2026-07-05 12:00:00,19.0,14.17,25.42,90.0
SC-118,2026-07-05 12:30:00,18.05,12.76,29.3,90.0
SC-118,2026-07-05 13:00:00,16.98,12.11,28.71,90.0
SC-118,2026-07-05 13:30:00,15.22,10.84,28.74,90.0
SC-118,2026-07-05 14:00:00,15.21,10.22,32.81,90.0
SC-118,2026-07-05 14:30:00,14.17,10.57,25.41,90.0
SC-118,2026-07-05 15:00:00,12.6,9.27,26.42,90.0
SC-118,2026-07-05 15:30:00,11.75,8.63,26.54,90.0
SC-118,2026-07-05 16:00:00,13.95,9.3,33.38,90.0
SC-118,2026-07-05 16:30:00,10.61,8.1,23.65,90.0
SC-118,2026-07-06 08:00:00,8.88,6.28,29.25,90.0
SC-118,2026-07-06 08:30:00,13.65,9.79,28.28,90.0
SC-118,2026-07-06 09:00:00,15.73,10.71,31.93,90.0
SC-118,2026-07-06 09:30:00,17.58,12.57,28.52,90.0
SC-118,2026-07-06 10:00:00,16.45,12.76,22.4,90.0
SC-118,2026-07-06 10:30:00,26.88,17.33,35.52,90.0
SC-118,2026-07-06 11:00:00,19.18,15.29,20.28,90.0
SC-118,2026-07-06 11:30:00,23.05,16.12,30.08,90.0
SC-118,2026-07-06 12:00:00,20.63,15.08,26.89,90.0
SC-118,2026-07-06 12:30:00,19.45,14.74,24.17,90.0
SC-118,2026-07-06 13:00:00,19.04,14.74,22.59,90.0
SC-118,2026-07-06 13:30:00,18.69,12.87,31.14,90.0
SC-118,2026-07-06 14:00:00,15.69,11.22,28.49,90.0
SC-118,2026-07-06 14:30:00,15.27,11.27,26.2,90.0
SC-118,2026-07-06 15:00:00,13.17,9.73,26.08,90.0
SC-118,2026-07-06 15:30:00,13.76,9.38,31.8,90.0
SC-118,2026-07-06 16:00:00,12.07,8.69,27.97,90.0
SC-118,2026-07-06 16:30:00,13.0,8.59,33.93,90.0
SC-118,2026-07-07 08:00:00,7.52,5.25,30.12,90.0
SC-118,2026-07-07 08:30:00,11.48,8.31,27.6,90.0
SC-118,2026-07-07 09:00:00,14.34,10.09,29.61,90.0
SC-118,2026-07-07 09:30:00,16.7,11.93,28.57,90.0
SC-118,2026-07-07 10:00:00,16.85,12.67,24.82,90.0
SC-118,2026-07-07 10:30:00,19.43,14.15,27.18,90.0
SC-118,2026-07-07 11:00:00,22.27,16.48,25.97,90.0
SC-118,2026-07-07 11:30:00,21.52,15.82,26.45,90.0
SC-118,2026-07-07 12:00:00,19.48,13.59,30.21,90.0
SC-118,2026-07-07 12:30:00,18.89,14.29,24.37,90.0
SC-118,2026-07-07 13:00:00,17.4,12.66,27.24,90.0
SC-118,2026-07-07 13:30:00,14.69,10.61,27.82,90.0
SC-118,2026-07-07 14:00:00,18.49,12.72,31.18,90.0
SC-118,2026-07-07 14:30:00,14.56,10.51,27.81,90.0
SC-118,2026-07-07 15:00:00,13.22,8.97,32.15,90.0
SC-118,2026-07-07 15:30:00,12.77,8.95,29.92,90.0
SC-118,2026-07-07 16:00:00,11.74,8.8,25.06,90.0
SC-118,2026-07-07 16:30:00,11.69,8.88,24.05,90.0
SC-118,2026-07-08 08:00:00,9.61,6.59,31.41,90.0
SC-118,2026-07-08 08:30:00,12.77,9.48,25.76,90.0
SC-118,2026-07-08 09:00:00,14.77,10.12,31.5,90.0
SC-118,2026-07-08 09:30:00,18.44,13.77,25.33,90.0
SC-118,2026-07-08 10:00:00,19.74,14.19,28.09,90.0
SC-118,2026-07-08 10:30:00,18.3,14.2,22.44,90.0
SC-118,2026-07-08 11:00:00,17.24,13.01,24.52,90.0
SC-118,2026-07-08 11:30:00,19.73,14.59,26.06,90.0
SC-118,2026-07-08 12:00:00,20.09,14.71,26.75,90.0
SC-118,2026-07-08 12:30:00,19.69,15.16,22.98,90.0
SC-118,2026-07-08 13:00:00,21.24,14.79,30.34,90.0
SC-118,2026-07-08 13:30:00,17.33,12.59,27.37,90.0
SC-118,2026-07-08 14:00:00,15.77,11.44,27.48,90.0
SC-118,2026-07-08 14:30:00,14.91,10.49,29.66,90.0
SC-118,2026-07-08 15:00:00,14.94,10.49,29.82,90.0
SC-118,2026-07-08 15:30:00,13.71,9.72,29.06,90.0
SC-118,2026-07-08 16:00:00,12.38,8.72,29.53,90.0
SC-118,2026-07-08 16:30:00,10.78,8.15,24.4,90.0
SC-118,2026-07-09 08:00:00,6.88,5.34,22.39,90.0
SC-118,2026-07-09 08:30:00,10.15,7.76,23.62,90.0
SC-118,2026-07-09 09:00:00,13.96,9.45,32.33,90.0
SC-118,2026-07-09 09:30:00,15.23,10.85,28.73,90.0
SC-118,2026-07-09 10:00:00,18.74,12.74,32.0,90.0
SC-118,2026-07-09 10:30:00,16.44,11.38,30.77,90.0
SC-118,2026-07-09 11:00:00,15.14,11.45,24.34,90.0
SC-118,2026-07-09 11:30:00,18.39,13.25,27.98,90.0
SC-118,2026-07-09 12:00:00,20.03,13.05,34.87,90.0
SC-118,2026-07-09 12:30:00,15.57,11.11,28.65,90.0
SC-118,2026-07-09 13:00:00,17.25,11.24,34.84,90.0
SC-118,2026-07-09 13:30:00,13.81,10.43,24.42,90.0
SC-118,2026-07-09 14:00:00,13.19,10.06,23.72,90.0
SC-118,2026-07-09 14:30:00,12.64,9.41,25.55,90.0
SC-118,2026-07-09 15:00:00,12.63,8.71,31.09,90.0
SC-118,2026-07-09 15:30:00,11.11,7.47,32.74,90.0
SC-118,2026-07-09 16:00:00,10.99,8.01,27.09,90.0
SC-118,2026-07-09 16:30:00,9.82,6.82,30.54,90.0
SC-118,2026-07-10 08:00:00,3.22,2.46,23.53,90.0
SC-118,2026-07-10 08:30:00,5.99,4.31,28.09,90.0
SC-118,2026-07-10 09:00:00,6.32,4.44,29.79,90.0
SC-118,2026-07-10 09:30:00,7.94,5.93,25.35,90.0
SC-118,2026-07-10 10:00:00,8.61,6.2,27.98,90.0
SC-118,2026-07-10 10:30:00,8.44,6.42,23.87,90.0
SC-118,2026-07-10 11:00:00,9.26,6.86,25.86,90.0
SC-118,2026-07-10 11:30:00,9.85,7.03,28.66,90.0
SC-118,2026-07-10 12:00:00,8.34,6.25,25.04,90.0
SC-118,2026-07-10 12:30:00,9.76,6.24,36.04,90.0
SC-118,2026-07-10 13:00:00,8.09,5.87,27.45,90.0
SC-118,2026-07-10 13:30:00,8.63,5.85,32.22,90.0
SC-118,2026-07-10 14:00:00,7.04,4.88,30.71,90.0
SC-118,2026-07-10 14:30:00,6.01,4.59,23.58,90.0
SC-118,2026-07-10 15:00:00,7.32,4.95,32.32,90.0
SC-118,2026-07-10 15:30:00,5.9,4.2,28.88,90.0
SC-118,2026-07-10 16:00:00,5.32,3.99,24.92,90.0
SC-118,2026-07-10 16:30:00,5.5,4.07,26.01,90.0
SC-118,2026-07-11 08:00:00,2.9,2.05,29.11,90.0
SC-118,2026-07-11 08:30:00,4.32,3.08,28.79,90.0
SC-118,2026-07-11 09:00:00,4.61,3.47,24.63,90.0
SC-118,2026-07-11 09:30:00,5.38,3.87,28.18,90.0
SC-118,2026-07-11 10:00:00,6.12,4.19,31.65,90.0
SC-118,2026-07-11 10:30:00,6.74,4.84,28.14,90.0
SC-118,2026-07-11 11:00:00,5.99,4.34,27.54,90.0
SC-118,2026-07-11 11:30:00,5.86,4.73,19.27,90.0
SC-118,2026-07-11 12:00:00,6.46,4.46,31.0,90.0
SC-118,2026-07-11 12:30:00,6.42,4.79,25.39,90.0
SC-118,2026-07-11 13:00:00,6.18,4.31,30.3,90.0
SC-118,2026-07-11 13:30:00,5.41,3.91,27.67,90.0
SC-118,2026-07-11 14:00:00,5.8,3.99,31.19,90.0
SC-118,2026-07-11 14:30:00,5.14,3.65,28.91,90.0
SC-118,2026-07-11 15:00:00,4.64,3.32,28.31,90.0
SC-118,2026-07-11 15:30:00,4.21,3.15,25.1,90.0
SC-118,2026-07-11 16:00:00,4.29,2.93,31.69,90.0
SC-118,2026-07-11 16:30:00,3.57,2.69,24.82,90.0
SC-118,2026-07-12 08:00:00,6.88,5.09,26.05,90.0
SC-118,2026-07-12 08:30:00,13.55,9.19,32.22,90.0
SC-118,2026-07-12 09:00:00,15.17,10.67,29.62,90.0
SC-118,2026-07-12 09:30:00,20.39,14.21,30.3,90.0
SC-118,2026-07-12 10:00:00,19.51,13.62,30.16,90.0
SC-118,2026-07-12 10:30:00,20.7,14.93,27.85,90.0
SC-118,2026-07-12 11:00:00,22.31,15.2,31.88,90.0
SC-118,2026-07-12 11:30:00,23.4,15.93,31.9,90.0
SC-118,2026-07-12 12:00:00,21.36,15.79,26.07,90.0
SC-118,2026-07-12 12:30:00,17.62,13.77,21.84,90.0
SC-118,2026-07-12 13:00:00,17.22,12.81,25.58,90.0
SC-118,2026-07-12 13:30:00,17.4,12.61,27.52,90.0
SC-118,2026-07-12 14:00:00,15.12,10.47,30.74,90.0
SC-118,2026-07-12 14:30:00,16.23,11.83,27.13,90.0
SC-118,2026-07-12 15:00:00,13.84,9.69,29.97,90.0
SC-118,2026-07-12 15:30:00,13.17,9.44,28.36,90.0
SC-118,2026-07-12 16:00:00,11.27,8.1,28.14,90.0
SC-118,2026-07-12 16:30:00,11.12,7.74,30.41,90.0
SC-118,2026-07-13 08:00:00,8.12,5.82,28.33,90.0
SC-118,2026-07-13 08:30:00,13.85,9.43,31.87,90.0
SC-118,2026-07-13 09:00:00,15.47,11.74,24.08,90.0
SC-118,2026-07-13 09:30:00,18.37,13.43,26.91,90.0
SC-118,2026-07-13 10:00:00,19.05,13.91,26.97,90.0
SC-118,2026-07-13 10:30:00,19.97,15.28,23.5,90.0
SC-118,2026-07-13 11:00:00,20.26,14.9,26.49,90.0
SC-118,2026-07-13 11:30:00,20.85,14.95,28.28,90.0
SC-118,2026-07-13 12:00:00,19.93,14.81,25.69,90.0
SC-118,2026-07-13 12:30:00,17.68,13.5,23.68,90.0
SC-118,2026-07-13 13:00:00,18.96,13.76,27.42,90.0
SC-118,2026-07-13 13:30:00,16.81,12.21,27.36,90.0
SC-118,2026-07-13 14:00:00,17.67,12.86,27.24,90.0
SC-118,2026-07-13 14:30:00,17.45,12.02,31.09,90.0
SC-118,2026-07-13 15:00:00,16.87,11.34,32.81,90.0
SC-118,2026-07-13 15:30:00,13.48,9.8,27.31,90.0
SC-118,2026-07-13 16:00:00,12.24,9.41,23.15,90.0
SC-118,2026-07-13 16:30:00,11.14,8.38,24.8,90.0
SC-118,2026-07-14 08:00:00,7.97,5.56,30.22,90.0
SC-118,2026-07-14 08:30:00,10.7,8.1,24.37,90.0
SC-118,2026-07-14 09:00:00,15.12,10.5,30.57,90.0
SC-118,2026-07-14 09:30:00,16.65,12.45,25.25,90.0
SC-118,2026-07-14 10:00:00,19.02,13.25,30.3,90.0
SC-118,2026-07-14 10:30:00,19.46,13.92,28.49,90.0
SC-118,2026-07-14 11:00:00,25.66,17.35,32.38,90.0
SC-118,2026-07-14 11:30:00,20.93,14.41,31.15,90.0
SC-118,2026-07-14 12:00:00,16.74,11.98,28.42,90.0
SC-118,2026-07-14 12:30:00,19.46,14.31,26.47,90.0
SC-118,2026-07-14 13:00:00,19.02,13.69,28.04,90.0
SC-118,2026-07-14 13:30:00,15.15,10.88,28.22,90.0
SC-118,2026-07-14 14:00:00,15.67,11.44,26.98,90.0
SC-118,2026-07-14 14:30:00,16.6,11.48,30.86,90.0
SC-118,2026-07-14 15:00:00,14.63,9.77,33.23,90.0
SC-118,2026-07-14 15:30:00,14.11,9.6,31.96,90.0
SC-118,2026-07-14 16:00:00,12.01,9.0,25.07,90.0
SC-118,2026-07-14 16:30:00,11.41,8.28,27.41,90.0
SC-118,2026-07-15 08:00:00,6.9,5.02,27.32,90.0
SC-118,2026-07-15 08:30:00,10.09,6.87,31.97,90.0
SC-118,2026-07-15 09:00:00,12.79,10.25,19.84,90.0
SC-118,2026-07-15 09:30:00,15.08,11.06,26.65,90.0
SC-118,2026-07-15 10:00:00,16.26,11.68,28.14,90.0
SC-118,2026-07-15 10:30:00,21.18,14.33,32.34,90.0
SC-118,2026-07-15 11:00:00,19.16,13.36,30.29,90.0
SC-118,2026-07-15 11:30:00,19.8,13.27,33.01,90.0
SC-118,2026-07-15 12:00:00,21.71,15.48,28.71,90.0
SC-118,2026-07-15 12:30:00,17.78,12.9,27.47,90.0
SC-118,2026-07-15 13:00:00,15.97,11.82,25.99,90.0
SC-118,2026-07-15 13:30:00,14.58,11.05,24.21,90.0
SC-118,2026-07-15 14:00:00,13.44,9.69,27.86,90.0
SC-118,2026-07-15 14:30:00,14.52,9.68,33.34,90.0
SC-118,2026-07-15 15:00:00,13.36,10.04,24.85,90.0
SC-118,2026-07-15 15:30:00,10.2,7.81,23.42,90.0
SC-118,2026-07-15 16:00:00,11.38,8.62,24.24,90.0
SC-118,2026-07-15 16:30:00,9.62,7.29,24.21,90.0
SC-118,2026-07-16 08:00:00,6.95,5.26,24.33,90.0
SC-118,2026-07-16 08:30:00,11.17,8.31,25.62,90.0
SC-118,2026-07-16 09:00:00,12.2,9.58,21.47,90.0
SC-118,2026-07-16 09:30:00,16.8,12.3,26.77,90.0
SC-118,2026-07-16 10:00:00,19.04,13.0,31.72,90.0
SC-118,2026-07-16 10:30:00,19.14,14.31,25.24,90.0
SC-118,2026-07-16 11:00:00,21.64,15.68,27.51,90.0
SC-118,2026-07-16 11:30:00,24.01,16.37,31.83,90.0
SC-118,2026-07-16 12:00:00,19.86,14.5,26.99,90.0
SC-118,2026-07-16 12:30:00,17.97,13.04,27.45,90.0
SC-118,2026-07-16 13:00:00,16.98,12.47,26.57,90.0
SC-118,2026-07-16 13:30:00,14.77,10.63,28.06,90.0
SC-118,2026-07-16 14:00:00,15.1,10.87,27.99,90.0
SC-118,2026-07-16 14:30:00,14.02,10.39,25.88,90.0
SC-118,2026-07-16 15:00:00,13.74,10.09,26.59,90.0
SC-118,2026-07-16 15:30:00,12.26,9.07,26.01,90.0
SC-118,2026-07-16 16:00:00,12.58,9.02,28.29,90.0
SC-118,2026-07-16 16:30:00,9.58,7.0,26.95,90.0
SC-118,2026-07-17 08:00:00,4.22,2.81,33.44,90.0
SC-118,2026-07-17 08:30:00,4.96,3.78,23.88,90.0
SC-118,2026-07-17 09:00:00,6.49,4.52,30.25,90.0
SC-118,2026-07-17 09:30:00,7.47,5.36,28.23,90.0
SC-118,2026-07-17 10:00:00,8.72,6.17,29.23,90.0
SC-118,2026-07-17 10:30:00,9.05,6.63,26.77,90.0
SC-118,2026-07-17 11:00:00,8.42,6.24,25.87,90.0
SC-118,2026-07-17 11:30:00,8.63,6.53,24.42,90.0
SC-118,2026-07-17 12:00:00,8.51,6.03,29.2,90.0
SC-118,2026-07-17 12:30:00,7.51,5.9,21.52,90.0
SC-118,2026-07-17 13:00:00,8.33,5.94,28.75,90.0
SC-118,2026-07-17 13:30:00,7.8,5.84,25.15,90.0
SC-118,2026-07-17 14:00:00,7.89,5.35,32.26,90.0
SC-118,2026-07-17 14:30:00,7.48,5.49,26.66,90.0
SC-118,2026-07-17 15:00:00,5.99,4.47,25.4,90.0
SC-118,2026-07-17 15:30:00,5.93,4.62,21.95,90.0
SC-118,2026-07-17 16:00:00,6.01,4.33,27.99,90.0
SC-118,2026-07-17 16:30:00,5.51,3.97,27.97,90.0
SC-118,2026-07-18 08:00:00,3.25,2.34,27.98,90.0
SC-118,2026-07-18 08:30:00,4.12,2.99,27.46,90.0
SC-118,2026-07-18 09:00:00,5.45,3.93,27.93,90.0
SC-118,2026-07-18 09:30:00,5.52,4.16,24.55,90.0
SC-118,2026-07-18 10:00:00,6.95,4.77,31.44,90.0
SC-118,2026-07-18 10:30:00,6.93,4.78,31.1,90.0
SC-118,2026-07-18 11:00:00,7.69,5.42,29.44,90.0
SC-118,2026-07-18 11:30:00,8.96,6.05,32.53,90.0
SC-118,2026-07-18 12:00:00,8.06,5.89,27.0,90.0
SC-118,2026-07-18 12:30:00,6.77,4.92,27.26,90.0
SC-118,2026-07-18 13:00:00,6.32,5.13,18.94,90.0
SC-118,2026-07-18 13:30:00,6.0,4.22,29.68,90.0
SC-118,2026-07-18 14:00:00,5.99,4.0,33.15,90.0
SC-118,2026-07-18 14:30:00,5.4,3.94,27.14,90.0
SC-118,2026-07-18 15:00:00,5.24,4.1,21.77,90.0
SC-118,2026-07-18 15:30:00,5.63,3.88,31.06,90.0
SC-118,2026-07-18 16:00:00,4.16,2.87,31.04,90.0
SC-118,2026-07-18 16:30:00,4.55,3.0,33.95,90.0
SC-118,2026-07-19 08:00:00,7.12,5.35,24.88,90.0
SC-118,2026-07-19 08:30:00,13.29,9.16,31.06,90.0
SC-118,2026-07-19 09:00:00,15.26,11.04,27.67,90.0
SC-118,2026-07-19 09:30:00,19.85,13.67,31.16,90.0
SC-118,2026-07-19 10:00:00,17.39,12.73,26.81,90.0
SC-118,2026-07-19 10:30:00,22.69,16.64,26.66,90.0
SC-118,2026-07-19 11:00:00,21.24,16.38,22.86,90.0
SC-118,2026-07-19 11:30:00,24.47,17.56,28.24,90.0
SC-118,2026-07-19 12:00:00,20.8,14.61,29.76,90.0
SC-118,2026-07-19 12:30:00,20.54,14.32,30.3,90.0
SC-118,2026-07-19 13:00:00,17.61,13.45,23.66,90.0
SC-118,2026-07-19 13:30:00,17.22,12.55,27.13,90.0
SC-118,2026-07-19 14:00:00,17.85,12.97,27.33,90.0
SC-118,2026-07-19 14:30:00,15.9,12.43,21.8,90.0
SC-118,2026-07-19 15:00:00,15.83,11.53,27.18,90.0
SC-118,2026-07-19 15:30:00,15.41,11.61,24.63,90.0
SC-118,2026-07-19 16:00:00,12.14,9.21,24.1,90.0
SC-118,2026-07-19 16:30:00,11.79,8.5,27.9,90.0
SC-118,2026-07-20 08:00:00,8.42,5.9,29.94,90.0
SC-118,2026-07-20 08:30:00,11.12,8.44,24.12,90.0
SC-118,2026-07-20 09:00:00,14.22,10.37,27.08,90.0
SC-118,2026-07-20 09:30:00,18.21,12.38,32.03,90.0
SC-118,2026-07-20 10:00:00,20.36,14.45,29.01,90.0
SC-118,2026-07-20 10:30:00,20.97,14.72,29.81,90.0
SC-118,2026-07-20 11:00:00,20.81,15.62,24.95,90.0
SC-118,2026-07-20 11:30:00,20.95,15.16,27.66,90.0
SC-118,2026-07-20 12:00:00,22.12,15.31,30.77,90.0
SC-118,2026-07-20 12:30:00,19.41,13.99,27.94,90.0
SC-118,2026-07-20 13:00:00,17.41,13.49,22.5,90.0
SC-118,2026-07-20 13:30:00,16.4,12.54,23.5,90.0
SC-118,2026-07-20 14:00:00,15.39,11.08,28.0,90.0
SC-118,2026-07-20 14:30:00,16.96,11.62,31.48,90.0
SC-118,2026-07-20 15:00:00,14.22,9.69,31.87,90.0
SC-118,2026-07-20 15:30:00,13.87,10.16,26.77,90.0
SC-118,2026-07-20 16:00:00,13.41,9.21,31.33,90.0
SC-118,2026-07-20 16:30:00,11.7,7.92,32.33,90.0
SC-118,2026-07-21 08:00:00,7.38,5.6,24.17,90.0
SC-118,2026-07-21 08:30:00,13.71,9.76,28.79,90.0
SC-118,2026-07-21 09:00:00,17.54,11.85,32.41,90.0
SC-118,2026-07-21 09:30:00,19.56,13.9,28.9,90.0
SC-118,2026-07-21 10:00:00,20.08,14.29,28.86,90.0
SC-118,2026-07-21 10:30:00,19.99,14.2,28.97,90.0
SC-118,2026-07-21 11:00:00,21.96,15.48,29.51,90.0
SC-118,2026-07-21 11:30:00,21.49,15.55,27.66,90.0
SC-118,2026-07-21 12:00:00,19.59,13.92,28.95,90.0
SC-118,2026-07-21 12:30:00,20.12,13.93,30.75,90.0
SC-118,2026-07-21 13:00:00,16.33,11.97,26.73,90.0
SC-118,2026-07-21 13:30:00,18.47,13.69,25.89,90.0
SC-118,2026-07-21 14:00:00,15.24,11.5,24.56,90.0
SC-118,2026-07-21 14:30:00,15.56,11.11,28.62,90.0
SC-118,2026-07-21 15:00:00,15.21,10.38,31.73,90.0
SC-118,2026-07-21 15:30:00,13.07,9.62,26.43,90.0
SC-118,2026-07-21 16:00:00,13.62,9.23,32.19,90.0
SC-118,2026-07-21 16:30:00,10.63,7.95,25.22,90.0
SC-118,2026-07-22 08:00:00,6.81,4.98,26.75,90.0
SC-118,2026-07-22 08:30:00,11.75,8.66,26.27,90.0
SC-118,2026-07-22 09:00:00,12.13,8.62,28.91,90.0
SC-118,2026-07-22 09:30:00,15.7,11.64,25.83,90.0
SC-118,2026-07-22 10:00:00,18.19,13.35,26.62,90.0
SC-118,2026-07-22 10:30:00,20.54,14.97,27.13,90.0
SC-118,2026-07-22 11:00:00,19.39,14.81,23.64,90.0
SC-118,2026-07-22 11:30:00,18.28,13.78,24.61,90.0
SC-118,2026-07-22 12:00:00,17.64,13.33,24.45,90.0
SC-118,2026-07-22 12:30:00,21.74,14.79,31.98,90.0
SC-118,2026-07-22 13:00:00,19.45,12.35,36.48,90.0
SC-118,2026-07-22 13:30:00,17.94,12.26,31.63,90.0
SC-118,2026-07-22 14:00:00,15.56,11.78,24.33,90.0
SC-118,2026-07-22 14:30:00,13.01,10.21,21.54,90.0
SC-118,2026-07-22 15:00:00,13.95,9.47,32.12,90.0
SC-118,2026-07-22 15:30:00,12.58,9.11,27.56,90.0
SC-118,2026-07-22 16:00:00,12.83,8.44,34.24,90.0
SC-118,2026-07-22 16:30:00,11.16,7.88,29.43,90.0
SC-118,2026-07-23 08:00:00,8.13,5.13,36.92,90.0
SC-118,2026-07-23 08:30:00,11.09,8.21,25.96,90.0
SC-118,2026-07-23 09:00:00,12.27,8.92,27.25,90.0
SC-118,2026-07-23 09:30:00,15.38,10.97,28.67,90.0
SC-118,2026-07-23 10:00:00,16.11,11.73,27.23,90.0
SC-118,2026-07-23 10:30:00,18.91,13.4,29.13,90.0
SC-118,2026-07-23 11:00:00,19.83,14.3,27.92,90.0
SC-118,2026-07-23 11:30:00,20.46,14.95,26.91,90.0
SC-118,2026-07-23 12:00:00,17.62,12.52,28.93,90.0
SC-118,2026-07-23 12:30:00,18.05,13.17,27.06,90.0
SC-118,2026-07-23 13:00:00,18.09,12.77,29.41,90.0
SC-118,2026-07-23 13:30:00,16.77,11.38,32.14,90.0
SC-118,2026-07-23 14:00:00,13.72,10.29,25.04,90.0
SC-118,2026-07-23 14:30:00,13.14,9.79,25.46,90.0
SC-118,2026-07-23 15:00:00,12.77,9.16,28.3,90.0
SC-118,2026-07-23 15:30:00,12.15,8.55,29.64,90.0
SC-118,2026-07-23 16:00:00,11.69,8.81,24.64,90.0
SC-118,2026-07-23 16:30:00,10.93,7.6,30.48,90.0
SC-118,2026-07-24 08:00:00,3.94,2.75,30.16,90.0
SC-118,2026-07-24 08:30:00,5.59,3.92,29.89,90.0
SC-118,2026-07-24 09:00:00,6.16,4.28,30.61,90.0
SC-118,2026-07-24 09:30:00,7.64,5.54,27.41,90.0
SC-118,2026-07-24 10:00:00,7.22,5.78,19.96,90.0
SC-118,2026-07-24 10:30:00,9.32,6.78,27.18,90.0
SC-118,2026-07-24 11:00:00,10.26,7.29,28.95,90.0
SC-118,2026-07-24 11:30:00,9.98,7.67,23.13,90.0
SC-118,2026-07-24 12:00:00,8.32,5.71,31.44,90.0
SC-118,2026-07-24 12:30:00,7.7,5.51,28.4,90.0
SC-118,2026-07-24 13:00:00,8.51,5.68,33.26,90.0
SC-118,2026-07-24 13:30:00,8.99,6.25,30.4,90.0
SC-118,2026-07-24 14:00:00,8.22,5.86,28.71,90.0
SC-118,2026-07-24 14:30:00,7.39,5.76,22.05,90.0
SC-118,2026-07-24 15:00:00,5.85,4.58,21.73,90.0
SC-118,2026-07-24 15:30:00,7.03,4.59,34.62,90.0
SC-118,2026-07-24 16:00:00,4.89,3.66,25.17,90.0
SC-118,2026-07-24 16:30:00,5.08,3.86,24.14,90.0
SC-118,2026-07-25 08:00:00,2.7,1.96,27.41,90.0
SC-118,2026-07-25 08:30:00,5.17,3.53,31.76,90.0
SC-118,2026-07-25 09:00:00,5.69,3.99,29.81,90.0
SC-118,2026-07-25 09:30:00,5.86,4.49,23.49,90.0
SC-118,2026-07-25 10:00:00,6.66,4.85,27.22,90.0
SC-118,2026-07-25 10:30:00,6.69,5.17,22.74,90.0
SC-118,2026-07-25 11:00:00,7.36,5.27,28.4,90.0
SC-118,2026-07-25 11:30:00,7.57,4.89,35.37,90.0
SC-118,2026-07-25 12:00:00,8.26,5.97,27.72,90.0
SC-118,2026-07-25 12:30:00,7.23,5.26,27.26,90.0
SC-118,2026-07-25 13:00:00,6.26,4.3,31.37,90.0
SC-118,2026-07-25 13:30:00,6.42,4.64,27.73,90.0
SC-118,2026-07-25 14:00:00,6.04,4.68,22.49,90.0
SC-118,2026-07-25 14:30:00,4.83,3.46,28.33,90.0
SC-118,2026-07-25 15:00:00,4.55,3.47,23.58,90.0
SC-118,2026-07-25 15:30:00,5.07,3.58,29.44,90.0
SC-118,2026-07-25 16:00:00,4.51,3.14,30.24,90.0
SC-118,2026-07-25 16:30:00,4.12,2.98,27.66,90.0
SC-118,2026-07-26 08:00:00,7.93,5.81,26.74,90.0
SC-118,2026-07-26 08:30:00,11.55,8.04,30.41,90.0
SC-118,2026-07-26 09:00:00,14.24,10.48,26.37,90.0
SC-118,2026-07-26 09:30:00,17.6,12.91,26.64,90.0
SC-118,2026-07-26 10:00:00,19.93,14.58,26.85,90.0
SC-118,2026-07-26 10:30:00,21.93,16.43,25.08,90.0
SC-118,2026-07-26 11:00:00,21.43,15.0,29.98,90.0
SC-118,2026-07-26 11:30:00,20.16,14.47,28.24,90.0
SC-118,2026-07-26 12:00:00,21.21,14.54,31.47,90.0
SC-118,2026-07-26 12:30:00,16.92,12.6,25.52,90.0
SC-118,2026-07-26 13:00:00,18.25,13.43,26.43,90.0
SC-118,2026-07-26 13:30:00,16.19,12.24,24.38,90.0
SC-118,2026-07-26 14:00:00,19.23,13.68,28.83,90.0
SC-118,2026-07-26 14:30:00,15.51,10.7,31.03,90.0
SC-118,2026-07-26 15:00:00,13.47,10.03,25.54,90.0
SC-118,2026-07-26 15:30:00,14.39,9.87,31.42,90.0
SC-118,2026-07-26 16:00:00,11.41,8.32,27.07,90.0
SC-118,2026-07-26 16:30:00,11.18,7.88,29.51,90.0
SC-118,2026-07-27 08:00:00,7.83,5.93,24.19,90.0
SC-118,2026-07-27 08:30:00,9.83,7.46,24.06,90.0
SC-118,2026-07-27 09:00:00,14.65,10.88,25.74,90.0
SC-118,2026-07-27 09:30:00,15.34,11.25,26.69,90.0
SC-118,2026-07-27 10:00:00,19.37,14.63,24.47,90.0
SC-118,2026-07-27 10:30:00,20.19,15.09,25.22,90.0
SC-118,2026-07-27 11:00:00,20.1,14.95,25.6,90.0
SC-118,2026-07-27 11:30:00,16.7,13.03,22.02,90.0
SC-118,2026-07-27 12:00:00,21.07,14.57,30.84,90.0
SC-118,2026-07-27 12:30:00,20.29,14.29,29.59,90.0
SC-118,2026-07-27 13:00:00,19.95,13.89,30.41,90.0
SC-118,2026-07-27 13:30:00,15.84,11.45,27.71,90.0
SC-118,2026-07-27 14:00:00,15.71,10.85,30.93,90.0
SC-118,2026-07-27 14:30:00,15.76,11.31,28.19,90.0
SC-118,2026-07-27 15:00:00,11.62,8.56,26.37,90.0
SC-118,2026-07-27 15:30:00,13.96,9.83,29.55,90.0
SC-118,2026-07-27 16:00:00,11.89,8.21,30.97,90.0
SC-118,2026-07-27 16:30:00,10.15,7.66,24.57,90.0
SC-119,2026-06-30 08:00:00,14.16,10.87,23.26,60.0
SC-119,2026-06-30 08:30:00,21.85,17.16,21.45,60.0
SC-119,2026-06-30 09:00:00,29.55,21.57,27.0,60.0
SC-119,2026-06-30 09:30:00,36.95,24.89,32.64,60.0
SC-119,2026-06-30 10:00:00,46.09,30.54,33.74,60.0
SC-119,2026-06-30 10:30:00,39.19,27.46,29.94,60.0
SC-119,2026-06-30 11:00:00,45.77,31.85,30.41,60.0
SC-119,2026-06-30 11:30:00,45.22,30.49,32.58,60.0
SC-119,2026-06-30 12:00:00,40.12,29.73,25.91,60.0
SC-119,2026-06-30 12:30:00,37.54,27.01,28.06,60.0
SC-119,2026-06-30 13:00:00,33.96,22.44,33.92,60.0
SC-119,2026-06-30 13:30:00,26.91,19.63,27.04,60.0
SC-119,2026-06-30 14:00:00,25.24,18.29,27.52,60.0
SC-119,2026-06-30 14:30:00,26.3,19.74,24.96,60.0
SC-119,2026-06-30 15:00:00,24.07,17.49,27.35,60.0
SC-119,2026-06-30 15:30:00,22.76,18.18,20.13,60.0
SC-119,2026-06-30 16:00:00,23.57,18.24,22.62,60.0
SC-119,2026-06-30 16:30:00,18.66,14.44,22.59,60.0
SC-119,2026-06-30 17:00:00,17.62,12.53,28.89,60.0
SC-119,2026-06-30 17:30:00,17.01,11.99,29.52,60.0
SC-119,2026-06-30 18:00:00,13.49,9.3,31.05,60.0
SC-119,2026-06-30 18:30:00,10.01,7.15,28.58,60.0
SC-119,2026-06-30 19:00:00,6.87,5.33,22.49,60.0
SC-119,2026-06-30 19:30:00,6.51,5.12,21.31,60.0
SC-119,2026-07-01 08:00:00,13.56,9.85,27.33,60.0
SC-119,2026-07-01 08:30:00,18.68,13.36,28.48,60.0
SC-119,2026-07-01 09:00:00,27.39,21.21,22.56,60.0
SC-119,2026-07-01 09:30:00,35.36,25.83,26.95,60.0
SC-119,2026-07-01 10:00:00,35.09,25.65,26.88,60.0
SC-119,2026-07-01 10:30:00,38.35,26.5,30.9,60.0
SC-119,2026-07-01 11:00:00,34.96,24.96,28.6,60.0
SC-119,2026-07-01 11:30:00,36.61,27.19,25.74,60.0
SC-119,2026-07-01 12:00:00,35.57,27.24,23.43,60.0
SC-119,2026-07-01 12:30:00,33.6,25.58,23.85,60.0
SC-119,2026-07-01 13:00:00,34.51,24.43,29.22,60.0
SC-119,2026-07-01 13:30:00,25.34,19.19,24.28,60.0
SC-119,2026-07-01 14:00:00,28.57,22.42,21.5,60.0
SC-119,2026-07-01 14:30:00,25.04,17.96,28.28,60.0
SC-119,2026-07-01 15:00:00,22.65,17.62,22.24,60.0
SC-119,2026-07-01 15:30:00,26.88,19.29,28.26,60.0
SC-119,2026-07-01 16:00:00,17.98,12.56,30.13,60.0
SC-119,2026-07-01 16:30:00,20.83,14.96,28.17,60.0
SC-119,2026-07-01 17:00:00,16.53,12.0,27.38,60.0
SC-119,2026-07-01 17:30:00,16.87,11.56,31.46,60.0
SC-119,2026-07-01 18:00:00,11.75,8.14,30.74,60.0
SC-119,2026-07-01 18:30:00,10.49,7.6,27.51,60.0
SC-119,2026-07-01 19:00:00,9.28,5.96,35.82,60.0
SC-119,2026-07-01 19:30:00,5.9,4.69,20.44,60.0
SC-119,2026-07-02 08:00:00,12.46,8.49,31.91,60.0
SC-119,2026-07-02 08:30:00,19.52,14.2,27.25,60.0
SC-119,2026-07-02 09:00:00,25.75,17.58,31.73,60.0
SC-119,2026-07-02 09:30:00,23.55,18.86,19.92,60.0
SC-119,2026-07-02 10:00:00,29.55,22.76,22.99,60.0
SC-119,2026-07-02 10:30:00,36.99,25.31,31.58,60.0
SC-119,2026-07-02 11:00:00,37.06,26.56,28.34,60.0
SC-119,2026-07-02 11:30:00,36.23,25.59,29.37,60.0
SC-119,2026-07-02 12:00:00,32.41,24.42,24.65,60.0
SC-119,2026-07-02 12:30:00,28.65,20.68,27.84,60.0
SC-119,2026-07-02 13:00:00,30.84,20.94,32.09,60.0
SC-119,2026-07-02 13:30:00,29.3,20.51,29.99,60.0
SC-119,2026-07-02 14:00:00,26.52,18.84,28.98,60.0
SC-119,2026-07-02 14:30:00,22.32,17.5,21.57,60.0
SC-119,2026-07-02 15:00:00,22.75,15.31,32.71,60.0
SC-119,2026-07-02 15:30:00,18.36,13.9,24.3,60.0
SC-119,2026-07-02 16:00:00,21.41,14.77,31.03,60.0
SC-119,2026-07-02 16:30:00,16.85,12.73,24.44,60.0
SC-119,2026-07-02 17:00:00,17.4,11.95,31.32,60.0
SC-119,2026-07-02 17:30:00,12.67,9.09,28.27,60.0
SC-119,2026-07-02 18:00:00,10.61,7.77,26.77,60.0
SC-119,2026-07-02 18:30:00,10.35,6.93,33.0,60.0
SC-119,2026-07-02 19:00:00,7.77,5.77,25.76,60.0
SC-119,2026-07-02 19:30:00,5.83,4.22,27.67,60.0
SC-119,2026-07-03 08:00:00,6.62,4.88,26.35,60.0
SC-119,2026-07-03 08:30:00,10.83,7.64,29.39,60.0
SC-119,2026-07-03 09:00:00,13.86,9.49,31.5,60.0
SC-119,2026-07-03 09:30:00,15.94,11.51,27.78,60.0
SC-119,2026-07-03 10:00:00,16.01,11.98,25.18,60.0
SC-119,2026-07-03 10:30:00,18.86,13.18,30.11,60.0
SC-119,2026-07-03 11:00:00,19.29,12.85,33.37,60.0
SC-119,2026-07-03 11:30:00,18.64,13.43,27.98,60.0
SC-119,2026-07-03 12:00:00,16.94,11.88,29.87,60.0
SC-119,2026-07-03 12:30:00,15.71,12.11,22.89,60.0
SC-119,2026-07-03 13:00:00,14.35,11.09,22.72,60.0
SC-119,2026-07-03 13:30:00,14.84,10.61,28.48,60.0
SC-119,2026-07-03 14:00:00,13.58,10.73,21.02,60.0
SC-119,2026-07-03 14:30:00,13.01,9.85,24.31,60.0
SC-119,2026-07-03 15:00:00,12.13,8.37,30.99,60.0
SC-119,2026-07-03 15:30:00,14.48,9.14,36.92,60.0
SC-119,2026-07-03 16:00:00,8.88,6.95,21.73,60.0
SC-119,2026-07-03 16:30:00,10.91,7.87,27.88,60.0
SC-119,2026-07-03 17:00:00,9.06,6.34,29.99,60.0
SC-119,2026-07-03 17:30:00,8.16,5.89,27.77,60.0
SC-119,2026-07-03 18:00:00,5.71,4.02,29.6,60.0
SC-119,2026-07-03 18:30:00,5.4,3.82,29.24,60.0
SC-119,2026-07-03 19:00:00,4.28,3.06,28.59,60.0
SC-119,2026-07-03 19:30:00,3.66,2.63,27.97,60.0
SC-119,2026-07-04 08:00:00,4.63,3.47,24.98,60.0
SC-119,2026-07-04 08:30:00,8.47,5.94,29.87,60.0
SC-119,2026-07-04 09:00:00,9.97,7.25,27.26,60.0
SC-119,2026-07-04 09:30:00,10.04,7.31,27.2,60.0
SC-119,2026-07-04 10:00:00,11.98,8.11,32.36,60.0
SC-119,2026-07-04 10:30:00,12.58,9.45,24.87,60.0
SC-119,2026-07-04 11:00:00,14.44,9.66,33.1,60.0
SC-119,2026-07-04 11:30:00,14.36,10.46,27.2,60.0
SC-119,2026-07-04 12:00:00,12.85,9.41,26.79,60.0
SC-119,2026-07-04 12:30:00,11.15,7.34,34.14,60.0
SC-119,2026-07-04 13:00:00,12.64,8.89,29.66,60.0
SC-119,2026-07-04 13:30:00,11.92,8.09,32.12,60.0
SC-119,2026-07-04 14:00:00,8.88,6.32,28.8,60.0
SC-119,2026-07-04 14:30:00,9.35,6.49,30.66,60.0
SC-119,2026-07-04 15:00:00,9.58,6.45,32.65,60.0
SC-119,2026-07-04 15:30:00,7.59,5.29,30.28,60.0
SC-119,2026-07-04 16:00:00,8.02,5.43,32.31,60.0
SC-119,2026-07-04 16:30:00,7.29,5.23,28.28,60.0
SC-119,2026-07-04 17:00:00,6.38,4.58,28.26,60.0
SC-119,2026-07-04 17:30:00,5.31,3.65,31.31,60.0
SC-119,2026-07-04 18:00:00,4.19,2.98,28.94,60.0
SC-119,2026-07-04 18:30:00,3.61,2.85,20.98,60.0
SC-119,2026-07-04 19:00:00,3.0,2.34,22.05,60.0
SC-119,2026-07-04 19:30:00,2.88,1.99,30.81,60.0
SC-119,2026-07-05 08:00:00,14.68,10.62,27.68,60.0
SC-119,2026-07-05 08:30:00,24.15,17.93,25.76,60.0
SC-119,2026-07-05 09:00:00,24.22,18.85,22.14,60.0
SC-119,2026-07-05 09:30:00,28.76,21.14,26.5,60.0
SC-119,2026-07-05 10:00:00,36.36,26.15,28.08,60.0
SC-119,2026-07-05 10:30:00,40.0,28.21,29.48,60.0
SC-119,2026-07-05 11:00:00,38.78,27.46,29.19,60.0
SC-119,2026-07-05 11:30:00,31.19,23.55,24.52,60.0
SC-119,2026-07-05 12:00:00,35.98,27.38,23.91,60.0
SC-119,2026-07-05 12:30:00,33.68,25.32,24.84,60.0
SC-119,2026-07-05 13:00:00,35.63,25.47,28.52,60.0
SC-119,2026-07-05 13:30:00,28.36,19.98,29.54,60.0
SC-119,2026-07-05 14:00:00,24.66,19.15,22.34,60.0
SC-119,2026-07-05 14:30:00,28.48,21.24,25.43,60.0
SC-119,2026-07-05 15:00:00,23.57,18.15,22.99,60.0
SC-119,2026-07-05 15:30:00,22.2,17.43,21.49,60.0
SC-119,2026-07-05 16:00:00,19.56,14.68,24.93,60.0
SC-119,2026-07-05 16:30:00,20.81,15.13,27.29,60.0
SC-119,2026-07-05 17:00:00,20.39,14.13,30.73,60.0
SC-119,2026-07-05 17:30:00,13.86,10.46,24.56,60.0
SC-119,2026-07-05 18:00:00,11.25,8.66,23.06,60.0
SC-119,2026-07-05 18:30:00,12.46,8.32,33.23,60.0
SC-119,2026-07-05 19:00:00,8.08,5.79,28.31,60.0
SC-119,2026-07-05 19:30:00,5.96,4.71,21.03,60.0
SC-119,2026-07-06 08:00:00,15.88,11.4,28.19,60.0
SC-119,2026-07-06 08:30:00,23.62,17.22,27.1,60.0
SC-119,2026-07-06 09:00:00,23.02,17.53,23.83,60.0
SC-119,2026-07-06 09:30:00,38.12,25.56,32.96,60.0
SC-119,2026-07-06 10:00:00,44.15,30.63,30.62,60.0
SC-119,2026-07-06 10:30:00,38.47,28.17,26.76,60.0
SC-119,2026-07-06 11:00:00,37.17,27.48,26.08,60.0
SC-119,2026-07-06 11:30:00,40.4,30.36,24.86,60.0
SC-119,2026-07-06 12:00:00,40.88,28.01,31.49,60.0
SC-119,2026-07-06 12:30:00,40.9,28.12,31.24,60.0
SC-119,2026-07-06 13:00:00,34.99,24.32,30.49,60.0
SC-119,2026-07-06 13:30:00,25.3,19.54,22.78,60.0
SC-119,2026-07-06 14:00:00,31.88,22.37,29.83,60.0
SC-119,2026-07-06 14:30:00,28.51,21.06,26.15,60.0
SC-119,2026-07-06 15:00:00,28.73,19.21,33.14,60.0
SC-119,2026-07-06 15:30:00,29.63,20.16,31.96,60.0
SC-119,2026-07-06 16:00:00,23.51,15.65,33.42,60.0
SC-119,2026-07-06 16:30:00,22.54,16.43,27.13,60.0
SC-119,2026-07-06 17:00:00,20.8,14.59,29.84,60.0
SC-119,2026-07-06 17:30:00,16.46,11.6,29.52,60.0
SC-119,2026-07-06 18:00:00,15.04,9.97,33.71,60.0
SC-119,2026-07-06 18:30:00,13.1,8.91,31.98,60.0
SC-119,2026-07-06 19:00:00,9.46,7.01,25.86,60.0
SC-119,2026-07-06 19:30:00,7.54,5.41,28.31,60.0
SC-119,2026-07-07 08:00:00,15.39,10.63,30.95,60.0
SC-119,2026-07-07 08:30:00,22.8,14.74,35.36,60.0
SC-119,2026-07-07 09:00:00,22.79,17.56,22.95,60.0
SC-119,2026-07-07 09:30:00,31.13,23.4,24.81,60.0
SC-119,2026-07-07 10:00:00,37.47,25.46,32.05,60.0
SC-119,2026-07-07 10:30:00,35.74,24.82,30.55,60.0
SC-119,2026-07-07 11:00:00,36.88,26.04,29.38,60.0
SC-119,2026-07-07 11:30:00,37.78,28.13,25.54,60.0
SC-119,2026-07-07 12:00:00,39.17,27.63,29.47,60.0
SC-119,2026-07-07 12:30:00,30.57,23.78,22.21,60.0
SC-119,2026-07-07 13:00:00,31.72,21.62,31.83,60.0
SC-119,2026-07-07 13:30:00,31.45,24.41,22.39,60.0
SC-119,2026-07-07 14:00:00,29.03,20.63,28.93,60.0
SC-119,2026-07-07 14:30:00,26.87,20.07,25.31,60.0
SC-119,2026-07-07 15:00:00,27.61,19.55,29.21,60.0
SC-119,2026-07-07 15:30:00,22.51,17.41,22.66,60.0
SC-119,2026-07-07 16:00:00,19.83,14.66,26.06,60.0
SC-119,2026-07-07 16:30:00,19.09,13.59,28.78,60.0
SC-119,2026-07-07 17:00:00,18.49,13.18,28.72,60.0
SC-119,2026-07-07 17:30:00,14.58,11.31,22.42,60.0
SC-119,2026-07-07 18:00:00,13.1,8.99,31.37,60.0
SC-119,2026-07-07 18:30:00,11.12,7.76,30.19,60.0
SC-119,2026-07-07 19:00:00,8.82,6.74,23.6,60.0
SC-119,2026-07-07 19:30:00,7.06,5.13,27.33,60.0
SC-119,2026-07-08 08:00:00,14.7,10.5,28.55,60.0
SC-119,2026-07-08 08:30:00,21.11,15.86,24.87,60.0
SC-119,2026-07-08 09:00:00,26.29,19.54,25.66,60.0
SC-119,2026-07-08 09:30:00,32.14,23.47,26.98,60.0
SC-119,2026-07-08 10:00:00,31.31,23.32,25.52,60.0
SC-119,2026-07-08 10:30:00,34.73,26.43,23.89,60.0
SC-119,2026-07-08 11:00:00,31.71,25.29,20.24,60.0
SC-119,2026-07-08 11:30:00,40.24,26.95,33.03,60.0
SC-119,2026-07-08 12:00:00,37.77,26.42,30.04,60.0
SC-119,2026-07-08 12:30:00,33.4,24.47,26.74,60.0
SC-119,2026-07-08 13:00:00,33.35,24.7,25.95,60.0
SC-119,2026-07-08 13:30:00,33.5,22.94,31.51,60.0
SC-119,2026-07-08 14:00:00,28.5,19.45,31.74,60.0
SC-119,2026-07-08 14:30:00,26.94,20.03,25.65,60.0
SC-119,2026-07-08 15:00:00,29.34,19.51,33.5,60.0
SC-119,2026-07-08 15:30:00,24.74,18.13,26.71,60.0
SC-119,2026-07-08 16:00:00,23.27,17.94,22.9,60.0
SC-119,2026-07-08 16:30:00,20.02,14.53,27.43,60.0
SC-119,2026-07-08 17:00:00,20.0,12.75,36.24,60.0
SC-119,2026-07-08 17:30:00,15.03,10.55,29.83,60.0
SC-119,2026-07-08 18:00:00,12.6,9.49,24.7,60.0
SC-119,2026-07-08 18:30:00,11.72,8.52,27.28,60.0
SC-119,2026-07-08 19:00:00,7.53,5.75,23.66,60.0
SC-119,2026-07-08 19:30:00,6.71,4.73,29.51,60.0
SC-119,2026-07-09 08:00:00,14.55,10.22,29.74,60.0
SC-119,2026-07-09 08:30:00,19.99,15.39,22.99,60.0
SC-119,2026-07-09 09:00:00,26.3,19.28,26.69,60.0
SC-119,2026-07-09 09:30:00,31.1,21.57,30.64,60.0
SC-119,2026-07-09 10:00:00,32.3,25.11,22.28,60.0
SC-119,2026-07-09 10:30:00,39.11,26.54,32.14,60.0
SC-119,2026-07-09 11:00:00,39.75,26.49,33.34,60.0
SC-119,2026-07-09 11:30:00,30.26,23.7,21.67,60.0
SC-119,2026-07-09 12:00:00,38.68,26.05,32.67,60.0
SC-119,2026-07-09 12:30:00,30.02,21.39,28.76,60.0
SC-119,2026-07-09 13:00:00,35.08,24.92,28.97,60.0
SC-119,2026-07-09 13:30:00,31.26,22.48,28.08,60.0
SC-119,2026-07-09 14:00:00,31.09,21.08,32.2,60.0
SC-119,2026-07-09 14:30:00,29.16,19.57,32.88,60.0
SC-119,2026-07-09 15:00:00,24.38,19.02,21.99,60.0
SC-119,2026-07-09 15:30:00,21.43,15.78,26.36,60.0
SC-119,2026-07-09 16:00:00,24.32,18.33,24.64,60.0
SC-119,2026-07-09 16:30:00,22.8,16.55,27.39,60.0
SC-119,2026-07-09 17:00:00,17.66,12.65,28.36,60.0
SC-119,2026-07-09 17:30:00,14.33,9.9,30.9,60.0
SC-119,2026-07-09 18:00:00,11.77,8.5,27.81,60.0
SC-119,2026-07-09 18:30:00,12.34,8.15,33.98,60.0
SC-119,2026-07-09 19:00:00,9.57,6.42,32.94,60.0
SC-119,2026-07-09 19:30:00,6.38,4.48,29.85,60.0
SC-119,2026-07-10 08:00:00,6.53,4.63,29.01,60.0
SC-119,2026-07-10 08:30:00,11.1,7.58,31.68,60.0
SC-119,2026-07-10 09:00:00,12.59,8.49,32.59,60.0
SC-119,2026-07-10 09:30:00,13.87,9.72,29.91,60.0
SC-119,2026-07-10 10:00:00,13.11,10.05,23.31,60.0
SC-119,2026-07-10 10:30:00,16.24,10.82,33.38,60.0
SC-119,2026-07-10 11:00:00,17.09,12.91,24.45,60.0
SC-119,2026-07-10 11:30:00,14.85,11.19,24.68,60.0
SC-119,2026-07-10 12:00:00,14.62,11.03,24.56,60.0
SC-119,2026-07-10 12:30:00,15.38,11.41,25.84,60.0
SC-119,2026-07-10 13:00:00,15.16,10.92,27.96,60.0
SC-119,2026-07-10 13:30:00,13.06,9.51,27.21,60.0
SC-119,2026-07-10 14:00:00,14.13,9.44,33.15,60.0
SC-119,2026-07-10 14:30:00,10.94,8.24,24.72,60.0
SC-119,2026-07-10 15:00:00,11.31,8.36,26.04,60.0
SC-119,2026-07-10 15:30:00,11.54,8.04,30.34,60.0
SC-119,2026-07-10 16:00:00,9.23,7.01,24.05,60.0
SC-119,2026-07-10 16:30:00,9.66,6.21,35.74,60.0
SC-119,2026-07-10 17:00:00,8.9,6.16,30.75,60.0
SC-119,2026-07-10 17:30:00,6.75,4.98,26.28,60.0
SC-119,2026-07-10 18:00:00,5.04,3.92,22.23,60.0
SC-119,2026-07-10 18:30:00,4.99,3.56,28.69,60.0
SC-119,2026-07-10 19:00:00,4.2,3.09,26.47,60.0
SC-119,2026-07-10 19:30:00,2.99,2.25,24.62,60.0
SC-119,2026-07-11 08:00:00,6.33,4.15,34.47,60.0
SC-119,2026-07-11 08:30:00,8.73,6.0,31.28,60.0
SC-119,2026-07-11 09:00:00,9.65,6.72,30.38,60.0
SC-119,2026-07-11 09:30:00,11.36,7.93,30.24,60.0
SC-119,2026-07-11 10:00:00,13.89,9.93,28.52,60.0
SC-119,2026-07-11 10:30:00,14.89,10.35,30.46,60.0
SC-119,2026-07-11 11:00:00,14.64,10.11,30.91,60.0
SC-119,2026-07-11 11:30:00,13.33,9.63,27.73,60.0
SC-119,2026-07-11 12:00:00,13.27,10.02,24.52,60.0
SC-119,2026-07-11 12:30:00,12.11,8.68,28.29,60.0
SC-119,2026-07-11 13:00:00,11.45,8.39,26.7,60.0
SC-119,2026-07-11 13:30:00,11.79,8.13,31.08,60.0
SC-119,2026-07-11 14:00:00,9.91,7.64,22.83,60.0
SC-119,2026-07-11 14:30:00,8.96,6.41,28.4,60.0
SC-119,2026-07-11 15:00:00,9.03,6.87,23.86,60.0
SC-119,2026-07-11 15:30:00,8.85,6.53,26.17,60.0
SC-119,2026-07-11 16:00:00,7.66,6.21,18.89,60.0
SC-119,2026-07-11 16:30:00,7.08,5.19,26.68,60.0
SC-119,2026-07-11 17:00:00,7.2,5.08,29.39,60.0
SC-119,2026-07-11 17:30:00,5.81,3.84,33.85,60.0
SC-119,2026-07-11 18:00:00,4.68,3.36,28.15,60.0
SC-119,2026-07-11 18:30:00,3.89,2.77,28.66,60.0
SC-119,2026-07-11 19:00:00,3.64,2.63,27.81,60.0
SC-119,2026-07-11 19:30:00,2.59,1.94,25.09,60.0
SC-119,2026-07-12 08:00:00,15.77,12.1,23.29,60.0
SC-119,2026-07-12 08:30:00,28.24,21.54,23.74,60.0
SC-119,2026-07-12 09:00:00,31.69,21.96,30.68,60.0
SC-119,2026-07-12 09:30:00,37.74,28.52,24.43,60.0
SC-119,2026-07-12 10:00:00,39.2,28.49,27.33,60.0
SC-119,2026-07-12 10:30:00,43.31,31.46,27.35,60.0
SC-119,2026-07-12 11:00:00,50.15,32.21,35.76,60.0
SC-119,2026-07-12 11:30:00,46.55,33.27,28.52,60.0
SC-119,2026-07-12 12:00:00,37.14,26.89,27.58,60.0
SC-119,2026-07-12 12:30:00,38.08,27.27,28.38,60.0
SC-119,2026-07-12 13:00:00,40.77,28.15,30.94,60.0
SC-119,2026-07-12 13:30:00,39.89,28.0,29.81,60.0
SC-119,2026-07-12 14:00:00,34.16,24.32,28.81,60.0
SC-119,2026-07-12 14:30:00,31.44,21.61,31.28,60.0
SC-119,2026-07-12 15:00:00,30.57,21.49,29.68,60.0
SC-119,2026-07-12 15:30:00,24.36,17.3,29.0,60.0
SC-119,2026-07-12 16:00:00,20.14,15.91,21.01,60.0
SC-119,2026-07-12 16:30:00,22.4,16.82,24.91,60.0
SC-119,2026-07-12 17:00:00,22.3,15.61,29.98,60.0
SC-119,2026-07-12 17:30:00,16.91,12.37,26.85,60.0
SC-119,2026-07-12 18:00:00,14.65,10.35,29.35,60.0
SC-119,2026-07-12 18:30:00,11.98,8.27,30.97,60.0
SC-119,2026-07-12 19:00:00,10.21,6.75,33.91,60.0
SC-119,2026-07-12 19:30:00,7.21,5.26,27.11,60.0
SC-119,2026-07-13 08:00:00,14.05,10.13,27.88,60.0
SC-119,2026-07-13 08:30:00,26.17,18.55,29.14,60.0
SC-119,2026-07-13 09:00:00,34.06,22.39,34.26,60.0
SC-119,2026-07-13 09:30:00,33.47,25.57,23.59,60.0
SC-119,2026-07-13 10:00:00,40.48,29.11,28.08,60.0
SC-119,2026-07-13 10:30:00,43.97,33.46,23.9,60.0
SC-119,2026-07-13 11:00:00,38.98,26.97,30.8,60.0
SC-119,2026-07-13 11:30:00,43.68,28.27,35.27,60.0
SC-119,2026-07-13 12:00:00,41.05,28.36,30.9,60.0
SC-119,2026-07-13 12:30:00,40.95,26.53,35.22,60.0
SC-119,2026-07-13 13:00:00,35.67,24.75,30.64,60.0
SC-119,2026-07-13 13:30:00,35.2,24.83,29.46,60.0
SC-119,2026-07-13 14:00:00,33.35,23.76,28.74,60.0
SC-119,2026-07-13 14:30:00,31.21,22.26,28.68,60.0
SC-119,2026-07-13 15:00:00,32.39,21.5,33.63,60.0
SC-119,2026-07-13 15:30:00,22.84,18.74,17.96,60.0
SC-119,2026-07-13 16:00:00,28.55,19.32,32.32,60.0
SC-119,2026-07-13 16:30:00,22.34,15.89,28.86,60.0
SC-119,2026-07-13 17:00:00,19.5,14.08,27.77,60.0
SC-119,2026-07-13 17:30:00,18.96,12.28,35.23,60.0
SC-119,2026-07-13 18:00:00,13.75,10.3,25.04,60.0
SC-119,2026-07-13 18:30:00,9.96,7.49,24.85,60.0
SC-119,2026-07-13 19:00:00,9.36,6.63,29.16,60.0
SC-119,2026-07-13 19:30:00,8.39,5.87,30.03,60.0
SC-119,2026-07-14 08:00:00,14.29,10.48,26.69,60.0
SC-119,2026-07-14 08:30:00,24.17,16.94,29.91,60.0
SC-119,2026-07-14 09:00:00,29.2,21.17,27.5,60.0
SC-119,2026-07-14 09:30:00,34.73,26.18,24.61,60.0
SC-119,2026-07-14 10:00:00,39.26,26.61,32.22,60.0
SC-119,2026-07-14 10:30:00,46.11,32.06,30.46,60.0
SC-119,2026-07-14 11:00:00,39.51,29.44,25.49,60.0
SC-119,2026-07-14 11:30:00,47.58,30.53,35.83,60.0
SC-119,2026-07-14 12:00:00,47.02,31.66,32.66,60.0
SC-119,2026-07-14 12:30:00,32.89,24.38,25.86,60.0
SC-119,2026-07-14 13:00:00,41.85,25.76,38.44,60.0
SC-119,2026-07-14 13:30:00,32.93,23.23,29.47,60.0
SC-119,2026-07-14 14:00:00,30.69,22.06,28.11,60.0
SC-119,2026-07-14 14:30:00,27.8,19.35,30.41,60.0
SC-119,2026-07-14 15:00:00,28.54,21.49,24.69,60.0
SC-119,2026-07-14 15:30:00,26.82,18.89,29.56,60.0
SC-119,2026-07-14 16:00:00,24.64,16.41,33.41,60.0
SC-119,2026-07-14 16:30:00,23.41,16.85,28.01,60.0
SC-119,2026-07-14 17:00:00,20.79,13.9,33.13,60.0
SC-119,2026-07-14 17:30:00,14.16,10.7,24.46,60.0
SC-119,2026-07-14 18:00:00,13.22,9.77,26.09,60.0
SC-119,2026-07-14 18:30:00,12.42,8.6,30.8,60.0
SC-119,2026-07-14 19:00:00,8.65,6.84,20.96,60.0
SC-119,2026-07-14 19:30:00,7.48,5.48,26.64,60.0
SC-119,2026-07-15 08:00:00,17.87,11.87,33.54,60.0
SC-119,2026-07-15 08:30:00,23.18,16.77,27.65,60.0
SC-119,2026-07-15 09:00:00,26.38,19.51,26.04,60.0
SC-119,2026-07-15 09:30:00,34.48,24.57,28.74,60.0
SC-119,2026-07-15 10:00:00,32.73,24.91,23.9,60.0
SC-119,2026-07-15 10:30:00,38.64,30.66,20.65,60.0
SC-119,2026-07-15 11:00:00,44.22,29.49,33.32,60.0
SC-119,2026-07-15 11:30:00,36.25,26.61,26.59,60.0
SC-119,2026-07-15 12:00:00,42.23,31.67,25.01,60.0
SC-119,2026-07-15 12:30:00,37.8,28.41,24.86,60.0
SC-119,2026-07-15 13:00:00,31.02,22.11,28.75,60.0
SC-119,2026-07-15 13:30:00,35.62,24.88,30.14,60.0
SC-119,2026-07-15 14:00:00,29.06,20.86,28.2,60.0
SC-119,2026-07-15 14:30:00,26.18,19.67,24.88,60.0
SC-119,2026-07-15 15:00:00,27.19,20.32,25.27,60.0
SC-119,2026-07-15 15:30:00,22.82,16.58,27.35,60.0
SC-119,2026-07-15 16:00:00,23.57,16.93,28.17,60.0
SC-119,2026-07-15 16:30:00,22.46,14.65,34.75,60.0
SC-119,2026-07-15 17:00:00,17.35,12.48,28.08,60.0
SC-119,2026-07-15 17:30:00,17.72,13.17,25.67,60.0
SC-119,2026-07-15 18:00:00,11.96,8.94,25.26,60.0
SC-119,2026-07-15 18:30:00,11.34,8.02,29.31,60.0
SC-119,2026-07-15 19:00:00,8.29,5.9,28.85,60.0
SC-119,2026-07-15 19:30:00,7.59,5.07,33.18,60.0
SC-119,2026-07-16 08:00:00,10.77,8.16,24.22,60.0
SC-119,2026-07-16 08:30:00,16.12,11.35,29.64,60.0
SC-119,2026-07-16 09:00:00,22.58,17.04,24.56,60.0
SC-119,2026-07-16 09:30:00,24.38,18.51,24.05,60.0
SC-119,2026-07-16 10:00:00,33.35,23.07,30.82,60.0
SC-119,2026-07-16 10:30:00,30.43,21.81,28.33,60.0
SC-119,2026-07-16 11:00:00,34.86,25.69,26.3,60.0
SC-119,2026-07-16 11:30:00,30.2,21.8,27.81,60.0
SC-119,2026-07-16 12:00:00,30.12,21.15,29.8,60.0
SC-119,2026-07-16 12:30:00,28.31,20.25,28.47,60.0
SC-119,2026-07-16 13:00:00,29.6,21.01,29.02,60.0
SC-119,2026-07-16 13:30:00,26.18,18.55,29.12,60.0
SC-119,2026-07-16 14:00:00,26.25,16.97,35.36,60.0
SC-119,2026-07-16 14:30:00,23.57,16.94,28.12,60.0
SC-119,2026-07-16 15:00:00,19.44,14.69,24.42,60.0
SC-119,2026-07-16 15:30:00,20.45,14.23,30.4,60.0
SC-119,2026-07-16 16:00:00,20.27,14.62,27.86,60.0
SC-119,2026-07-16 16:30:00,18.72,13.85,26.03,60.0
SC-119,2026-07-16 17:00:00,15.29,10.72,29.86,60.0
SC-119,2026-07-16 17:30:00,13.65,9.78,28.32,60.0
SC-119,2026-07-16 18:00:00,10.62,7.68,27.65,60.0
SC-119,2026-07-16 18:30:00,10.41,7.1,31.82,60.0
SC-119,2026-07-16 19:00:00,7.34,5.22,28.93,60.0
SC-119,2026-07-16 19:30:00,5.5,4.1,25.5,60.0
SC-119,2026-07-17 08:00:00,5.25,3.7,29.42,60.0
SC-119,2026-07-17 08:30:00,9.11,6.07,33.36,60.0
SC-119,2026-07-17 09:00:00,11.83,7.98,32.56,60.0
SC-119,2026-07-17 09:30:00,15.27,10.4,31.87,60.0
SC-119,2026-07-17 10:00:00,15.61,11.18,28.36,60.0
SC-119,2026-07-17 10:30:00,15.8,11.31,28.42,60.0
SC-119,2026-07-17 11:00:00,17.15,11.94,30.35,60.0
SC-119,2026-07-17 11:30:00,17.02,11.96,29.75,60.0
SC-119,2026-07-17 12:00:00,14.17,10.23,27.83,60.0
SC-119,2026-07-17 12:30:00,13.77,10.08,26.79,60.0
SC-119,2026-07-17 13:00:00,13.92,9.92,28.77,60.0
SC-119,2026-07-17 13:30:00,13.56,9.46,30.24,60.0
SC-119,2026-07-17 14:00:00,13.3,9.19,30.87,60.0
SC-119,2026-07-17 14:30:00,12.01,9.32,22.35,60.0
SC-119,2026-07-17 15:00:00,11.3,8.34,26.24,60.0
SC-119,2026-07-17 15:30:00,11.16,8.13,27.11,60.0
SC-119,2026-07-17 16:00:00,10.63,7.27,31.61,60.0
SC-119,2026-07-17 16:30:00,8.68,6.01,30.77,60.0
SC-119,2026-07-17 17:00:00,8.21,5.91,28.08,60.0
SC-119,2026-07-17 17:30:00,8.18,5.22,36.21,60.0
SC-119,2026-07-17 18:00:00,6.1,4.48,26.54,60.0
SC-119,2026-07-17 18:30:00,4.93,3.49,29.23,60.0
SC-119,2026-07-17 19:00:00,3.97,2.82,28.96,60.0
SC-119,2026-07-17 19:30:00,2.99,2.32,22.43,60.0
SC-119,2026-07-18 08:00:00,4.34,3.29,24.11,60.0
SC-119,2026-07-18 08:30:00,6.53,4.86,25.51,60.0
SC-119,2026-07-18 09:00:00,7.81,5.84,25.24,60.0
SC-119,2026-07-18 09:30:00,9.43,7.14,24.26,60.0
SC-119,2026-07-18 10:00:00,10.37,7.3,29.62,60.0
SC-119,2026-07-18 10:30:00,13.14,9.95,24.24,60.0
SC-119,2026-07-18 11:00:00,11.32,7.9,30.24,60.0
SC-119,2026-07-18 11:30:00,12.73,9.42,26.04,60.0
SC-119,2026-07-18 12:00:00,10.08,7.77,22.9,60.0
SC-119,2026-07-18 12:30:00,10.62,7.03,33.8,60.0
SC-119,2026-07-18 13:00:00,8.75,6.65,23.99,60.0
SC-119,2026-07-18 13:30:00,9.79,7.03,28.15,60.0
SC-119,2026-07-18 14:00:00,8.67,6.63,23.5,60.0
SC-119,2026-07-18 14:30:00,7.33,5.73,21.76,60.0
SC-119,2026-07-18 15:00:00,8.49,6.1,28.12,60.0
SC-119,2026-07-18 15:30:00,8.1,5.59,30.96,60.0
SC-119,2026-07-18 16:00:00,7.82,4.96,36.47,60.0
SC-119,2026-07-18 16:30:00,6.06,4.51,25.58,60.0
SC-119,2026-07-18 17:00:00,6.11,4.4,27.98,60.0
SC-119,2026-07-18 17:30:00,5.51,3.86,29.83,60.0
SC-119,2026-07-18 18:00:00,4.23,2.94,30.53,60.0
SC-119,2026-07-18 18:30:00,3.67,2.78,24.32,60.0
SC-119,2026-07-18 19:00:00,2.79,2.09,25.1,60.0
SC-119,2026-07-18 19:30:00,3.03,1.96,35.5,60.0
SC-119,2026-07-19 08:00:00,17.0,11.85,30.31,60.0
SC-119,2026-07-19 08:30:00,25.25,19.02,24.67,60.0
SC-119,2026-07-19 09:00:00,41.46,29.17,29.64,60.0
SC-119,2026-07-19 09:30:00,38.29,27.82,27.34,60.0
SC-119,2026-07-19 10:00:00,42.98,31.97,25.63,60.0
SC-119,2026-07-19 10:30:00,44.74,33.1,26.03,60.0
SC-119,2026-07-19 11:00:00,54.96,36.98,32.72,60.0
SC-119,2026-07-19 11:30:00,49.69,33.15,33.28,60.0
SC-119,2026-07-19 12:00:00,46.09,33.03,28.33,60.0
SC-119,2026-07-19 12:30:00,41.72,31.06,25.56,60.0
SC-119,2026-07-19 13:00:00,43.85,31.69,27.73,60.0
SC-119,2026-07-19 13:30:00,42.81,28.89,32.5,60.0
SC-119,2026-07-19 14:00:00,39.77,27.27,31.43,60.0
SC-119,2026-07-19 14:30:00,34.74,23.72,31.72,60.0
SC-119,2026-07-19 15:00:00,37.29,26.0,30.28,60.0
SC-119,2026-07-19 15:30:00,29.07,20.95,27.92,60.0
SC-119,2026-07-19 16:00:00,26.68,18.2,31.78,60.0
SC-119,2026-07-19 16:30:00,28.36,19.35,31.76,60.0
SC-119,2026-07-19 17:00:00,21.73,15.23,29.91,60.0
SC-119,2026-07-19 17:30:00,20.01,15.26,23.77,60.0
SC-119,2026-07-19 18:00:00,14.81,10.89,26.49,60.0
SC-119,2026-07-19 18:30:00,13.81,9.35,32.26,60.0
SC-119,2026-07-19 19:00:00,10.45,7.31,30.01,60.0
SC-119,2026-07-19 19:30:00,8.08,5.56,31.12,60.0
SC-119,2026-07-20 08:00:00,15.06,10.79,28.33,60.0
SC-119,2026-07-20 08:30:00,21.82,16.32,25.22,60.0
SC-119,2026-07-20 09:00:00,28.39,21.08,25.75,60.0
SC-119,2026-07-20 09:30:00,28.72,21.52,25.09,60.0
SC-119,2026-07-20 10:00:00,38.86,29.2,24.86,60.0
SC-119,2026-07-20 10:30:00,38.3,28.62,25.29,60.0
SC-119,2026-07-20 11:00:00,38.47,27.52,28.47,60.0
SC-119,2026-07-20 11:30:00,42.19,30.62,27.43,60.0
SC-119,2026-07-20 12:00:00,36.66,27.22,25.75,60.0
SC-119,2026-07-20 12:30:00,35.86,25.51,28.87,60.0
SC-119,2026-07-20 13:00:00,31.19,22.45,28.04,60.0
SC-119,2026-07-20 13:30:00,32.91,24.84,24.51,60.0
SC-119,2026-07-20 14:00:00,29.63,22.73,23.27,60.0
SC-119,2026-07-20 14:30:00,32.23,22.07,31.52,60.0
SC-119,2026-07-20 15:00:00,24.73,18.45,25.41,60.0
SC-119,2026-07-20 15:30:00,24.13,19.19,20.47,60.0
SC-119,2026-07-20 16:00:00,22.37,15.44,30.96,60.0
SC-119,2026-07-20 16:30:00,21.27,15.79,25.75,60.0
SC-119,2026-07-20 17:00:00,17.72,13.36,24.58,60.0
SC-119,2026-07-20 17:30:00,16.64,10.97,34.07,60.0
SC-119,2026-07-20 18:00:00,14.38,10.36,27.92,60.0
SC-119,2026-07-20 18:30:00,11.01,8.3,24.64,60.0
SC-119,2026-07-20 19:00:00,10.01,6.4,36.13,60.0
SC-119,2026-07-20 19:30:00,6.28,4.57,27.23,60.0
SC-119,2026-07-21 08:00:00,13.69,9.36,31.57,60.0
SC-119,2026-07-21 08:30:00,20.39,14.32,29.78,60.0
SC-119,2026-07-21 09:00:00,27.01,19.36,28.33,60.0
SC-119,2026-07-21 09:30:00,29.75,22.44,24.55,60.0
SC-119,2026-07-21 10:00:00,35.12,25.92,26.2,60.0
SC-119,2026-07-21 10:30:00,38.44,26.46,31.16,60.0
SC-119,2026-07-21 11:00:00,47.3,30.65,35.2,60.0
SC-119,2026-07-21 11:30:00,44.81,29.94,33.19,60.0
SC-119,2026-07-21 12:00:00,36.99,24.79,32.99,60.0
SC-119,2026-07-21 12:30:00,36.93,26.32,28.72,60.0
SC-119,2026-07-21 13:00:00,28.61,22.83,20.21,60.0
SC-119,2026-07-21 13:30:00,25.96,19.97,23.05,60.0
SC-119,2026-07-21 14:00:00,28.6,21.53,24.74,60.0
SC-119,2026-07-21 14:30:00,26.88,18.01,32.98,60.0
SC-119,2026-07-21 15:00:00,23.68,17.14,27.61,60.0
SC-119,2026-07-21 15:30:00,27.34,18.36,32.86,60.0
SC-119,2026-07-21 16:00:00,22.14,16.01,27.71,60.0
SC-119,2026-07-21 16:30:00,20.03,14.86,25.81,60.0
SC-119,2026-07-21 17:00:00,17.77,12.7,28.57,60.0
SC-119,2026-07-21 17:30:00,18.69,12.51,33.05,60.0
SC-119,2026-07-21 18:00:00,11.27,8.05,28.57,60.0
SC-119,2026-07-21 18:30:00,10.83,8.49,21.67,60.0
SC-119,2026-07-21 19:00:00,7.73,5.54,28.43,60.0
SC-119,2026-07-21 19:30:00,6.49,4.72,27.26,60.0
SC-119,2026-07-22 08:00:00,13.15,9.99,24.02,60.0
SC-119,2026-07-22 08:30:00,22.46,16.78,25.29,60.0
SC-119,2026-07-22 09:00:00,30.46,21.63,28.98,60.0
SC-119,2026-07-22 09:30:00,37.66,26.73,29.01,60.0
SC-119,2026-07-22 10:00:00,39.54,26.76,32.33,60.0
SC-119,2026-07-22 10:30:00,37.26,27.57,26.0,60.0
SC-119,2026-07-22 11:00:00,42.69,29.42,31.09,60.0
SC-119,2026-07-22 11:30:00,37.51,29.25,22.01,60.0
SC-119,2026-07-22 12:00:00,39.52,26.95,31.81,60.0
SC-119,2026-07-22 12:30:00,32.89,22.65,31.12,60.0
SC-119,2026-07-22 13:00:00,38.47,26.96,29.92,60.0
SC-119,2026-07-22 13:30:00,31.08,22.53,27.5,60.0
SC-119,2026-07-22 14:00:00,35.37,23.96,32.26,60.0
SC-119,2026-07-22 14:30:00,25.93,19.74,23.86,60.0
SC-119,2026-07-22 15:00:00,22.74,16.53,27.32,60.0
SC-119,2026-07-22 15:30:00,25.9,18.47,28.67,60.0
SC-119,2026-07-22 16:00:00,23.86,16.17,32.21,60.0
SC-119,2026-07-22 16:30:00,19.24,14.46,24.86,60.0
SC-119,2026-07-22 17:00:00,19.65,13.38,31.92,60.0
SC-119,2026-07-22 17:30:00,17.36,12.61,27.35,60.0
SC-119,2026-07-22 18:00:00,14.13,10.37,26.59,60.0
SC-119,2026-07-22 18:30:00,10.78,8.01,25.67,60.0
SC-119,2026-07-22 19:00:00,8.0,5.77,27.89,60.0
SC-119,2026-07-22 19:30:00,7.96,5.4,32.23,60.0
SC-119,2026-07-23 08:00:00,12.56,9.71,22.72,60.0
SC-119,2026-07-23 08:30:00,26.26,18.26,30.46,60.0
SC-119,2026-07-23 09:00:00,24.94,17.63,29.31,60.0
SC-119,2026-07-23 09:30:00,28.16,21.01,25.39,60.0
SC-119,2026-07-23 10:00:00,32.59,24.33,25.36,60.0
SC-119,2026-07-23 10:30:00,30.7,23.21,24.4,60.0
SC-119,2026-07-23 11:00:00,38.45,28.06,27.03,60.0
SC-119,2026-07-23 11:30:00,36.56,25.25,30.93,60.0
SC-119,2026-07-23 12:00:00,28.61,23.04,19.48,60.0
SC-119,2026-07-23 12:30:00,32.47,25.32,22.02,60.0
SC-119,2026-07-23 13:00:00,29.45,21.96,25.44,60.0
SC-119,2026-07-23 13:30:00,29.74,22.66,23.79,60.0
SC-119,2026-07-23 14:00:00,23.56,16.56,29.71,60.0
SC-119,2026-07-23 14:30:00,26.62,18.83,29.27,60.0
SC-119,2026-07-23 15:00:00,23.23,18.1,22.06,60.0
SC-119,2026-07-23 15:30:00,20.71,14.91,27.99,60.0
SC-119,2026-07-23 16:00:00,21.15,15.61,26.19,60.0
SC-119,2026-07-23 16:30:00,18.66,12.8,31.39,60.0
SC-119,2026-07-23 17:00:00,19.37,13.33,31.2,60.0
SC-119,2026-07-23 17:30:00,15.44,10.83,29.83,60.0
SC-119,2026-07-23 18:00:00,12.52,8.51,32.02,60.0
SC-119,2026-07-23 18:30:00,8.55,6.65,22.22,60.0
SC-119,2026-07-23 19:00:00,7.33,5.64,23.06,60.0
SC-119,2026-07-23 19:30:00,6.13,4.2,31.47,60.0
SC-119,2026-07-24 08:00:00,5.99,4.9,18.08,60.0
SC-119,2026-07-24 08:30:00,11.13,7.67,31.14,60.0
SC-119,2026-07-24 09:00:00,12.26,9.15,25.37,60.0
SC-119,2026-07-24 09:30:00,13.89,10.37,25.32,60.0
SC-119,2026-07-24 10:00:00,16.3,12.45,23.64,60.0
SC-119,2026-07-24 10:30:00,19.74,14.05,28.79,60.0
SC-119,2026-07-24 11:00:00,17.98,12.08,32.8,60.0
SC-119,2026-07-24 11:30:00,18.69,14.0,25.1,60.0
SC-119,2026-07-24 12:00:00,17.87,13.37,25.15,60.0
SC-119,2026-07-24 12:30:00,18.05,13.07,27.59,60.0
SC-119,2026-07-24 13:00:00,13.89,10.25,26.2,60.0
SC-119,2026-07-24 13:30:00,13.54,9.93,26.63,60.0
SC-119,2026-07-24 14:00:00,13.28,9.81,26.13,60.0
SC-119,2026-07-24 14:30:00,11.55,8.53,26.09,60.0
SC-119,2026-07-24 15:00:00,12.89,9.74,24.47,60.0
SC-119,2026-07-24 15:30:00,13.47,9.08,32.62,60.0
SC-119,2026-07-24 16:00:00,10.74,7.37,31.37,60.0
SC-119,2026-07-24 16:30:00,9.63,7.19,25.29,60.0
SC-119,2026-07-24 17:00:00,9.52,6.34,33.37,60.0
SC-119,2026-07-24 17:30:00,7.25,5.4,25.46,60.0
SC-119,2026-07-24 18:00:00,6.38,4.5,29.37,60.0
SC-119,2026-07-24 18:30:00,4.67,3.72,20.32,60.0
SC-119,2026-07-24 19:00:00,4.46,3.06,31.46,60.0
SC-119,2026-07-24 19:30:00,3.49,2.52,27.79,60.0
SC-119,2026-07-25 08:00:00,4.54,3.37,25.8,60.0
SC-119,2026-07-25 08:30:00,8.43,5.83,30.8,60.0
SC-119,2026-07-25 09:00:00,9.24,6.54,29.16,60.0
SC-119,2026-07-25 09:30:00,12.52,8.63,31.12,60.0
SC-119,2026-07-25 10:00:00,11.97,9.33,22.03,60.0
SC-119,2026-07-25 10:30:00,13.17,9.85,25.19,60.0
SC-119,2026-07-25 11:00:00,13.27,9.04,31.86,60.0
SC-119,2026-07-25 11:30:00,15.47,10.58,31.59,60.0
SC-119,2026-07-25 12:00:00,14.53,10.35,28.73,60.0
SC-119,2026-07-25 12:30:00,13.29,10.45,21.37,60.0
SC-119,2026-07-25 13:00:00,11.92,8.57,28.06,60.0
SC-119,2026-07-25 13:30:00,10.71,8.15,23.91,60.0
SC-119,2026-07-25 14:00:00,11.59,8.12,29.93,60.0
SC-119,2026-07-25 14:30:00,10.42,7.16,31.28,60.0
SC-119,2026-07-25 15:00:00,9.79,7.07,27.81,60.0
SC-119,2026-07-25 15:30:00,9.12,6.55,28.16,60.0
SC-119,2026-07-25 16:00:00,7.74,5.78,25.41,60.0
SC-119,2026-07-25 16:30:00,8.13,5.98,26.43,60.0
SC-119,2026-07-25 17:00:00,6.9,5.02,27.29,60.0
SC-119,2026-07-25 17:30:00,5.79,4.16,28.2,60.0
SC-119,2026-07-25 18:00:00,5.2,3.65,29.83,60.0
SC-119,2026-07-25 18:30:00,4.66,3.06,34.23,60.0
SC-119,2026-07-25 19:00:00,3.14,2.31,26.35,60.0
SC-119,2026-07-25 19:30:00,2.66,2.01,24.51,60.0
SC-119,2026-07-26 08:00:00,16.71,11.16,33.24,60.0
SC-119,2026-07-26 08:30:00,22.21,17.18,22.66,60.0
SC-119,2026-07-26 09:00:00,29.54,21.72,26.49,60.0
SC-119,2026-07-26 09:30:00,37.49,27.21,27.43,60.0
SC-119,2026-07-26 10:00:00,44.43,30.78,30.73,60.0
SC-119,2026-07-26 10:30:00,44.01,31.4,28.65,60.0
SC-119,2026-07-26 11:00:00,40.76,30.97,24.02,60.0
SC-119,2026-07-26 11:30:00,45.81,34.95,23.7,60.0
SC-119,2026-07-26 12:00:00,45.22,31.26,30.88,60.0
SC-119,2026-07-26 12:30:00,46.07,29.43,36.14,60.0
SC-119,2026-07-26 13:00:00,44.36,27.32,38.41,60.0
SC-119,2026-07-26 13:30:00,38.96,27.11,30.43,60.0
SC-119,2026-07-26 14:00:00,34.36,22.83,33.55,60.0
SC-119,2026-07-26 14:30:00,26.62,20.22,24.03,60.0
SC-119,2026-07-26 15:00:00,28.7,21.82,23.99,60.0
SC-119,2026-07-26 15:30:00,27.15,19.1,29.65,60.0
SC-119,2026-07-26 16:00:00,25.2,17.32,31.25,60.0
SC-119,2026-07-26 16:30:00,22.5,15.31,31.96,60.0
SC-119,2026-07-26 17:00:00,22.45,15.67,30.22,60.0
SC-119,2026-07-26 17:30:00,17.87,13.38,25.09,60.0
SC-119,2026-07-26 18:00:00,16.79,10.52,37.31,60.0
SC-119,2026-07-26 18:30:00,11.53,8.61,25.37,60.0
SC-119,2026-07-26 19:00:00,9.91,7.13,28.09,60.0
SC-119,2026-07-26 19:30:00,7.45,5.55,25.56,60.0
SC-119,2026-07-27 08:00:00,13.14,9.58,27.1,60.0
SC-119,2026-07-27 08:30:00,23.0,16.27,29.28,60.0
SC-119,2026-07-27 09:00:00,27.18,19.81,27.11,60.0
SC-119,2026-07-27 09:30:00,30.91,21.88,29.23,60.0
SC-119,2026-07-27 10:00:00,33.49,25.32,24.39,60.0
SC-119,2026-07-27 10:30:00,37.45,29.05,22.43,60.0
SC-119,2026-07-27 11:00:00,40.23,30.05,25.31,60.0
SC-119,2026-07-27 11:30:00,41.85,28.06,32.96,60.0
SC-119,2026-07-27 12:00:00,41.28,28.76,30.32,60.0
SC-119,2026-07-27 12:30:00,37.58,26.67,29.03,60.0
SC-119,2026-07-27 13:00:00,29.79,22.5,24.49,60.0
SC-119,2026-07-27 13:30:00,37.87,27.02,28.65,60.0
SC-119,2026-07-27 14:00:00,27.82,20.31,26.98,60.0
SC-119,2026-07-27 14:30:00,29.49,21.87,25.84,60.0
SC-119,2026-07-27 15:00:00,23.75,18.05,24.01,60.0
SC-119,2026-07-27 15:30:00,28.48,20.68,27.41,60.0
SC-119,2026-07-27 16:00:00,22.73,15.85,30.27,60.0
SC-119,2026-07-27 16:30:00,24.91,17.74,28.77,60.0
SC-119,2026-07-27 17:00:00,18.66,13.11,29.73,60.0
SC-119,2026-07-27 17:30:00,15.51,11.21,27.76,60.0
SC-119,2026-07-27 18:00:00,16.0,10.17,36.43,60.0
SC-119,2026-07-27 18:30:00,10.17,7.25,28.72,60.0
SC-119,2026-07-27 19:00:00,8.96,6.38,28.77,60.0
SC-119,2026-07-27 19:30:00,6.53,5.04,22.8,60.0
SC-120,2026-06-30 08:00:00,6.64,4.46,32.78,90.0
SC-120,2026-06-30 08:30:00,9.31,7.34,21.14,90.0
SC-120,2026-06-30 09:00:00,12.58,8.03,36.16,90.0
SC-120,2026-06-30 09:30:00,12.38,9.03,27.07,90.0
SC-120,2026-06-30 10:00:00,13.76,9.96,27.59,90.0
SC-120,2026-06-30 10:30:00,14.42,10.97,23.93,90.0
SC-120,2026-06-30 11:00:00,15.28,10.6,30.65,90.0
SC-120,2026-06-30 11:30:00,15.4,11.61,24.62,90.0
SC-120,2026-06-30 12:00:00,14.55,10.3,29.24,90.0
SC-120,2026-06-30 12:30:00,13.37,9.89,26.05,90.0
SC-120,2026-06-30 13:00:00,13.15,9.12,30.64,90.0
SC-120,2026-06-30 13:30:00,12.13,8.69,28.35,90.0
SC-120,2026-06-30 14:00:00,10.99,8.51,22.53,90.0
SC-120,2026-06-30 14:30:00,12.29,8.53,30.62,90.0
SC-120,2026-06-30 15:00:00,10.67,7.7,27.85,90.0
SC-120,2026-06-30 15:30:00,10.46,7.6,27.34,90.0
SC-120,2026-07-01 08:00:00,6.73,4.39,34.77,90.0
SC-120,2026-07-01 08:30:00,9.55,6.49,32.11,90.0
SC-120,2026-07-01 09:00:00,10.39,7.6,26.84,90.0
SC-120,2026-07-01 09:30:00,12.4,8.55,31.09,90.0
SC-120,2026-07-01 10:00:00,11.61,8.21,29.3,90.0
SC-120,2026-07-01 10:30:00,15.35,10.31,32.82,90.0
SC-120,2026-07-01 11:00:00,15.78,10.91,30.89,90.0
SC-120,2026-07-01 11:30:00,14.85,10.94,26.35,90.0
SC-120,2026-07-01 12:00:00,11.08,8.91,19.62,90.0
SC-120,2026-07-01 12:30:00,12.23,8.41,31.27,90.0
SC-120,2026-07-01 13:00:00,13.7,9.62,29.8,90.0
SC-120,2026-07-01 13:30:00,12.76,8.91,30.21,90.0
SC-120,2026-07-01 14:00:00,10.93,8.0,26.84,90.0
SC-120,2026-07-01 14:30:00,8.25,6.7,18.73,90.0
SC-120,2026-07-01 15:00:00,9.23,6.83,25.94,90.0
SC-120,2026-07-01 15:30:00,11.63,8.11,30.3,90.0
SC-120,2026-07-02 08:00:00,7.28,4.9,32.76,90.0
SC-120,2026-07-02 08:30:00,10.02,7.12,28.94,90.0
SC-120,2026-07-02 09:00:00,11.3,8.14,27.97,90.0
SC-120,2026-07-02 09:30:00,11.51,8.26,28.16,90.0
SC-120,2026-07-02 10:00:00,14.93,10.52,29.53,90.0
SC-120,2026-07-02 10:30:00,14.64,11.03,24.66,90.0
SC-120,2026-07-02 11:00:00,15.82,11.19,29.22,90.0
SC-120,2026-07-02 11:30:00,16.43,11.79,28.23,90.0
SC-120,2026-07-02 12:00:00,16.77,11.15,33.55,90.0
SC-120,2026-07-02 12:30:00,12.66,9.7,23.4,90.0
SC-120,2026-07-02 13:00:00,12.49,8.95,28.36,90.0
SC-120,2026-07-02 13:30:00,12.67,9.39,25.88,90.0
SC-120,2026-07-02 14:00:00,11.71,8.08,31.0,90.0
SC-120,2026-07-02 14:30:00,10.38,7.6,26.78,90.0
SC-120,2026-07-02 15:00:00,11.01,7.78,29.35,90.0
SC-120,2026-07-02 15:30:00,9.93,6.96,29.94,90.0
SC-120,2026-07-03 08:00:00,3.5,2.43,30.54,90.0
SC-120,2026-07-03 08:30:00,5.08,3.74,26.44,90.0
SC-120,2026-07-03 09:00:00,5.59,4.07,27.08,90.0
SC-120,2026-07-03 09:30:00,5.97,4.43,25.76,90.0
SC-120,2026-07-03 10:00:00,7.63,5.32,30.24,90.0
SC-120,2026-07-03 10:30:00,8.01,5.58,30.41,90.0
SC-120,2026-07-03 11:00:00,7.62,5.5,27.81,90.0
SC-120,2026-07-03 11:30:00,8.99,5.86,34.86,90.0
SC-120,2026-07-03 12:00:00,8.17,5.62,31.28,90.0
SC-120,2026-07-03 12:30:00,7.99,5.52,30.96,90.0
SC-120,2026-07-03 13:00:00,6.92,5.09,26.38,90.0
SC-120,2026-07-03 13:30:00,6.97,5.12,26.63,90.0
SC-120,2026-07-03 14:00:00,5.55,4.24,23.66,90.0
SC-120,2026-07-03 14:30:00,6.44,4.6,28.5,90.0
SC-120,2026-07-03 15:00:00,5.93,4.11,30.69,90.0
SC-120,2026-07-03 15:30:00,4.93,3.95,19.85,90.0
SC-120,2026-07-04 08:00:00,3.39,2.37,30.25,90.0
SC-120,2026-07-04 08:30:00,4.12,3.01,27.0,90.0
SC-120,2026-07-04 09:00:00,4.93,3.64,26.21,90.0
SC-120,2026-07-04 09:30:00,5.89,4.24,27.96,90.0
SC-120,2026-07-04 10:00:00,6.0,4.42,26.31,90.0
SC-120,2026-07-04 10:30:00,6.91,4.51,34.78,90.0
SC-120,2026-07-04 11:00:00,6.33,4.52,28.61,90.0
SC-120,2026-07-04 11:30:00,7.01,4.77,31.92,90.0
SC-120,2026-07-04 12:00:00,5.7,4.35,23.74,90.0
SC-120,2026-07-04 12:30:00,6.05,4.5,25.61,90.0
SC-120,2026-07-04 13:00:00,5.24,3.76,28.3,90.0
SC-120,2026-07-04 13:30:00,6.13,4.34,29.26,90.0
SC-120,2026-07-04 14:00:00,4.91,3.83,22.01,90.0
SC-120,2026-07-04 14:30:00,5.46,3.97,27.27,90.0
SC-120,2026-07-04 15:00:00,4.99,3.35,32.95,90.0
SC-120,2026-07-04 15:30:00,4.8,3.3,31.13,90.0
SC-120,2026-07-05 08:00:00,6.99,4.85,30.63,90.0
SC-120,2026-07-05 08:30:00,11.34,8.2,27.7,90.0
SC-120,2026-07-05 09:00:00,15.06,9.14,39.35,90.0
SC-120,2026-07-05 09:30:00,13.07,9.54,26.98,90.0
SC-120,2026-07-05 10:00:00,16.19,11.06,31.69,90.0
SC-120,2026-07-05 10:30:00,18.03,13.01,27.85,90.0
SC-120,2026-07-05 11:00:00,16.88,11.8,30.12,90.0
SC-120,2026-07-05 11:30:00,17.21,12.32,28.43,90.0
SC-120,2026-07-05 12:00:00,19.06,13.08,31.36,90.0
SC-120,2026-07-05 12:30:00,17.03,11.7,31.3,90.0
SC-120,2026-07-05 13:00:00,15.71,11.24,28.41,90.0
SC-120,2026-07-05 13:30:00,14.84,10.73,27.7,90.0
SC-120,2026-07-05 14:00:00,13.7,10.15,25.97,90.0
SC-120,2026-07-05 14:30:00,14.09,9.22,34.56,90.0
SC-120,2026-07-05 15:00:00,13.55,9.94,26.63,90.0
SC-120,2026-07-05 15:30:00,11.17,8.55,23.44,90.0
SC-120,2026-07-06 08:00:00,8.03,5.47,31.94,90.0
SC-120,2026-07-06 08:30:00,9.79,6.92,29.38,90.0
SC-120,2026-07-06 09:00:00,13.11,8.73,33.44,90.0
SC-120,2026-07-06 09:30:00,12.65,9.61,24.01,90.0
SC-120,2026-07-06 10:00:00,16.4,11.07,32.5,90.0
SC-120,2026-07-06 10:30:00,15.3,11.22,26.65,90.0
SC-120,2026-07-06 11:00:00,18.08,12.68,29.86,90.0
SC-120,2026-07-06 11:30:00,16.72,11.92,28.71,90.0
SC-120,2026-07-06 12:00:00,15.43,11.35,26.43,90.0
SC-120,2026-07-06 12:30:00,15.87,11.28,28.9,90.0
SC-120,2026-07-06 13:00:00,14.35,9.95,30.63,90.0
SC-120,2026-07-06 13:30:00,14.19,9.7,31.61,90.0
SC-120,2026-07-06 14:00:00,13.5,10.46,22.54,90.0
SC-120,2026-07-06 14:30:00,11.89,9.05,23.83,90.0
SC-120,2026-07-06 15:00:00,11.64,8.57,26.39,90.0
SC-120,2026-07-06 15:30:00,10.88,8.15,25.06,90.0
SC-120,2026-07-07 08:00:00,5.99,4.76,20.58,90.0
SC-120,2026-07-07 08:30:00,10.96,7.22,34.1,90.0
SC-120,2026-07-07 09:00:00,13.33,8.79,34.05,90.0
SC-120,2026-07-07 09:30:00,13.88,10.08,27.39,90.0
SC-120,2026-07-07 10:00:00,14.31,9.87,30.98,90.0
SC-120,2026-07-07 10:30:00,13.32,10.39,22.02,90.0
SC-120,2026-07-07 11:00:00,15.64,11.08,29.18,90.0
SC-120,2026-07-07 11:30:00,18.85,13.77,26.96,90.0
SC-120,2026-07-07 12:00:00,15.53,12.34,20.56,90.0
SC-120,2026-07-07 12:30:00,15.78,11.27,28.54,90.0
SC-120,2026-07-07 13:00:00,13.53,9.84,27.28,90.0
SC-120,2026-07-07 13:30:00,13.3,9.71,27.03,90.0
SC-120,2026-07-07 14:00:00,12.53,8.57,31.58,90.0
SC-120,2026-07-07 14:30:00,12.77,9.21,27.87,90.0
SC-120,2026-07-07 15:00:00,12.65,8.67,31.48,90.0
SC-120,2026-07-07 15:30:00,11.22,8.08,27.98,90.0
SC-120,2026-07-08 08:00:00,6.86,5.0,27.17,90.0
SC-120,2026-07-08 08:30:00,10.47,7.09,32.35,90.0
SC-120,2026-07-08 09:00:00,12.02,8.54,28.92,90.0
SC-120,2026-07-08 09:30:00,13.37,9.14,31.63,90.0
SC-120,2026-07-08 10:00:00,15.37,11.37,26.04,90.0
SC-120,2026-07-08 10:30:00,14.12,10.98,22.24,90.0
SC-120,2026-07-08 11:00:00,16.63,11.75,29.36,90.0
SC-120,2026-07-08 11:30:00,19.66,12.56,36.09,90.0
SC-120,2026-07-08 12:00:00,16.29,11.72,28.07,90.0
SC-120,2026-07-08 12:30:00,16.36,10.64,34.95,90.0
SC-120,2026-07-08 13:00:00,14.31,9.8,31.52,90.0
SC-120,2026-07-08 13:30:00,11.48,8.57,25.3,90.0
SC-120,2026-07-08 14:00:00,12.06,9.03,25.14,90.0
SC-120,2026-07-08 14:30:00,11.24,8.11,27.86,90.0
SC-120,2026-07-08 15:00:00,12.17,9.32,23.44,90.0
SC-120,2026-07-08 15:30:00,11.54,7.85,32.03,90.0
SC-120,2026-07-09 08:00:00,7.35,4.86,33.86,90.0
SC-120,2026-07-09 08:30:00,9.61,6.73,29.99,90.0
SC-120,2026-07-09 09:00:00,10.02,7.25,27.61,90.0
SC-120,2026-07-09 09:30:00,11.76,9.28,21.15,90.0
SC-120,2026-07-09 10:00:00,13.87,9.7,30.07,90.0
SC-120,2026-07-09 10:30:00,13.75,10.06,26.8,90.0
SC-120,2026-07-09 11:00:00,14.6,11.05,24.34,90.0
SC-120,2026-07-09 11:30:00,13.16,10.65,19.12,90.0
SC-120,2026-07-09 12:00:00,15.57,11.24,27.85,90.0
SC-120,2026-07-09 12:30:00,15.44,10.63,31.16,90.0
SC-120,2026-07-09 13:00:00,12.5,8.63,30.97,90.0
SC-120,2026-07-09 13:30:00,12.63,8.96,29.03,90.0
SC-120,2026-07-09 14:00:00,10.87,8.43,22.48,90.0
SC-120,2026-07-09 14:30:00,11.71,8.34,28.77,90.0
SC-120,2026-07-09 15:00:00,10.05,7.21,28.31,90.0
SC-120,2026-07-09 15:30:00,8.93,6.88,22.98,90.0
SC-120,2026-07-10 08:00:00,3.56,2.44,31.49,90.0
SC-120,2026-07-10 08:30:00,4.99,3.65,26.9,90.0
SC-120,2026-07-10 09:00:00,5.37,3.91,27.12,90.0
SC-120,2026-07-10 09:30:00,6.54,4.99,23.73,90.0
SC-120,2026-07-10 10:00:00,7.67,5.17,32.65,90.0
SC-120,2026-07-10 10:30:00,7.62,5.64,26.08,90.0
SC-120,2026-07-10 11:00:00,7.46,5.47,26.58,90.0
SC-120,2026-07-10 11:30:00,7.32,5.64,22.94,90.0
SC-120,2026-07-10 12:00:00,6.72,4.99,25.84,90.0
SC-120,2026-07-10 12:30:00,7.38,5.31,28.0,90.0
SC-120,2026-07-10 13:00:00,6.33,4.59,27.55,90.0
SC-120,2026-07-10 13:30:00,6.43,4.86,24.37,90.0
SC-120,2026-07-10 14:00:00,6.67,4.54,31.99,90.0
SC-120,2026-07-10 14:30:00,5.47,4.14,24.28,90.0
SC-120,2026-07-10 15:00:00,5.56,4.14,25.6,90.0
SC-120,2026-07-10 15:30:00,5.42,3.97,26.72,90.0
SC-120,2026-07-11 08:00:00,2.64,2.01,23.88,90.0
SC-120,2026-07-11 08:30:00,3.76,2.85,24.21,90.0
SC-120,2026-07-11 09:00:00,5.38,3.6,32.94,90.0
SC-120,2026-07-11 09:30:00,5.38,3.97,26.19,90.0
SC-120,2026-07-11 10:00:00,6.49,4.65,28.34,90.0
SC-120,2026-07-11 10:30:00,5.74,4.21,26.69,90.0
SC-120,2026-07-11 11:00:00,6.32,4.48,29.11,90.0
SC-120,2026-07-11 11:30:00,5.97,4.4,26.31,90.0
SC-120,2026-07-11 12:00:00,5.97,4.29,28.1,90.0
SC-120,2026-07-11 12:30:00,5.73,3.94,31.17,90.0
SC-120,2026-07-11 13:00:00,4.65,3.57,23.25,90.0
SC-120,2026-07-11 13:30:00,5.12,3.6,29.73,90.0
SC-120,2026-07-11 14:00:00,4.78,3.52,26.41,90.0
SC-120,2026-07-11 14:30:00,4.58,3.22,29.79,90.0
SC-120,2026-07-11 15:00:00,3.9,2.86,26.62,90.0
SC-120,2026-07-11 15:30:00,4.41,3.05,30.91,90.0
SC-120,2026-07-12 08:00:00,8.03,5.67,29.44,90.0
SC-120,2026-07-12 08:30:00,9.13,7.12,21.97,90.0
SC-120,2026-07-12 09:00:00,13.93,9.25,33.62,90.0
SC-120,2026-07-12 09:30:00,14.2,11.23,20.93,90.0
SC-120,2026-07-12 10:00:00,13.43,9.76,27.33,90.0
SC-120,2026-07-12 10:30:00,16.61,11.87,28.58,90.0
SC-120,2026-07-12 11:00:00,15.76,12.03,23.64,90.0
SC-120,2026-07-12 11:30:00,17.35,12.66,27.04,90.0
SC-120,2026-07-12 12:00:00,16.24,11.57,28.76,90.0
SC-120,2026-07-12 12:30:00,15.24,10.92,28.34,90.0
SC-120,2026-07-12 13:00:00,13.76,10.26,25.46,90.0
SC-120,2026-07-12 13:30:00,13.44,9.88,26.48,90.0
SC-120,2026-07-12 14:00:00,12.5,9.6,23.21,90.0
SC-120,2026-07-12 14:30:00,12.43,9.28,25.31,90.0
SC-120,2026-07-12 15:00:00,11.17,7.81,30.05,90.0
SC-120,2026-07-12 15:30:00,11.25,7.76,31.02,90.0
SC-120,2026-07-13 08:00:00,6.74,5.22,22.52,90.0
SC-120,2026-07-13 08:30:00,11.52,8.03,30.31,90.0
SC-120,2026-07-13 09:00:00,13.63,9.63,29.37,90.0
SC-120,2026-07-13 09:30:00,14.82,10.2,31.12,90.0
SC-120,2026-07-13 10:00:00,15.81,10.73,32.15,90.0
SC-120,2026-07-13 10:30:00,14.78,11.48,22.33,90.0
SC-120,2026-07-13 11:00:00,18.49,12.49,32.43,90.0
SC-120,2026-07-13 11:30:00,18.54,12.65,31.73,90.0
SC-120,2026-07-13 12:00:00,17.67,12.01,32.0,90.0
SC-120,2026-07-13 12:30:00,16.92,11.88,29.82,90.0
SC-120,2026-07-13 13:00:00,15.4,10.57,31.35,90.0
SC-120,2026-07-13 13:30:00,13.77,9.94,27.81,90.0
SC-120,2026-07-13 14:00:00,14.52,10.22,29.62,90.0
SC-120,2026-07-13 14:30:00,13.22,8.82,33.26,90.0
SC-120,2026-07-13 15:00:00,11.52,8.38,27.22,90.0
SC-120,2026-07-13 15:30:00,11.96,8.41,29.66,90.0
SC-120,2026-07-14 08:00:00,6.47,4.91,24.08,90.0
SC-120,2026-07-14 08:30:00,9.38,7.32,22.02,90.0
SC-120,2026-07-14 09:00:00,12.99,8.77,32.5,90.0
SC-120,2026-07-14 09:30:00,14.4,9.4,34.71,90.0
SC-120,2026-07-14 10:00:00,14.57,11.15,23.48,90.0
SC-120,2026-07-14 10:30:00,15.91,11.51,27.63,90.0
SC-120,2026-07-14 11:00:00,16.99,12.81,24.63,90.0
SC-120,2026-07-14 11:30:00,16.27,11.61,28.62,90.0
SC-120,2026-07-14 12:00:00,14.94,10.81,27.66,90.0
SC-120,2026-07-14 12:30:00,15.98,11.32,29.17,90.0
SC-120,2026-07-14 13:00:00,15.79,10.87,31.15,90.0
SC-120,2026-07-14 13:30:00,13.85,9.83,29.01,90.0
SC-120,2026-07-14 14:00:00,11.86,9.05,23.69,90.0
SC-120,2026-07-14 14:30:00,12.52,9.13,27.05,90.0
SC-120,2026-07-14 15:00:00,11.9,8.54,28.19,90.0
SC-120,2026-07-14 15:30:00,9.81,7.26,25.94,90.0
SC-120,2026-07-15 08:00:00,7.03,4.87,30.75,90.0
SC-120,2026-07-15 08:30:00,10.08,7.28,27.81,90.0
SC-120,2026-07-15 09:00:00,12.42,8.1,34.8,90.0
SC-120,2026-07-15 09:30:00,14.17,9.47,33.18,90.0
SC-120,2026-07-15 10:00:00,12.14,9.37,22.87,90.0
SC-120,2026-07-15 10:30:00,14.81,11.62,21.48,90.0
SC-120,2026-07-15 11:00:00,16.2,12.19,24.73,90.0
SC-120,2026-07-15 11:30:00,16.36,11.59,29.16,90.0
SC-120,2026-07-15 12:00:00,15.03,10.38,30.9,90.0
SC-120,2026-07-15 12:30:00,14.06,10.38,26.17,90.0
SC-120,2026-07-15 13:00:00,15.65,10.36,33.79,90.0
SC-120,2026-07-15 13:30:00,12.98,9.89,23.84,90.0
SC-120,2026-07-15 14:00:00,11.2,8.18,26.94,90.0
SC-120,2026-07-15 14:30:00,10.51,7.91,24.76,90.0
SC-120,2026-07-15 15:00:00,11.23,8.34,25.73,90.0
SC-120,2026-07-15 15:30:00,11.02,7.62,30.89,90.0
SC-120,2026-07-16 08:00:00,6.3,4.52,28.35,90.0
SC-120,2026-07-16 08:30:00,9.65,7.07,26.71,90.0
SC-120,2026-07-16 09:00:00,10.49,7.65,27.08,90.0
SC-120,2026-07-16 09:30:00,11.77,8.79,25.34,90.0
SC-120,2026-07-16 10:00:00,13.4,9.6,28.37,90.0
SC-120,2026-07-16 10:30:00,14.62,11.02,24.61,90.0
SC-120,2026-07-16 11:00:00,14.51,10.61,26.9,90.0
SC-120,2026-07-16 11:30:00,15.21,11.16,26.61,90.0
SC-120,2026-07-16 12:00:00,13.9,10.18,26.76,90.0
SC-120,2026-07-16 12:30:00,14.9,9.8,34.26,90.0
SC-120,2026-07-16 13:00:00,14.69,10.73,26.95,90.0
SC-120,2026-07-16 13:30:00,12.05,9.03,25.05,90.0
SC-120,2026-07-16 14:00:00,10.85,8.03,25.99,90.0
SC-120,2026-07-16 14:30:00,11.23,8.42,25.01,90.0
SC-120,2026-07-16 15:00:00,10.3,7.34,28.76,90.0
SC-120,2026-07-16 15:30:00,9.85,6.75,31.5,90.0
SC-120,2026-07-17 08:00:00,3.68,2.81,23.57,90.0
SC-120,2026-07-17 08:30:00,4.88,3.47,28.91,90.0
SC-120,2026-07-17 09:00:00,5.81,4.24,27.05,90.0
SC-120,2026-07-17 09:30:00,7.51,5.25,30.12,90.0
SC-120,2026-07-17 10:00:00,7.14,5.05,29.25,90.0
SC-120,2026-07-17 10:30:00,7.64,5.45,28.63,90.0
SC-120,2026-07-17 11:00:00,7.75,5.58,28.0,90.0
SC-120,2026-07-17 11:30:00,7.76,5.39,30.51,90.0
SC-120,2026-07-17 12:00:00,6.58,5.36,18.59,90.0
SC-120,2026-07-17 12:30:00,7.33,5.3,27.66,90.0
SC-120,2026-07-17 13:00:00,7.36,5.31,27.87,90.0
SC-120,2026-07-17 13:30:00,6.58,4.85,26.35,90.0
SC-120,2026-07-17 14:00:00,6.58,4.78,27.43,90.0
SC-120,2026-07-17 14:30:00,6.25,4.47,28.55,90.0
SC-120,2026-07-17 15:00:00,5.98,4.27,28.67,90.0
SC-120,2026-07-17 15:30:00,5.46,3.94,27.82,90.0
SC-120,2026-07-18 08:00:00,3.08,2.27,26.24,90.0
SC-120,2026-07-18 08:30:00,4.36,3.09,29.13,90.0
SC-120,2026-07-18 09:00:00,5.16,3.56,31.04,90.0
SC-120,2026-07-18 09:30:00,5.42,4.12,23.89,90.0
SC-120,2026-07-18 10:00:00,6.43,4.86,24.44,90.0
SC-120,2026-07-18 10:30:00,6.69,4.82,28.02,90.0
SC-120,2026-07-18 11:00:00,6.57,5.13,21.91,90.0
SC-120,2026-07-18 11:30:00,6.75,4.62,31.57,90.0
SC-120,2026-07-18 12:00:00,6.97,4.95,29.04,90.0
SC-120,2026-07-18 12:30:00,6.57,4.9,25.43,90.0
SC-120,2026-07-18 13:00:00,5.36,3.9,27.25,90.0
SC-120,2026-07-18 13:30:00,5.41,3.84,29.06,90.0
SC-120,2026-07-18 14:00:00,4.94,3.77,23.71,90.0
SC-120,2026-07-18 14:30:00,5.17,3.83,25.77,90.0
SC-120,2026-07-18 15:00:00,5.77,3.81,34.08,90.0
SC-120,2026-07-18 15:30:00,4.39,2.99,31.84,90.0
SC-120,2026-07-19 08:00:00,6.91,5.52,20.17,90.0
SC-120,2026-07-19 08:30:00,10.41,7.8,25.07,90.0
SC-120,2026-07-19 09:00:00,12.93,9.54,26.25,90.0
SC-120,2026-07-19 09:30:00,14.4,10.27,28.72,90.0
SC-120,2026-07-19 10:00:00,15.29,10.73,29.85,90.0
SC-120,2026-07-19 10:30:00,16.9,12.09,28.45,90.0
SC-120,2026-07-19 11:00:00,17.27,12.46,27.86,90.0
SC-120,2026-07-19 11:30:00,18.14,13.75,24.19,90.0
SC-120,2026-07-19 12:00:00,16.53,12.18,26.28,90.0
SC-120,2026-07-19 12:30:00,17.35,12.47,28.11,90.0
SC-120,2026-07-19 13:00:00,15.16,11.73,22.68,90.0
SC-120,2026-07-19 13:30:00,16.14,10.91,32.43,90.0
SC-120,2026-07-19 14:00:00,14.17,9.79,30.93,90.0
SC-120,2026-07-19 14:30:00,12.34,9.35,24.22,90.0
SC-120,2026-07-19 15:00:00,12.68,8.83,30.36,90.0
SC-120,2026-07-19 15:30:00,11.23,8.5,24.3,90.0
SC-120,2026-07-20 08:00:00,7.47,5.1,31.8,90.0
SC-120,2026-07-20 08:30:00,9.39,7.13,24.03,90.0
SC-120,2026-07-20 09:00:00,11.42,8.44,26.09,90.0
SC-120,2026-07-20 09:30:00,15.46,10.7,30.8,90.0
SC-120,2026-07-20 10:00:00,15.82,11.13,29.64,90.0
SC-120,2026-07-20 10:30:00,16.4,12.36,24.63,90.0
SC-120,2026-07-20 11:00:00,17.24,12.35,28.34,90.0
SC-120,2026-07-20 11:30:00,18.74,12.2,34.89,90.0
SC-120,2026-07-20 12:00:00,16.46,11.49,30.15,90.0
SC-120,2026-07-20 12:30:00,15.97,11.0,31.11,90.0
SC-120,2026-07-20 13:00:00,13.22,9.87,25.33,90.0
SC-120,2026-07-20 13:30:00,12.13,8.99,25.9,90.0
SC-120,2026-07-20 14:00:00,13.95,9.65,30.81,90.0
SC-120,2026-07-20 14:30:00,10.62,8.24,22.36,90.0
SC-120,2026-07-20 15:00:00,12.26,8.28,32.43,90.0
SC-120,2026-07-20 15:30:00,9.94,8.03,19.26,90.0
SC-120,2026-07-21 08:00:00,5.92,4.37,26.18,90.0
SC-120,2026-07-21 08:30:00,9.14,6.49,29.04,90.0
SC-120,2026-07-21 09:00:00,11.25,8.09,28.12,90.0
SC-120,2026-07-21 09:30:00,14.45,10.4,27.99,90.0
SC-120,2026-07-21 10:00:00,13.66,9.73,28.82,90.0
SC-120,2026-07-21 10:30:00,11.86,8.61,27.4,90.0
SC-120,2026-07-21 11:00:00,14.45,10.62,26.5,90.0
SC-120,2026-07-21 11:30:00,16.69,11.33,32.07,90.0
SC-120,2026-07-21 12:00:00,14.38,10.52,26.86,90.0
SC-120,2026-07-21 12:30:00,14.58,10.25,29.71,90.0
SC-120,2026-07-21 13:00:00,12.76,9.35,26.69,90.0
SC-120,2026-07-21 13:30:00,12.06,9.17,23.95,90.0
SC-120,2026-07-21 14:00:00,10.77,8.32,22.73,90.0
SC-120,2026-07-21 14:30:00,10.86,8.2,24.56,90.0
SC-120,2026-07-21 15:00:00,11.4,7.67,32.74,90.0
SC-120,2026-07-21 15:30:00,9.31,6.62,28.91,90.0
SC-120,2026-07-22 08:00:00,6.77,4.6,32.01,90.0
SC-120,2026-07-22 08:30:00,9.57,6.69,30.14,90.0
SC-120,2026-07-22 09:00:00,11.67,8.09,30.64,90.0
SC-120,2026-07-22 09:30:00,12.75,10.1,20.72,90.0
SC-120,2026-07-22 10:00:00,14.26,10.05,29.5,90.0
SC-120,2026-07-22 10:30:00,14.61,11.02,24.56,90.0
SC-120,2026-07-22 11:00:00,14.27,10.76,24.6,90.0
SC-120,2026-07-22 11:30:00,15.49,11.07,28.53,90.0
SC-120,2026-07-22 12:00:00,17.46,12.12,30.6,90.0
SC-120,2026-07-22 12:30:00,15.28,10.81,29.25,90.0
SC-120,2026-07-22 13:00:00,13.32,9.94,25.34,90.0
SC-120,2026-07-22 13:30:00,13.93,9.51,31.77,90.0
SC-120,2026-07-22 14:00:00,12.46,8.69,30.24,90.0
SC-120,2026-07-22 14:30:00,11.47,7.6,33.74,90.0
SC-120,2026-07-22 15:00:00,11.79,8.66,26.56,90.0
SC-120,2026-07-22 15:30:00,10.14,7.46,26.43,90.0
SC-120,2026-07-23 08:00:00,6.98,4.95,29.15,90.0
SC-120,2026-07-23 08:30:00,9.77,7.42,24.03,90.0
SC-120,2026-07-23 09:00:00,10.94,8.17,25.29,90.0
SC-120,2026-07-23 09:30:00,13.27,9.26,30.24,90.0
SC-120,2026-07-23 10:00:00,15.03,10.22,32.01,90.0
SC-120,2026-07-23 10:30:00,16.22,11.88,26.77,90.0
SC-120,2026-07-23 11:00:00,16.35,12.88,21.27,90.0
SC-120,2026-07-23 11:30:00,14.81,10.35,30.11,90.0
SC-120,2026-07-23 12:00:00,15.22,11.03,27.57,90.0
SC-120,2026-07-23 12:30:00,14.68,10.69,27.15,90.0
SC-120,2026-07-23 13:00:00,12.69,9.35,26.35,90.0
SC-120,2026-07-23 13:30:00,14.56,9.67,33.6,90.0
SC-120,2026-07-23 14:00:00,13.44,9.12,32.1,90.0
SC-120,2026-07-23 14:30:00,10.15,7.68,24.41,90.0
SC-120,2026-07-23 15:00:00,10.51,7.56,28.03,90.0
SC-120,2026-07-23 15:30:00,10.18,7.11,30.23,90.0
SC-120,2026-07-24 08:00:00,4.23,2.91,31.23,90.0
SC-120,2026-07-24 08:30:00,6.51,4.5,30.84,90.0
SC-120,2026-07-24 09:00:00,7.14,4.67,34.49,90.0
SC-120,2026-07-24 09:30:00,7.7,5.52,28.35,90.0
SC-120,2026-07-24 10:00:00,7.54,5.53,26.59,90.0
SC-120,2026-07-24 10:30:00,7.63,5.79,24.1,90.0
SC-120,2026-07-24 11:00:00,8.71,6.15,29.37,90.0
SC-120,2026-07-24 11:30:00,8.94,6.11,31.61,90.0
SC-120,2026-07-24 12:00:00,8.99,6.17,31.45,90.0
SC-120,2026-07-24 12:30:00,8.85,6.07,31.4,90.0
SC-120,2026-07-24 13:00:00,7.62,5.29,30.67,90.0
SC-120,2026-07-24 13:30:00,8.06,5.3,34.24,90.0
SC-120,2026-07-24 14:00:00,6.84,4.81,29.75,90.0
SC-120,2026-07-24 14:30:00,6.59,4.98,24.4,90.0
SC-120,2026-07-24 15:00:00,5.93,4.21,28.96,90.0
SC-120,2026-07-24 15:30:00,5.86,4.46,23.93,90.0
SC-120,2026-07-25 08:00:00,2.93,2.15,26.57,90.0
SC-120,2026-07-25 08:30:00,4.14,3.06,26.01,90.0
SC-120,2026-07-25 09:00:00,5.66,4.17,26.25,90.0
SC-120,2026-07-25 09:30:00,5.72,4.23,26.04,90.0
SC-120,2026-07-25 10:00:00,6.39,4.48,29.81,90.0
SC-120,2026-07-25 10:30:00,6.78,4.73,30.27,90.0
SC-120,2026-07-25 11:00:00,6.13,4.73,22.87,90.0
SC-120,2026-07-25 11:30:00,7.57,5.07,32.99,90.0
SC-120,2026-07-25 12:00:00,7.0,4.67,33.23,90.0
SC-120,2026-07-25 12:30:00,6.9,4.5,34.74,90.0
SC-120,2026-07-25 13:00:00,5.66,4.22,25.44,90.0
SC-120,2026-07-25 13:30:00,6.03,4.19,30.49,90.0
SC-120,2026-07-25 14:00:00,5.43,3.83,29.54,90.0
SC-120,2026-07-25 14:30:00,5.39,3.6,33.17,90.0
SC-120,2026-07-25 15:00:00,4.19,3.16,24.53,90.0
SC-120,2026-07-25 15:30:00,4.32,3.19,26.11,90.0
SC-120,2026-07-26 08:00:00,7.9,5.73,27.4,90.0
SC-120,2026-07-26 08:30:00,11.73,8.84,24.62,90.0
SC-120,2026-07-26 09:00:00,12.0,9.18,23.48,90.0
SC-120,2026-07-26 09:30:00,14.84,11.04,25.59,90.0
SC-120,2026-07-26 10:00:00,18.27,12.99,28.88,90.0
SC-120,2026-07-26 10:30:00,17.3,12.94,25.22,90.0
SC-120,2026-07-26 11:00:00,17.79,12.61,29.09,90.0
SC-120,2026-07-26 11:30:00,20.2,14.69,27.26,90.0
SC-120,2026-07-26 12:00:00,17.22,13.62,20.9,90.0
SC-120,2026-07-26 12:30:00,16.13,11.5,28.72,90.0
SC-120,2026-07-26 13:00:00,14.92,10.89,26.99,90.0
SC-120,2026-07-26 13:30:00,17.06,11.43,32.98,90.0
SC-120,2026-07-26 14:00:00,15.71,10.34,34.17,90.0
SC-120,2026-07-26 14:30:00,14.47,9.84,31.99,90.0
SC-120,2026-07-26 15:00:00,13.35,9.38,29.73,90.0
SC-120,2026-07-26 15:30:00,13.09,9.03,31.04,90.0
SC-120,2026-07-27 08:00:00,6.83,5.14,24.8,90.0
SC-120,2026-07-27 08:30:00,11.01,7.67,30.35,90.0
SC-120,2026-07-27 09:00:00,11.87,9.05,23.78,90.0
SC-120,2026-07-27 09:30:00,16.48,9.95,39.6,90.0
SC-120,2026-07-27 10:00:00,15.9,11.27,29.1,90.0
SC-120,2026-07-27 10:30:00,17.53,13.03,25.68,90.0
SC-120,2026-07-27 11:00:00,15.16,11.23,25.91,90.0
SC-120,2026-07-27 11:30:00,16.23,12.1,25.41,90.0
SC-120,2026-07-27 12:00:00,17.3,12.19,29.51,90.0
SC-120,2026-07-27 12:30:00,15.54,11.4,26.63,90.0
SC-120,2026-07-27 13:00:00,15.89,11.44,27.99,90.0
SC-120,2026-07-27 13:30:00,14.14,9.88,30.12,90.0
SC-120,2026-07-27 14:00:00,13.45,9.57,28.84,90.0
SC-120,2026-07-27 14:30:00,13.31,9.79,26.43,90.0
SC-120,2026-07-27 15:00:00,10.89,8.17,24.97,90.0
SC-120,2026-07-27 15:30:00,11.19,7.43,33.61,90.0
